district,year,owner,aca_dyw
Kreis 1,2021,cooperative housing,1.9323
Kreis 1,2021,private housing,1.3516
Kreis 1,2022,cooperative housing,1.9366
Kreis 1,2022,private housing,1.3518
Kreis 1,2023,cooperative housing,1.9409
Kreis 1,2023,private housing,1.3521
Kreis 1,2024,cooperative housing,1.9452
Kreis 1,2024,private housing,1.3523
Kreis 1,2025,cooperative housing,1.9495
Kreis 1,2025,private housing,1.3526
Kreis 1,2026,cooperative housing,1.9538
Kreis 1,2026,private housing,1.3528
Kreis 1,2027,cooperative housing,1.9581
Kreis 1,2027,private housing,1.3531
Kreis 1,2028,cooperative housing,1.9624
Kreis 1,2028,private housing,1.3533
Kreis 1,2029,cooperative housing,1.9667
Kreis 1,2029,private housing,1.3536
Kreis 1,2030,cooperative housing,1.971
Kreis 1,2030,private housing,1.3538
Kreis 1,2031,cooperative housing,1.9753
Kreis 1,2031,private housing,1.3541
Kreis 1,2032,cooperative housing,1.9796
Kreis 1,2032,private housing,1.3543
Kreis 1,2033,cooperative housing,1.9839
Kreis 1,2033,private housing,1.3546
Kreis 1,2034,cooperative housing,1.9882
Kreis 1,2034,private housing,1.3548
Kreis 1,2035,cooperative housing,1.9925
Kreis 1,2035,private housing,1.3551
Kreis 1,2036,cooperative housing,1.9968
Kreis 1,2036,private housing,1.3553
Kreis 1,2037,cooperative housing,2.0011
Kreis 1,2037,private housing,1.3556
Kreis 1,2038,cooperative housing,2.0054
Kreis 1,2038,private housing,1.3558
Kreis 1,2039,cooperative housing,2.0097
Kreis 1,2039,private housing,1.3561
Kreis 1,2040,cooperative housing,2.014
Kreis 1,2040,private housing,1.3563
Kreis 1,2041,cooperative housing,2.0182
Kreis 1,2041,private housing,1.3566
Kreis 1,2042,cooperative housing,2.0225
Kreis 1,2042,private housing,1.3568
Kreis 1,2043,cooperative housing,2.0268
Kreis 1,2043,private housing,1.3571
Kreis 1,2044,cooperative housing,2.0311
Kreis 1,2044,private housing,1.3573
Kreis 1,2045,cooperative housing,2.0354
Kreis 1,2045,private housing,1.3576
Kreis 1,2046,cooperative housing,2.0397
Kreis 1,2046,private housing,1.3578
Kreis 1,2047,cooperative housing,2.044
Kreis 1,2047,private housing,1.3581
Kreis 1,2048,cooperative housing,2.0483
Kreis 1,2048,private housing,1.3583
Kreis 1,2049,cooperative housing,2.0526
Kreis 1,2049,private housing,1.3586
Kreis 1,2050,cooperative housing,2.0569
Kreis 1,2050,private housing,1.3588
Wollishofen,2021,cooperative housing,2.2175
Wollishofen,2021,private housing,1.7491
Wollishofen,2022,cooperative housing,2.2231
Wollishofen,2022,private housing,1.7524
Wollishofen,2023,cooperative housing,2.2288
Wollishofen,2023,private housing,1.7556
Wollishofen,2024,cooperative housing,2.2345
Wollishofen,2024,private housing,1.7589
Wollishofen,2025,cooperative housing,2.2402
Wollishofen,2025,private housing,1.7621
Wollishofen,2026,cooperative housing,2.2458
Wollishofen,2026,private housing,1.7653
Wollishofen,2027,cooperative housing,2.2515
Wollishofen,2027,private housing,1.7686
Wollishofen,2028,cooperative housing,2.2572
Wollishofen,2028,private housing,1.7718
Wollishofen,2029,cooperative housing,2.2629
Wollishofen,2029,private housing,1.7751
Wollishofen,2030,cooperative housing,2.2685
Wollishofen,2030,private housing,1.7783
Wollishofen,2031,cooperative housing,2.2742
Wollishofen,2031,private housing,1.7815
Wollishofen,2032,cooperative housing,2.2799
Wollishofen,2032,private housing,1.7848
Wollishofen,2033,cooperative housing,2.2856
Wollishofen,2033,private housing,1.788
Wollishofen,2034,cooperative housing,2.2913
Wollishofen,2034,private housing,1.7913
Wollishofen,2035,cooperative housing,2.2969
Wollishofen,2035,private housing,1.7945
Wollishofen,2036,cooperative housing,2.3026
Wollishofen,2036,private housing,1.7977
Wollishofen,2037,cooperative housing,2.3083
Wollishofen,2037,private housing,1.801
Wollishofen,2038,cooperative housing,2.314
Wollishofen,2038,private housing,1.8042
Wollishofen,2039,cooperative housing,2.3196
Wollishofen,2039,private housing,1.8075
Wollishofen,2040,cooperative housing,2.3253
Wollishofen,2040,private housing,1.8107
Wollishofen,2041,cooperative housing,2.331
Wollishofen,2041,private housing,1.814
Wollishofen,2042,cooperative housing,2.3367
Wollishofen,2042,private housing,1.8172
Wollishofen,2043,cooperative housing,2.3424
Wollishofen,2043,private housing,1.8204
Wollishofen,2044,cooperative housing,2.348
Wollishofen,2044,private housing,1.8237
Wollishofen,2045,cooperative housing,2.3537
Wollishofen,2045,private housing,1.8269
Wollishofen,2046,cooperative housing,2.3594
Wollishofen,2046,private housing,1.8302
Wollishofen,2047,cooperative housing,2.3651
Wollishofen,2047,private housing,1.8334
Wollishofen,2048,cooperative housing,2.3707
Wollishofen,2048,private housing,1.8366
Wollishofen,2049,cooperative housing,2.3764
Wollishofen,2049,private housing,1.8399
Wollishofen,2050,cooperative housing,2.3821
Wollishofen,2050,private housing,1.8431
Leimbach,2021,cooperative housing,2.4767
Leimbach,2021,private housing,2.0257
Leimbach,2022,cooperative housing,2.4792
Leimbach,2022,private housing,2.0271
Leimbach,2023,cooperative housing,2.4817
Leimbach,2023,private housing,2.0284
Leimbach,2024,cooperative housing,2.4842
Leimbach,2024,private housing,2.0298
Leimbach,2025,cooperative housing,2.4868
Leimbach,2025,private housing,2.0311
Leimbach,2026,cooperative housing,2.4893
Leimbach,2026,private housing,2.0324
Leimbach,2027,cooperative housing,2.4918
Leimbach,2027,private housing,2.0338
Leimbach,2028,cooperative housing,2.4943
Leimbach,2028,private housing,2.0351
Leimbach,2029,cooperative housing,2.4968
Leimbach,2029,private housing,2.0365
Leimbach,2030,cooperative housing,2.4993
Leimbach,2030,private housing,2.0378
Leimbach,2031,cooperative housing,2.5019
Leimbach,2031,private housing,2.0392
Leimbach,2032,cooperative housing,2.5044
Leimbach,2032,private housing,2.0405
Leimbach,2033,cooperative housing,2.5069
Leimbach,2033,private housing,2.0419
Leimbach,2034,cooperative housing,2.5094
Leimbach,2034,private housing,2.0432
Leimbach,2035,cooperative housing,2.5119
Leimbach,2035,private housing,2.0446
Leimbach,2036,cooperative housing,2.5145
Leimbach,2036,private housing,2.0459
Leimbach,2037,cooperative housing,2.517
Leimbach,2037,private housing,2.0472
Leimbach,2038,cooperative housing,2.5195
Leimbach,2038,private housing,2.0486
Leimbach,2039,cooperative housing,2.522
Leimbach,2039,private housing,2.0499
Leimbach,2040,cooperative housing,2.5245
Leimbach,2040,private housing,2.0513
Leimbach,2041,cooperative housing,2.5271
Leimbach,2041,private housing,2.0526
Leimbach,2042,cooperative housing,2.5296
Leimbach,2042,private housing,2.054
Leimbach,2043,cooperative housing,2.5321
Leimbach,2043,private housing,2.0553
Leimbach,2044,cooperative housing,2.5346
Leimbach,2044,private housing,2.0567
Leimbach,2045,cooperative housing,2.5371
Leimbach,2045,private housing,2.058
Leimbach,2046,cooperative housing,2.5397
Leimbach,2046,private housing,2.0593
Leimbach,2047,cooperative housing,2.5422
Leimbach,2047,private housing,2.0607
Leimbach,2048,cooperative housing,2.5447
Leimbach,2048,private housing,2.062
Leimbach,2049,cooperative housing,2.5472
Leimbach,2049,private housing,2.0634
Leimbach,2050,cooperative housing,2.5497
Leimbach,2050,private housing,2.0647
Enge,2021,cooperative housing,2.2078
Enge,2021,private housing,1.7402
Enge,2022,cooperative housing,2.2094
Enge,2022,private housing,1.7431
Enge,2023,cooperative housing,2.2111
Enge,2023,private housing,1.746
Enge,2024,cooperative housing,2.2128
Enge,2024,private housing,1.7488
Enge,2025,cooperative housing,2.2145
Enge,2025,private housing,1.7517
Enge,2026,cooperative housing,2.2162
Enge,2026,private housing,1.7545
Enge,2027,cooperative housing,2.2179
Enge,2027,private housing,1.7574
Enge,2028,cooperative housing,2.2196
Enge,2028,private housing,1.7602
Enge,2029,cooperative housing,2.2212
Enge,2029,private housing,1.7631
Enge,2030,cooperative housing,2.2229
Enge,2030,private housing,1.766
Enge,2031,cooperative housing,2.2246
Enge,2031,private housing,1.7688
Enge,2032,cooperative housing,2.2263
Enge,2032,private housing,1.7717
Enge,2033,cooperative housing,2.228
Enge,2033,private housing,1.7745
Enge,2034,cooperative housing,2.2297
Enge,2034,private housing,1.7774
Enge,2035,cooperative housing,2.2314
Enge,2035,private housing,1.7802
Enge,2036,cooperative housing,2.233
Enge,2036,private housing,1.7831
Enge,2037,cooperative housing,2.2347
Enge,2037,private housing,1.786
Enge,2038,cooperative housing,2.2364
Enge,2038,private housing,1.7888
Enge,2039,cooperative housing,2.2381
Enge,2039,private housing,1.7917
Enge,2040,cooperative housing,2.2398
Enge,2040,private housing,1.7945
Enge,2041,cooperative housing,2.2415
Enge,2041,private housing,1.7974
Enge,2042,cooperative housing,2.2431
Enge,2042,private housing,1.8002
Enge,2043,cooperative housing,2.2448
Enge,2043,private housing,1.8031
Enge,2044,cooperative housing,2.2465
Enge,2044,private housing,1.806
Enge,2045,cooperative housing,2.2482
Enge,2045,private housing,1.8088
Enge,2046,cooperative housing,2.2499
Enge,2046,private housing,1.8117
Enge,2047,cooperative housing,2.2516
Enge,2047,private housing,1.8145
Enge,2048,cooperative housing,2.2533
Enge,2048,private housing,1.8174
Enge,2049,cooperative housing,2.2549
Enge,2049,private housing,1.8203
Enge,2050,cooperative housing,2.2566
Enge,2050,private housing,1.8231
Alt-Wiedikon,2021,cooperative housing,1.9293
Alt-Wiedikon,2021,private housing,1.725
Alt-Wiedikon,2022,cooperative housing,1.9311
Alt-Wiedikon,2022,private housing,1.7262
Alt-Wiedikon,2023,cooperative housing,1.9328
Alt-Wiedikon,2023,private housing,1.7274
Alt-Wiedikon,2024,cooperative housing,1.9345
Alt-Wiedikon,2024,private housing,1.7285
Alt-Wiedikon,2025,cooperative housing,1.9363
Alt-Wiedikon,2025,private housing,1.7297
Alt-Wiedikon,2026,cooperative housing,1.938
Alt-Wiedikon,2026,private housing,1.7309
Alt-Wiedikon,2027,cooperative housing,1.9397
Alt-Wiedikon,2027,private housing,1.7321
Alt-Wiedikon,2028,cooperative housing,1.9415
Alt-Wiedikon,2028,private housing,1.7333
Alt-Wiedikon,2029,cooperative housing,1.9432
Alt-Wiedikon,2029,private housing,1.7345
Alt-Wiedikon,2030,cooperative housing,1.945
Alt-Wiedikon,2030,private housing,1.7357
Alt-Wiedikon,2031,cooperative housing,1.9467
Alt-Wiedikon,2031,private housing,1.7369
Alt-Wiedikon,2032,cooperative housing,1.9484
Alt-Wiedikon,2032,private housing,1.7381
Alt-Wiedikon,2033,cooperative housing,1.9502
Alt-Wiedikon,2033,private housing,1.7392
Alt-Wiedikon,2034,cooperative housing,1.9519
Alt-Wiedikon,2034,private housing,1.7404
Alt-Wiedikon,2035,cooperative housing,1.9536
Alt-Wiedikon,2035,private housing,1.7416
Alt-Wiedikon,2036,cooperative housing,1.9554
Alt-Wiedikon,2036,private housing,1.7428
Alt-Wiedikon,2037,cooperative housing,1.9571
Alt-Wiedikon,2037,private housing,1.744
Alt-Wiedikon,2038,cooperative housing,1.9588
Alt-Wiedikon,2038,private housing,1.7452
Alt-Wiedikon,2039,cooperative housing,1.9606
Alt-Wiedikon,2039,private housing,1.7464
Alt-Wiedikon,2040,cooperative housing,1.9623
Alt-Wiedikon,2040,private housing,1.7476
Alt-Wiedikon,2041,cooperative housing,1.9641
Alt-Wiedikon,2041,private housing,1.7487
Alt-Wiedikon,2042,cooperative housing,1.9658
Alt-Wiedikon,2042,private housing,1.7499
Alt-Wiedikon,2043,cooperative housing,1.9675
Alt-Wiedikon,2043,private housing,1.7511
Alt-Wiedikon,2044,cooperative housing,1.9693
Alt-Wiedikon,2044,private housing,1.7523
Alt-Wiedikon,2045,cooperative housing,1.971
Alt-Wiedikon,2045,private housing,1.7535
Alt-Wiedikon,2046,cooperative housing,1.9727
Alt-Wiedikon,2046,private housing,1.7547
Alt-Wiedikon,2047,cooperative housing,1.9745
Alt-Wiedikon,2047,private housing,1.7559
Alt-Wiedikon,2048,cooperative housing,1.9762
Alt-Wiedikon,2048,private housing,1.7571
Alt-Wiedikon,2049,cooperative housing,1.9779
Alt-Wiedikon,2049,private housing,1.7583
Alt-Wiedikon,2050,cooperative housing,1.9797
Alt-Wiedikon,2050,private housing,1.7594
Friesenberg,2021,cooperative housing,2.6895
Friesenberg,2021,private housing,1.8482
Friesenberg,2022,cooperative housing,2.6895
Friesenberg,2022,private housing,1.8482
Friesenberg,2023,cooperative housing,2.6896
Friesenberg,2023,private housing,1.8483
Friesenberg,2024,cooperative housing,2.6896
Friesenberg,2024,private housing,1.8484
Friesenberg,2025,cooperative housing,2.6897
Friesenberg,2025,private housing,1.8484
Friesenberg,2026,cooperative housing,2.6898
Friesenberg,2026,private housing,1.8485
Friesenberg,2027,cooperative housing,2.6898
Friesenberg,2027,private housing,1.8485
Friesenberg,2028,cooperative housing,2.6899
Friesenberg,2028,private housing,1.8486
Friesenberg,2029,cooperative housing,2.6899
Friesenberg,2029,private housing,1.8486
Friesenberg,2030,cooperative housing,2.69
Friesenberg,2030,private housing,1.8487
Friesenberg,2031,cooperative housing,2.6901
Friesenberg,2031,private housing,1.8487
Friesenberg,2032,cooperative housing,2.6901
Friesenberg,2032,private housing,1.8488
Friesenberg,2033,cooperative housing,2.6902
Friesenberg,2033,private housing,1.8488
Friesenberg,2034,cooperative housing,2.6902
Friesenberg,2034,private housing,1.8489
Friesenberg,2035,cooperative housing,2.6903
Friesenberg,2035,private housing,1.849
Friesenberg,2036,cooperative housing,2.6904
Friesenberg,2036,private housing,1.849
Friesenberg,2037,cooperative housing,2.6904
Friesenberg,2037,private housing,1.8491
Friesenberg,2038,cooperative housing,2.6905
Friesenberg,2038,private housing,1.8491
Friesenberg,2039,cooperative housing,2.6905
Friesenberg,2039,private housing,1.8492
Friesenberg,2040,cooperative housing,2.6906
Friesenberg,2040,private housing,1.8492
Friesenberg,2041,cooperative housing,2.6906
Friesenberg,2041,private housing,1.8493
Friesenberg,2042,cooperative housing,2.6907
Friesenberg,2042,private housing,1.8493
Friesenberg,2043,cooperative housing,2.6908
Friesenberg,2043,private housing,1.8494
Friesenberg,2044,cooperative housing,2.6908
Friesenberg,2044,private housing,1.8494
Friesenberg,2045,cooperative housing,2.6909
Friesenberg,2045,private housing,1.8495
Friesenberg,2046,cooperative housing,2.6909
Friesenberg,2046,private housing,1.8495
Friesenberg,2047,cooperative housing,2.691
Friesenberg,2047,private housing,1.8496
Friesenberg,2048,cooperative housing,2.6911
Friesenberg,2048,private housing,1.8497
Friesenberg,2049,cooperative housing,2.6911
Friesenberg,2049,private housing,1.8497
Friesenberg,2050,cooperative housing,2.6912
Friesenberg,2050,private housing,1.8498000000000001
Sihlfeld,2021,cooperative housing,1.9931
Sihlfeld,2021,private housing,1.6812
Sihlfeld,2022,cooperative housing,1.9953
Sihlfeld,2022,private housing,1.6814
Sihlfeld,2023,cooperative housing,1.9976
Sihlfeld,2023,private housing,1.6815
Sihlfeld,2024,cooperative housing,1.9998
Sihlfeld,2024,private housing,1.6817
Sihlfeld,2025,cooperative housing,2.0021
Sihlfeld,2025,private housing,1.6818
Sihlfeld,2026,cooperative housing,2.0043
Sihlfeld,2026,private housing,1.682
Sihlfeld,2027,cooperative housing,2.0065
Sihlfeld,2027,private housing,1.6822
Sihlfeld,2028,cooperative housing,2.0088
Sihlfeld,2028,private housing,1.6823
Sihlfeld,2029,cooperative housing,2.011
Sihlfeld,2029,private housing,1.6825
Sihlfeld,2030,cooperative housing,2.0133
Sihlfeld,2030,private housing,1.6826
Sihlfeld,2031,cooperative housing,2.0155
Sihlfeld,2031,private housing,1.6828
Sihlfeld,2032,cooperative housing,2.0177
Sihlfeld,2032,private housing,1.683
Sihlfeld,2033,cooperative housing,2.02
Sihlfeld,2033,private housing,1.6831
Sihlfeld,2034,cooperative housing,2.0222
Sihlfeld,2034,private housing,1.6833
Sihlfeld,2035,cooperative housing,2.0245
Sihlfeld,2035,private housing,1.6834
Sihlfeld,2036,cooperative housing,2.0267
Sihlfeld,2036,private housing,1.6836
Sihlfeld,2037,cooperative housing,2.0289
Sihlfeld,2037,private housing,1.6838
Sihlfeld,2038,cooperative housing,2.0312
Sihlfeld,2038,private housing,1.6839
Sihlfeld,2039,cooperative housing,2.0334
Sihlfeld,2039,private housing,1.6841
Sihlfeld,2040,cooperative housing,2.0357
Sihlfeld,2040,private housing,1.6842
Sihlfeld,2041,cooperative housing,2.0379
Sihlfeld,2041,private housing,1.6844
Sihlfeld,2042,cooperative housing,2.0401
Sihlfeld,2042,private housing,1.6846
Sihlfeld,2043,cooperative housing,2.0424
Sihlfeld,2043,private housing,1.6847
Sihlfeld,2044,cooperative housing,2.0446
Sihlfeld,2044,private housing,1.6849
Sihlfeld,2045,cooperative housing,2.0469
Sihlfeld,2045,private housing,1.685
Sihlfeld,2046,cooperative housing,2.0491
Sihlfeld,2046,private housing,1.6852
Sihlfeld,2047,cooperative housing,2.0513
Sihlfeld,2047,private housing,1.6854
Sihlfeld,2048,cooperative housing,2.0536
Sihlfeld,2048,private housing,1.6855
Sihlfeld,2049,cooperative housing,2.0558
Sihlfeld,2049,private housing,1.6857
Sihlfeld,2050,cooperative housing,2.0581
Sihlfeld,2050,private housing,1.6858
Werd,2021,cooperative housing,2.2078
Werd,2021,private housing,1.795
Werd,2022,cooperative housing,2.2094
Werd,2022,private housing,1.795
Werd,2023,cooperative housing,2.2111
Werd,2023,private housing,1.795
Werd,2024,cooperative housing,2.2128
Werd,2024,private housing,1.7951
Werd,2025,cooperative housing,2.2145
Werd,2025,private housing,1.7951
Werd,2026,cooperative housing,2.2162
Werd,2026,private housing,1.7951
Werd,2027,cooperative housing,2.2179
Werd,2027,private housing,1.7951
Werd,2028,cooperative housing,2.2196
Werd,2028,private housing,1.7951
Werd,2029,cooperative housing,2.2212
Werd,2029,private housing,1.7952
Werd,2030,cooperative housing,2.2229
Werd,2030,private housing,1.7952
Werd,2031,cooperative housing,2.2246
Werd,2031,private housing,1.7952
Werd,2032,cooperative housing,2.2263
Werd,2032,private housing,1.7952
Werd,2033,cooperative housing,2.228
Werd,2033,private housing,1.7952
Werd,2034,cooperative housing,2.2297
Werd,2034,private housing,1.7953
Werd,2035,cooperative housing,2.2314
Werd,2035,private housing,1.7953
Werd,2036,cooperative housing,2.233
Werd,2036,private housing,1.7953
Werd,2037,cooperative housing,2.2347
Werd,2037,private housing,1.7953
Werd,2038,cooperative housing,2.2364
Werd,2038,private housing,1.7953
Werd,2039,cooperative housing,2.2381
Werd,2039,private housing,1.7954
Werd,2040,cooperative housing,2.2398
Werd,2040,private housing,1.7954
Werd,2041,cooperative housing,2.2415
Werd,2041,private housing,1.7954
Werd,2042,cooperative housing,2.2431
Werd,2042,private housing,1.7954
Werd,2043,cooperative housing,2.2448
Werd,2043,private housing,1.7954
Werd,2044,cooperative housing,2.2465
Werd,2044,private housing,1.7954
Werd,2045,cooperative housing,2.2482
Werd,2045,private housing,1.7955
Werd,2046,cooperative housing,2.2499
Werd,2046,private housing,1.7955
Werd,2047,cooperative housing,2.2516
Werd,2047,private housing,1.7955
Werd,2048,cooperative housing,2.2533
Werd,2048,private housing,1.7955
Werd,2049,cooperative housing,2.2549
Werd,2049,private housing,1.7955
Werd,2050,cooperative housing,2.2566
Werd,2050,private housing,1.7956
Langstrasse,2021,cooperative housing,1.9685
Langstrasse,2021,private housing,1.6258
Langstrasse,2022,cooperative housing,1.9676
Langstrasse,2022,private housing,1.624
Langstrasse,2023,cooperative housing,1.9668
Langstrasse,2023,private housing,1.6222
Langstrasse,2024,cooperative housing,1.9659
Langstrasse,2024,private housing,1.6204
Langstrasse,2025,cooperative housing,1.9651
Langstrasse,2025,private housing,1.6185
Langstrasse,2026,cooperative housing,1.9643
Langstrasse,2026,private housing,1.6167
Langstrasse,2027,cooperative housing,1.9634
Langstrasse,2027,private housing,1.6149
Langstrasse,2028,cooperative housing,1.9626
Langstrasse,2028,private housing,1.6131
Langstrasse,2029,cooperative housing,1.9617
Langstrasse,2029,private housing,1.6113
Langstrasse,2030,cooperative housing,1.9609
Langstrasse,2030,private housing,1.6095
Langstrasse,2031,cooperative housing,1.9601
Langstrasse,2031,private housing,1.6077
Langstrasse,2032,cooperative housing,1.9592
Langstrasse,2032,private housing,1.6058
Langstrasse,2033,cooperative housing,1.9584
Langstrasse,2033,private housing,1.604
Langstrasse,2034,cooperative housing,1.9576
Langstrasse,2034,private housing,1.6022
Langstrasse,2035,cooperative housing,1.9567
Langstrasse,2035,private housing,1.6004
Langstrasse,2036,cooperative housing,1.9559
Langstrasse,2036,private housing,1.5986
Langstrasse,2037,cooperative housing,1.955
Langstrasse,2037,private housing,1.5968
Langstrasse,2038,cooperative housing,1.9542
Langstrasse,2038,private housing,1.5949
Langstrasse,2039,cooperative housing,1.9534
Langstrasse,2039,private housing,1.5931
Langstrasse,2040,cooperative housing,1.9525
Langstrasse,2040,private housing,1.5913
Langstrasse,2041,cooperative housing,1.9517
Langstrasse,2041,private housing,1.5895
Langstrasse,2042,cooperative housing,1.9508
Langstrasse,2042,private housing,1.5877
Langstrasse,2043,cooperative housing,1.95
Langstrasse,2043,private housing,1.5859
Langstrasse,2044,cooperative housing,1.9492
Langstrasse,2044,private housing,1.5841
Langstrasse,2045,cooperative housing,1.9483
Langstrasse,2045,private housing,1.5822
Langstrasse,2046,cooperative housing,1.9475
Langstrasse,2046,private housing,1.5804
Langstrasse,2047,cooperative housing,1.9466
Langstrasse,2047,private housing,1.5786
Langstrasse,2048,cooperative housing,1.9458
Langstrasse,2048,private housing,1.5768
Langstrasse,2049,cooperative housing,1.945
Langstrasse,2049,private housing,1.575
Langstrasse,2050,cooperative housing,1.9441
Langstrasse,2050,private housing,1.5732
Hard,2021,cooperative housing,1.9491
Hard,2021,private housing,1.7829
Hard,2022,cooperative housing,1.9505
Hard,2022,private housing,1.7786
Hard,2023,cooperative housing,1.9519
Hard,2023,private housing,1.7743
Hard,2024,cooperative housing,1.9534
Hard,2024,private housing,1.77
Hard,2025,cooperative housing,1.9548
Hard,2025,private housing,1.7657
Hard,2026,cooperative housing,1.9562
Hard,2026,private housing,1.7614
Hard,2027,cooperative housing,1.9576
Hard,2027,private housing,1.7571
Hard,2028,cooperative housing,1.959
Hard,2028,private housing,1.7528
Hard,2029,cooperative housing,1.9604
Hard,2029,private housing,1.7484
Hard,2030,cooperative housing,1.9618
Hard,2030,private housing,1.7441
Hard,2031,cooperative housing,1.9632
Hard,2031,private housing,1.7398
Hard,2032,cooperative housing,1.9646
Hard,2032,private housing,1.7355
Hard,2033,cooperative housing,1.966
Hard,2033,private housing,1.7312
Hard,2034,cooperative housing,1.9674
Hard,2034,private housing,1.7269
Hard,2035,cooperative housing,1.9688
Hard,2035,private housing,1.7226
Hard,2036,cooperative housing,1.9702
Hard,2036,private housing,1.7183
Hard,2037,cooperative housing,1.9716
Hard,2037,private housing,1.714
Hard,2038,cooperative housing,1.973
Hard,2038,private housing,1.7097
Hard,2039,cooperative housing,1.9745
Hard,2039,private housing,1.7054
Hard,2040,cooperative housing,1.9759
Hard,2040,private housing,1.7011
Hard,2041,cooperative housing,1.9773
Hard,2041,private housing,1.6968
Hard,2042,cooperative housing,1.9787
Hard,2042,private housing,1.6924
Hard,2043,cooperative housing,1.9801
Hard,2043,private housing,1.6881
Hard,2044,cooperative housing,1.9815
Hard,2044,private housing,1.6838
Hard,2045,cooperative housing,1.9829
Hard,2045,private housing,1.6795
Hard,2046,cooperative housing,1.9843
Hard,2046,private housing,1.6752
Hard,2047,cooperative housing,1.9857
Hard,2047,private housing,1.6709
Hard,2048,cooperative housing,1.9871
Hard,2048,private housing,1.6666
Hard,2049,cooperative housing,1.9885
Hard,2049,private housing,1.6623000000000001
Hard,2050,cooperative housing,1.9899
Hard,2050,private housing,1.658
Gewerbeschule,2021,cooperative housing,2.0674
Gewerbeschule,2021,private housing,1.7251
Gewerbeschule,2022,cooperative housing,2.0657
Gewerbeschule,2022,private housing,1.7231
Gewerbeschule,2023,cooperative housing,2.0639
Gewerbeschule,2023,private housing,1.7212
Gewerbeschule,2024,cooperative housing,2.0622
Gewerbeschule,2024,private housing,1.7193
Gewerbeschule,2025,cooperative housing,2.0604
Gewerbeschule,2025,private housing,1.7173
Gewerbeschule,2026,cooperative housing,2.0587
Gewerbeschule,2026,private housing,1.7154
Gewerbeschule,2027,cooperative housing,2.0569
Gewerbeschule,2027,private housing,1.7134
Gewerbeschule,2028,cooperative housing,2.0552
Gewerbeschule,2028,private housing,1.7115
Gewerbeschule,2029,cooperative housing,2.0534
Gewerbeschule,2029,private housing,1.7095
Gewerbeschule,2030,cooperative housing,2.0517
Gewerbeschule,2030,private housing,1.7076
Gewerbeschule,2031,cooperative housing,2.0499
Gewerbeschule,2031,private housing,1.7057
Gewerbeschule,2032,cooperative housing,2.0482
Gewerbeschule,2032,private housing,1.7037
Gewerbeschule,2033,cooperative housing,2.0464
Gewerbeschule,2033,private housing,1.7018
Gewerbeschule,2034,cooperative housing,2.0447
Gewerbeschule,2034,private housing,1.6998
Gewerbeschule,2035,cooperative housing,2.0429
Gewerbeschule,2035,private housing,1.6979
Gewerbeschule,2036,cooperative housing,2.0412
Gewerbeschule,2036,private housing,1.6959
Gewerbeschule,2037,cooperative housing,2.0394
Gewerbeschule,2037,private housing,1.694
Gewerbeschule,2038,cooperative housing,2.0377
Gewerbeschule,2038,private housing,1.692
Gewerbeschule,2039,cooperative housing,2.0359
Gewerbeschule,2039,private housing,1.6901
Gewerbeschule,2040,cooperative housing,2.0342
Gewerbeschule,2040,private housing,1.6882
Gewerbeschule,2041,cooperative housing,2.0324
Gewerbeschule,2041,private housing,1.6862
Gewerbeschule,2042,cooperative housing,2.0307
Gewerbeschule,2042,private housing,1.6843
Gewerbeschule,2043,cooperative housing,2.0289
Gewerbeschule,2043,private housing,1.6823
Gewerbeschule,2044,cooperative housing,2.0272
Gewerbeschule,2044,private housing,1.6804
Gewerbeschule,2045,cooperative housing,2.0254
Gewerbeschule,2045,private housing,1.6784
Gewerbeschule,2046,cooperative housing,2.0237
Gewerbeschule,2046,private housing,1.6765
Gewerbeschule,2047,cooperative housing,2.0219
Gewerbeschule,2047,private housing,1.6746
Gewerbeschule,2048,cooperative housing,2.0202
Gewerbeschule,2048,private housing,1.6726
Gewerbeschule,2049,cooperative housing,2.0184
Gewerbeschule,2049,private housing,1.6707
Gewerbeschule,2050,cooperative housing,2.0167
Gewerbeschule,2050,private housing,1.6687
Escher Wyss,2021,cooperative housing,2.2078
Escher Wyss,2021,private housing,1.7922
Escher Wyss,2022,cooperative housing,2.2094
Escher Wyss,2022,private housing,1.7922
Escher Wyss,2023,cooperative housing,2.2111
Escher Wyss,2023,private housing,1.7922
Escher Wyss,2024,cooperative housing,2.2128
Escher Wyss,2024,private housing,1.7922
Escher Wyss,2025,cooperative housing,2.2145
Escher Wyss,2025,private housing,1.7922
Escher Wyss,2026,cooperative housing,2.2162
Escher Wyss,2026,private housing,1.7922
Escher Wyss,2027,cooperative housing,2.2179
Escher Wyss,2027,private housing,1.7922
Escher Wyss,2028,cooperative housing,2.2196
Escher Wyss,2028,private housing,1.7922
Escher Wyss,2029,cooperative housing,2.2212
Escher Wyss,2029,private housing,1.7922
Escher Wyss,2030,cooperative housing,2.2229
Escher Wyss,2030,private housing,1.7922
Escher Wyss,2031,cooperative housing,2.2246
Escher Wyss,2031,private housing,1.7922
Escher Wyss,2032,cooperative housing,2.2263
Escher Wyss,2032,private housing,1.7922
Escher Wyss,2033,cooperative housing,2.228
Escher Wyss,2033,private housing,1.7922
Escher Wyss,2034,cooperative housing,2.2297
Escher Wyss,2034,private housing,1.7922
Escher Wyss,2035,cooperative housing,2.2314
Escher Wyss,2035,private housing,1.7922
Escher Wyss,2036,cooperative housing,2.233
Escher Wyss,2036,private housing,1.7922
Escher Wyss,2037,cooperative housing,2.2347
Escher Wyss,2037,private housing,1.7922
Escher Wyss,2038,cooperative housing,2.2364
Escher Wyss,2038,private housing,1.7922
Escher Wyss,2039,cooperative housing,2.2381
Escher Wyss,2039,private housing,1.7922
Escher Wyss,2040,cooperative housing,2.2398
Escher Wyss,2040,private housing,1.7922
Escher Wyss,2041,cooperative housing,2.2415
Escher Wyss,2041,private housing,1.7922
Escher Wyss,2042,cooperative housing,2.2431
Escher Wyss,2042,private housing,1.7922
Escher Wyss,2043,cooperative housing,2.2448
Escher Wyss,2043,private housing,1.7922
Escher Wyss,2044,cooperative housing,2.2465
Escher Wyss,2044,private housing,1.7922
Escher Wyss,2045,cooperative housing,2.2482
Escher Wyss,2045,private housing,1.7922
Escher Wyss,2046,cooperative housing,2.2499
Escher Wyss,2046,private housing,1.7922
Escher Wyss,2047,cooperative housing,2.2516
Escher Wyss,2047,private housing,1.7922
Escher Wyss,2048,cooperative housing,2.2533
Escher Wyss,2048,private housing,1.7922
Escher Wyss,2049,cooperative housing,2.2549
Escher Wyss,2049,private housing,1.7922
Escher Wyss,2050,cooperative housing,2.2566
Escher Wyss,2050,private housing,1.7922
Unterstrass,2021,cooperative housing,2.1498
Unterstrass,2021,private housing,1.716
Unterstrass,2022,cooperative housing,2.1536
Unterstrass,2022,private housing,1.7189
Unterstrass,2023,cooperative housing,2.1574
Unterstrass,2023,private housing,1.7218
Unterstrass,2024,cooperative housing,2.1612
Unterstrass,2024,private housing,1.7247
Unterstrass,2025,cooperative housing,2.1649
Unterstrass,2025,private housing,1.7276
Unterstrass,2026,cooperative housing,2.1687
Unterstrass,2026,private housing,1.7306
Unterstrass,2027,cooperative housing,2.1725
Unterstrass,2027,private housing,1.7335
Unterstrass,2028,cooperative housing,2.1762
Unterstrass,2028,private housing,1.7364
Unterstrass,2029,cooperative housing,2.18
Unterstrass,2029,private housing,1.7393
Unterstrass,2030,cooperative housing,2.1838
Unterstrass,2030,private housing,1.7422
Unterstrass,2031,cooperative housing,2.1876
Unterstrass,2031,private housing,1.7451
Unterstrass,2032,cooperative housing,2.1913
Unterstrass,2032,private housing,1.748
Unterstrass,2033,cooperative housing,2.1951
Unterstrass,2033,private housing,1.7509
Unterstrass,2034,cooperative housing,2.1989
Unterstrass,2034,private housing,1.7538
Unterstrass,2035,cooperative housing,2.2027
Unterstrass,2035,private housing,1.7567
Unterstrass,2036,cooperative housing,2.2064
Unterstrass,2036,private housing,1.7596
Unterstrass,2037,cooperative housing,2.2102
Unterstrass,2037,private housing,1.7625
Unterstrass,2038,cooperative housing,2.214
Unterstrass,2038,private housing,1.7655
Unterstrass,2039,cooperative housing,2.2177
Unterstrass,2039,private housing,1.7684
Unterstrass,2040,cooperative housing,2.2215
Unterstrass,2040,private housing,1.7713
Unterstrass,2041,cooperative housing,2.2253
Unterstrass,2041,private housing,1.7742
Unterstrass,2042,cooperative housing,2.2291
Unterstrass,2042,private housing,1.7771
Unterstrass,2043,cooperative housing,2.2328
Unterstrass,2043,private housing,1.78
Unterstrass,2044,cooperative housing,2.2366
Unterstrass,2044,private housing,1.7829
Unterstrass,2045,cooperative housing,2.2404
Unterstrass,2045,private housing,1.7858
Unterstrass,2046,cooperative housing,2.2442
Unterstrass,2046,private housing,1.7887
Unterstrass,2047,cooperative housing,2.2479
Unterstrass,2047,private housing,1.7916
Unterstrass,2048,cooperative housing,2.2517
Unterstrass,2048,private housing,1.7945
Unterstrass,2049,cooperative housing,2.2555
Unterstrass,2049,private housing,1.7974
Unterstrass,2050,cooperative housing,2.2593
Unterstrass,2050,private housing,1.8004
Oberstrass,2021,cooperative housing,2.2377
Oberstrass,2021,private housing,1.8417
Oberstrass,2022,cooperative housing,2.2358
Oberstrass,2022,private housing,1.8434
Oberstrass,2023,cooperative housing,2.2339
Oberstrass,2023,private housing,1.8452
Oberstrass,2024,cooperative housing,2.2319
Oberstrass,2024,private housing,1.847
Oberstrass,2025,cooperative housing,2.23
Oberstrass,2025,private housing,1.8488
Oberstrass,2026,cooperative housing,2.228
Oberstrass,2026,private housing,1.8506
Oberstrass,2027,cooperative housing,2.2261
Oberstrass,2027,private housing,1.8523
Oberstrass,2028,cooperative housing,2.2242
Oberstrass,2028,private housing,1.8541
Oberstrass,2029,cooperative housing,2.2222
Oberstrass,2029,private housing,1.8559
Oberstrass,2030,cooperative housing,2.2203
Oberstrass,2030,private housing,1.8577
Oberstrass,2031,cooperative housing,2.2184
Oberstrass,2031,private housing,1.8595
Oberstrass,2032,cooperative housing,2.2164
Oberstrass,2032,private housing,1.8612
Oberstrass,2033,cooperative housing,2.2145
Oberstrass,2033,private housing,1.863
Oberstrass,2034,cooperative housing,2.2125
Oberstrass,2034,private housing,1.8648
Oberstrass,2035,cooperative housing,2.2106
Oberstrass,2035,private housing,1.8666
Oberstrass,2036,cooperative housing,2.2087
Oberstrass,2036,private housing,1.8683
Oberstrass,2037,cooperative housing,2.2067
Oberstrass,2037,private housing,1.8701
Oberstrass,2038,cooperative housing,2.2048
Oberstrass,2038,private housing,1.8719
Oberstrass,2039,cooperative housing,2.2029
Oberstrass,2039,private housing,1.8737
Oberstrass,2040,cooperative housing,2.2009
Oberstrass,2040,private housing,1.8755
Oberstrass,2041,cooperative housing,2.199
Oberstrass,2041,private housing,1.8772
Oberstrass,2042,cooperative housing,2.1971
Oberstrass,2042,private housing,1.879
Oberstrass,2043,cooperative housing,2.1951
Oberstrass,2043,private housing,1.8808
Oberstrass,2044,cooperative housing,2.1932
Oberstrass,2044,private housing,1.8826
Oberstrass,2045,cooperative housing,2.1912
Oberstrass,2045,private housing,1.8843
Oberstrass,2046,cooperative housing,2.1893
Oberstrass,2046,private housing,1.8861
Oberstrass,2047,cooperative housing,2.1874
Oberstrass,2047,private housing,1.8879
Oberstrass,2048,cooperative housing,2.1854
Oberstrass,2048,private housing,1.8897
Oberstrass,2049,cooperative housing,2.1835
Oberstrass,2049,private housing,1.8915
Oberstrass,2050,cooperative housing,2.1816
Oberstrass,2050,private housing,1.8932
Fluntern,2021,cooperative housing,2.2078
Fluntern,2021,private housing,1.9295
Fluntern,2022,cooperative housing,2.2094
Fluntern,2022,private housing,1.9308
Fluntern,2023,cooperative housing,2.2111
Fluntern,2023,private housing,1.9321
Fluntern,2024,cooperative housing,2.2128
Fluntern,2024,private housing,1.9334
Fluntern,2025,cooperative housing,2.2145
Fluntern,2025,private housing,1.9347
Fluntern,2026,cooperative housing,2.2162
Fluntern,2026,private housing,1.936
Fluntern,2027,cooperative housing,2.2179
Fluntern,2027,private housing,1.9373
Fluntern,2028,cooperative housing,2.2196
Fluntern,2028,private housing,1.9386
Fluntern,2029,cooperative housing,2.2212
Fluntern,2029,private housing,1.9399
Fluntern,2030,cooperative housing,2.2229
Fluntern,2030,private housing,1.9412
Fluntern,2031,cooperative housing,2.2246
Fluntern,2031,private housing,1.9425
Fluntern,2032,cooperative housing,2.2263
Fluntern,2032,private housing,1.9438
Fluntern,2033,cooperative housing,2.228
Fluntern,2033,private housing,1.9451
Fluntern,2034,cooperative housing,2.2297
Fluntern,2034,private housing,1.9464
Fluntern,2035,cooperative housing,2.2314
Fluntern,2035,private housing,1.9477
Fluntern,2036,cooperative housing,2.233
Fluntern,2036,private housing,1.949
Fluntern,2037,cooperative housing,2.2347
Fluntern,2037,private housing,1.9503
Fluntern,2038,cooperative housing,2.2364
Fluntern,2038,private housing,1.9516
Fluntern,2039,cooperative housing,2.2381
Fluntern,2039,private housing,1.9529
Fluntern,2040,cooperative housing,2.2398
Fluntern,2040,private housing,1.9542
Fluntern,2041,cooperative housing,2.2415
Fluntern,2041,private housing,1.9555
Fluntern,2042,cooperative housing,2.2431
Fluntern,2042,private housing,1.9568
Fluntern,2043,cooperative housing,2.2448
Fluntern,2043,private housing,1.9581
Fluntern,2044,cooperative housing,2.2465
Fluntern,2044,private housing,1.9594
Fluntern,2045,cooperative housing,2.2482
Fluntern,2045,private housing,1.9607
Fluntern,2046,cooperative housing,2.2499
Fluntern,2046,private housing,1.962
Fluntern,2047,cooperative housing,2.2516
Fluntern,2047,private housing,1.9633
Fluntern,2048,cooperative housing,2.2533
Fluntern,2048,private housing,1.9646
Fluntern,2049,cooperative housing,2.2549
Fluntern,2049,private housing,1.9659
Fluntern,2050,cooperative housing,2.2566
Fluntern,2050,private housing,1.9672
Hottingen,2021,cooperative housing,2.2078
Hottingen,2021,private housing,1.8059
Hottingen,2022,cooperative housing,2.2094
Hottingen,2022,private housing,1.8091
Hottingen,2023,cooperative housing,2.2111
Hottingen,2023,private housing,1.8123
Hottingen,2024,cooperative housing,2.2128
Hottingen,2024,private housing,1.8156
Hottingen,2025,cooperative housing,2.2145
Hottingen,2025,private housing,1.8188
Hottingen,2026,cooperative housing,2.2162
Hottingen,2026,private housing,1.8221
Hottingen,2027,cooperative housing,2.2179
Hottingen,2027,private housing,1.8253
Hottingen,2028,cooperative housing,2.2196
Hottingen,2028,private housing,1.8285
Hottingen,2029,cooperative housing,2.2212
Hottingen,2029,private housing,1.8318
Hottingen,2030,cooperative housing,2.2229
Hottingen,2030,private housing,1.835
Hottingen,2031,cooperative housing,2.2246
Hottingen,2031,private housing,1.8383
Hottingen,2032,cooperative housing,2.2263
Hottingen,2032,private housing,1.8415
Hottingen,2033,cooperative housing,2.228
Hottingen,2033,private housing,1.8447
Hottingen,2034,cooperative housing,2.2297
Hottingen,2034,private housing,1.848
Hottingen,2035,cooperative housing,2.2314
Hottingen,2035,private housing,1.8512
Hottingen,2036,cooperative housing,2.233
Hottingen,2036,private housing,1.8545
Hottingen,2037,cooperative housing,2.2347
Hottingen,2037,private housing,1.8577
Hottingen,2038,cooperative housing,2.2364
Hottingen,2038,private housing,1.8609
Hottingen,2039,cooperative housing,2.2381
Hottingen,2039,private housing,1.8642
Hottingen,2040,cooperative housing,2.2398
Hottingen,2040,private housing,1.8674
Hottingen,2041,cooperative housing,2.2415
Hottingen,2041,private housing,1.8706
Hottingen,2042,cooperative housing,2.2431
Hottingen,2042,private housing,1.8739
Hottingen,2043,cooperative housing,2.2448
Hottingen,2043,private housing,1.8771
Hottingen,2044,cooperative housing,2.2465
Hottingen,2044,private housing,1.8804
Hottingen,2045,cooperative housing,2.2482
Hottingen,2045,private housing,1.8836
Hottingen,2046,cooperative housing,2.2499
Hottingen,2046,private housing,1.8868
Hottingen,2047,cooperative housing,2.2516
Hottingen,2047,private housing,1.8901
Hottingen,2048,cooperative housing,2.2533
Hottingen,2048,private housing,1.8933
Hottingen,2049,cooperative housing,2.2549
Hottingen,2049,private housing,1.8966
Hottingen,2050,cooperative housing,2.2566
Hottingen,2050,private housing,1.8998
Hirslanden,2021,cooperative housing,2.2078
Hirslanden,2021,private housing,1.7544
Hirslanden,2022,cooperative housing,2.2094
Hirslanden,2022,private housing,1.7555
Hirslanden,2023,cooperative housing,2.2111
Hirslanden,2023,private housing,1.7565
Hirslanden,2024,cooperative housing,2.2128
Hirslanden,2024,private housing,1.7576
Hirslanden,2025,cooperative housing,2.2145
Hirslanden,2025,private housing,1.7586
Hirslanden,2026,cooperative housing,2.2162
Hirslanden,2026,private housing,1.7597
Hirslanden,2027,cooperative housing,2.2179
Hirslanden,2027,private housing,1.7607
Hirslanden,2028,cooperative housing,2.2196
Hirslanden,2028,private housing,1.7618
Hirslanden,2029,cooperative housing,2.2212
Hirslanden,2029,private housing,1.7628
Hirslanden,2030,cooperative housing,2.2229
Hirslanden,2030,private housing,1.7639
Hirslanden,2031,cooperative housing,2.2246
Hirslanden,2031,private housing,1.7649
Hirslanden,2032,cooperative housing,2.2263
Hirslanden,2032,private housing,1.766
Hirslanden,2033,cooperative housing,2.228
Hirslanden,2033,private housing,1.767
Hirslanden,2034,cooperative housing,2.2297
Hirslanden,2034,private housing,1.7681
Hirslanden,2035,cooperative housing,2.2314
Hirslanden,2035,private housing,1.7692
Hirslanden,2036,cooperative housing,2.233
Hirslanden,2036,private housing,1.7702
Hirslanden,2037,cooperative housing,2.2347
Hirslanden,2037,private housing,1.7713
Hirslanden,2038,cooperative housing,2.2364
Hirslanden,2038,private housing,1.7723
Hirslanden,2039,cooperative housing,2.2381
Hirslanden,2039,private housing,1.7734
Hirslanden,2040,cooperative housing,2.2398
Hirslanden,2040,private housing,1.7744
Hirslanden,2041,cooperative housing,2.2415
Hirslanden,2041,private housing,1.7755
Hirslanden,2042,cooperative housing,2.2431
Hirslanden,2042,private housing,1.7765
Hirslanden,2043,cooperative housing,2.2448
Hirslanden,2043,private housing,1.7776
Hirslanden,2044,cooperative housing,2.2465
Hirslanden,2044,private housing,1.7786
Hirslanden,2045,cooperative housing,2.2482
Hirslanden,2045,private housing,1.7797
Hirslanden,2046,cooperative housing,2.2499
Hirslanden,2046,private housing,1.7807
Hirslanden,2047,cooperative housing,2.2516
Hirslanden,2047,private housing,1.7818
Hirslanden,2048,cooperative housing,2.2533
Hirslanden,2048,private housing,1.7829
Hirslanden,2049,cooperative housing,2.2549
Hirslanden,2049,private housing,1.7839
Hirslanden,2050,cooperative housing,2.2566
Hirslanden,2050,private housing,1.785
Witikon,2021,cooperative housing,2.2078
Witikon,2021,private housing,1.8086
Witikon,2022,cooperative housing,2.2094
Witikon,2022,private housing,1.8097
Witikon,2023,cooperative housing,2.2111
Witikon,2023,private housing,1.8108
Witikon,2024,cooperative housing,2.2128
Witikon,2024,private housing,1.8119
Witikon,2025,cooperative housing,2.2145
Witikon,2025,private housing,1.813
Witikon,2026,cooperative housing,2.2162
Witikon,2026,private housing,1.8141
Witikon,2027,cooperative housing,2.2179
Witikon,2027,private housing,1.8152
Witikon,2028,cooperative housing,2.2196
Witikon,2028,private housing,1.8163
Witikon,2029,cooperative housing,2.2212
Witikon,2029,private housing,1.8174
Witikon,2030,cooperative housing,2.2229
Witikon,2030,private housing,1.8185
Witikon,2031,cooperative housing,2.2246
Witikon,2031,private housing,1.8196
Witikon,2032,cooperative housing,2.2263
Witikon,2032,private housing,1.8207
Witikon,2033,cooperative housing,2.228
Witikon,2033,private housing,1.8219
Witikon,2034,cooperative housing,2.2297
Witikon,2034,private housing,1.823
Witikon,2035,cooperative housing,2.2314
Witikon,2035,private housing,1.8241
Witikon,2036,cooperative housing,2.233
Witikon,2036,private housing,1.8252
Witikon,2037,cooperative housing,2.2347
Witikon,2037,private housing,1.8263
Witikon,2038,cooperative housing,2.2364
Witikon,2038,private housing,1.8274
Witikon,2039,cooperative housing,2.2381
Witikon,2039,private housing,1.8285
Witikon,2040,cooperative housing,2.2398
Witikon,2040,private housing,1.8296
Witikon,2041,cooperative housing,2.2415
Witikon,2041,private housing,1.8307
Witikon,2042,cooperative housing,2.2431
Witikon,2042,private housing,1.8318
Witikon,2043,cooperative housing,2.2448
Witikon,2043,private housing,1.8329
Witikon,2044,cooperative housing,2.2465
Witikon,2044,private housing,1.834
Witikon,2045,cooperative housing,2.2482
Witikon,2045,private housing,1.8351
Witikon,2046,cooperative housing,2.2499
Witikon,2046,private housing,1.8362
Witikon,2047,cooperative housing,2.2516
Witikon,2047,private housing,1.8373
Witikon,2048,cooperative housing,2.2533
Witikon,2048,private housing,1.8384
Witikon,2049,cooperative housing,2.2549
Witikon,2049,private housing,1.8395
Witikon,2050,cooperative housing,2.2566
Witikon,2050,private housing,1.8406
Seefeld,2021,cooperative housing,2.2078
Seefeld,2021,private housing,1.4396
Seefeld,2022,cooperative housing,2.2094
Seefeld,2022,private housing,1.442
Seefeld,2023,cooperative housing,2.2111
Seefeld,2023,private housing,1.4445
Seefeld,2024,cooperative housing,2.2128
Seefeld,2024,private housing,1.4469
Seefeld,2025,cooperative housing,2.2145
Seefeld,2025,private housing,1.4494
Seefeld,2026,cooperative housing,2.2162
Seefeld,2026,private housing,1.4518
Seefeld,2027,cooperative housing,2.2179
Seefeld,2027,private housing,1.4542
Seefeld,2028,cooperative housing,2.2196
Seefeld,2028,private housing,1.4567
Seefeld,2029,cooperative housing,2.2212
Seefeld,2029,private housing,1.4591
Seefeld,2030,cooperative housing,2.2229
Seefeld,2030,private housing,1.4616
Seefeld,2031,cooperative housing,2.2246
Seefeld,2031,private housing,1.464
Seefeld,2032,cooperative housing,2.2263
Seefeld,2032,private housing,1.4665
Seefeld,2033,cooperative housing,2.228
Seefeld,2033,private housing,1.4689
Seefeld,2034,cooperative housing,2.2297
Seefeld,2034,private housing,1.4714
Seefeld,2035,cooperative housing,2.2314
Seefeld,2035,private housing,1.4738
Seefeld,2036,cooperative housing,2.233
Seefeld,2036,private housing,1.4763
Seefeld,2037,cooperative housing,2.2347
Seefeld,2037,private housing,1.4787
Seefeld,2038,cooperative housing,2.2364
Seefeld,2038,private housing,1.4812
Seefeld,2039,cooperative housing,2.2381
Seefeld,2039,private housing,1.4836
Seefeld,2040,cooperative housing,2.2398
Seefeld,2040,private housing,1.486
Seefeld,2041,cooperative housing,2.2415
Seefeld,2041,private housing,1.4885
Seefeld,2042,cooperative housing,2.2431
Seefeld,2042,private housing,1.4909
Seefeld,2043,cooperative housing,2.2448
Seefeld,2043,private housing,1.4934
Seefeld,2044,cooperative housing,2.2465
Seefeld,2044,private housing,1.4958
Seefeld,2045,cooperative housing,2.2482
Seefeld,2045,private housing,1.4983
Seefeld,2046,cooperative housing,2.2499
Seefeld,2046,private housing,1.5007
Seefeld,2047,cooperative housing,2.2516
Seefeld,2047,private housing,1.5032
Seefeld,2048,cooperative housing,2.2533
Seefeld,2048,private housing,1.5056
Seefeld,2049,cooperative housing,2.2549
Seefeld,2049,private housing,1.5081
Seefeld,2050,cooperative housing,2.2566
Seefeld,2050,private housing,1.5105
Muehlebach,2021,cooperative housing,2.2078
Muehlebach,2021,private housing,1.5395
Muehlebach,2022,cooperative housing,2.2094
Muehlebach,2022,private housing,1.5426
Muehlebach,2023,cooperative housing,2.2111
Muehlebach,2023,private housing,1.5457
Muehlebach,2024,cooperative housing,2.2128
Muehlebach,2024,private housing,1.5488
Muehlebach,2025,cooperative housing,2.2145
Muehlebach,2025,private housing,1.5518
Muehlebach,2026,cooperative housing,2.2162
Muehlebach,2026,private housing,1.5549
Muehlebach,2027,cooperative housing,2.2179
Muehlebach,2027,private housing,1.558
Muehlebach,2028,cooperative housing,2.2196
Muehlebach,2028,private housing,1.5611
Muehlebach,2029,cooperative housing,2.2212
Muehlebach,2029,private housing,1.5642
Muehlebach,2030,cooperative housing,2.2229
Muehlebach,2030,private housing,1.5673
Muehlebach,2031,cooperative housing,2.2246
Muehlebach,2031,private housing,1.5704
Muehlebach,2032,cooperative housing,2.2263
Muehlebach,2032,private housing,1.5734
Muehlebach,2033,cooperative housing,2.228
Muehlebach,2033,private housing,1.5765
Muehlebach,2034,cooperative housing,2.2297
Muehlebach,2034,private housing,1.5796
Muehlebach,2035,cooperative housing,2.2314
Muehlebach,2035,private housing,1.5827
Muehlebach,2036,cooperative housing,2.233
Muehlebach,2036,private housing,1.5858
Muehlebach,2037,cooperative housing,2.2347
Muehlebach,2037,private housing,1.5889
Muehlebach,2038,cooperative housing,2.2364
Muehlebach,2038,private housing,1.5919
Muehlebach,2039,cooperative housing,2.2381
Muehlebach,2039,private housing,1.595
Muehlebach,2040,cooperative housing,2.2398
Muehlebach,2040,private housing,1.5981
Muehlebach,2041,cooperative housing,2.2415
Muehlebach,2041,private housing,1.6012
Muehlebach,2042,cooperative housing,2.2431
Muehlebach,2042,private housing,1.6043
Muehlebach,2043,cooperative housing,2.2448
Muehlebach,2043,private housing,1.6074
Muehlebach,2044,cooperative housing,2.2465
Muehlebach,2044,private housing,1.6105
Muehlebach,2045,cooperative housing,2.2482
Muehlebach,2045,private housing,1.6135
Muehlebach,2046,cooperative housing,2.2499
Muehlebach,2046,private housing,1.6166
Muehlebach,2047,cooperative housing,2.2516
Muehlebach,2047,private housing,1.6197
Muehlebach,2048,cooperative housing,2.2533
Muehlebach,2048,private housing,1.6228
Muehlebach,2049,cooperative housing,2.2549
Muehlebach,2049,private housing,1.6259
Muehlebach,2050,cooperative housing,2.2566
Muehlebach,2050,private housing,1.629
Weinegg,2021,cooperative housing,2.2078
Weinegg,2021,private housing,1.8563
Weinegg,2022,cooperative housing,2.2094
Weinegg,2022,private housing,1.8585
Weinegg,2023,cooperative housing,2.2111
Weinegg,2023,private housing,1.8607
Weinegg,2024,cooperative housing,2.2128
Weinegg,2024,private housing,1.8628
Weinegg,2025,cooperative housing,2.2145
Weinegg,2025,private housing,1.865
Weinegg,2026,cooperative housing,2.2162
Weinegg,2026,private housing,1.8671
Weinegg,2027,cooperative housing,2.2179
Weinegg,2027,private housing,1.8693
Weinegg,2028,cooperative housing,2.2196
Weinegg,2028,private housing,1.8714
Weinegg,2029,cooperative housing,2.2212
Weinegg,2029,private housing,1.8736
Weinegg,2030,cooperative housing,2.2229
Weinegg,2030,private housing,1.8758
Weinegg,2031,cooperative housing,2.2246
Weinegg,2031,private housing,1.8779
Weinegg,2032,cooperative housing,2.2263
Weinegg,2032,private housing,1.8801
Weinegg,2033,cooperative housing,2.228
Weinegg,2033,private housing,1.8822
Weinegg,2034,cooperative housing,2.2297
Weinegg,2034,private housing,1.8844
Weinegg,2035,cooperative housing,2.2314
Weinegg,2035,private housing,1.8865
Weinegg,2036,cooperative housing,2.233
Weinegg,2036,private housing,1.8887
Weinegg,2037,cooperative housing,2.2347
Weinegg,2037,private housing,1.8908
Weinegg,2038,cooperative housing,2.2364
Weinegg,2038,private housing,1.893
Weinegg,2039,cooperative housing,2.2381
Weinegg,2039,private housing,1.8952
Weinegg,2040,cooperative housing,2.2398
Weinegg,2040,private housing,1.8973
Weinegg,2041,cooperative housing,2.2415
Weinegg,2041,private housing,1.8995
Weinegg,2042,cooperative housing,2.2431
Weinegg,2042,private housing,1.9016
Weinegg,2043,cooperative housing,2.2448
Weinegg,2043,private housing,1.9038
Weinegg,2044,cooperative housing,2.2465
Weinegg,2044,private housing,1.9059
Weinegg,2045,cooperative housing,2.2482
Weinegg,2045,private housing,1.9081
Weinegg,2046,cooperative housing,2.2499
Weinegg,2046,private housing,1.9103
Weinegg,2047,cooperative housing,2.2516
Weinegg,2047,private housing,1.9124
Weinegg,2048,cooperative housing,2.2533
Weinegg,2048,private housing,1.9146
Weinegg,2049,cooperative housing,2.2549
Weinegg,2049,private housing,1.9167
Weinegg,2050,cooperative housing,2.2566
Weinegg,2050,private housing,1.9189
Albisrieden,2021,cooperative housing,2.0388
Albisrieden,2021,private housing,1.7974
Albisrieden,2022,cooperative housing,2.0407
Albisrieden,2022,private housing,1.7996
Albisrieden,2023,cooperative housing,2.0426
Albisrieden,2023,private housing,1.8018
Albisrieden,2024,cooperative housing,2.0445
Albisrieden,2024,private housing,1.804
Albisrieden,2025,cooperative housing,2.0464
Albisrieden,2025,private housing,1.8062
Albisrieden,2026,cooperative housing,2.0483
Albisrieden,2026,private housing,1.8084
Albisrieden,2027,cooperative housing,2.0502
Albisrieden,2027,private housing,1.8106
Albisrieden,2028,cooperative housing,2.0521
Albisrieden,2028,private housing,1.8128
Albisrieden,2029,cooperative housing,2.054
Albisrieden,2029,private housing,1.815
Albisrieden,2030,cooperative housing,2.0559
Albisrieden,2030,private housing,1.8172
Albisrieden,2031,cooperative housing,2.0578
Albisrieden,2031,private housing,1.8194
Albisrieden,2032,cooperative housing,2.0596
Albisrieden,2032,private housing,1.8216
Albisrieden,2033,cooperative housing,2.0615
Albisrieden,2033,private housing,1.8238
Albisrieden,2034,cooperative housing,2.0634
Albisrieden,2034,private housing,1.826
Albisrieden,2035,cooperative housing,2.0653
Albisrieden,2035,private housing,1.8282
Albisrieden,2036,cooperative housing,2.0672
Albisrieden,2036,private housing,1.8304
Albisrieden,2037,cooperative housing,2.0691
Albisrieden,2037,private housing,1.8326
Albisrieden,2038,cooperative housing,2.071
Albisrieden,2038,private housing,1.8348
Albisrieden,2039,cooperative housing,2.0729
Albisrieden,2039,private housing,1.837
Albisrieden,2040,cooperative housing,2.0748
Albisrieden,2040,private housing,1.8392
Albisrieden,2041,cooperative housing,2.0767
Albisrieden,2041,private housing,1.8414
Albisrieden,2042,cooperative housing,2.0786
Albisrieden,2042,private housing,1.8436
Albisrieden,2043,cooperative housing,2.0805
Albisrieden,2043,private housing,1.8458
Albisrieden,2044,cooperative housing,2.0824
Albisrieden,2044,private housing,1.848
Albisrieden,2045,cooperative housing,2.0843
Albisrieden,2045,private housing,1.8503
Albisrieden,2046,cooperative housing,2.0862
Albisrieden,2046,private housing,1.8525
Albisrieden,2047,cooperative housing,2.088
Albisrieden,2047,private housing,1.8547
Albisrieden,2048,cooperative housing,2.0899
Albisrieden,2048,private housing,1.8569
Albisrieden,2049,cooperative housing,2.0918
Albisrieden,2049,private housing,1.8591
Albisrieden,2050,cooperative housing,2.0937
Albisrieden,2050,private housing,1.8613
Altstetten,2021,cooperative housing,2.1995
Altstetten,2021,private housing,1.8014
Altstetten,2022,cooperative housing,2.2023
Altstetten,2022,private housing,1.7993
Altstetten,2023,cooperative housing,2.2052
Altstetten,2023,private housing,1.7971
Altstetten,2024,cooperative housing,2.208
Altstetten,2024,private housing,1.7949
Altstetten,2025,cooperative housing,2.2108
Altstetten,2025,private housing,1.7927
Altstetten,2026,cooperative housing,2.2137
Altstetten,2026,private housing,1.7906
Altstetten,2027,cooperative housing,2.2165
Altstetten,2027,private housing,1.7884
Altstetten,2028,cooperative housing,2.2193
Altstetten,2028,private housing,1.7862
Altstetten,2029,cooperative housing,2.2222
Altstetten,2029,private housing,1.7841
Altstetten,2030,cooperative housing,2.225
Altstetten,2030,private housing,1.7819
Altstetten,2031,cooperative housing,2.2278
Altstetten,2031,private housing,1.7797
Altstetten,2032,cooperative housing,2.2307
Altstetten,2032,private housing,1.7775
Altstetten,2033,cooperative housing,2.2335
Altstetten,2033,private housing,1.7754
Altstetten,2034,cooperative housing,2.2363
Altstetten,2034,private housing,1.7732
Altstetten,2035,cooperative housing,2.2392
Altstetten,2035,private housing,1.771
Altstetten,2036,cooperative housing,2.242
Altstetten,2036,private housing,1.7688
Altstetten,2037,cooperative housing,2.2449
Altstetten,2037,private housing,1.7667
Altstetten,2038,cooperative housing,2.2477
Altstetten,2038,private housing,1.7645
Altstetten,2039,cooperative housing,2.2505
Altstetten,2039,private housing,1.7623
Altstetten,2040,cooperative housing,2.2534
Altstetten,2040,private housing,1.7602
Altstetten,2041,cooperative housing,2.2562
Altstetten,2041,private housing,1.758
Altstetten,2042,cooperative housing,2.259
Altstetten,2042,private housing,1.7558
Altstetten,2043,cooperative housing,2.2619
Altstetten,2043,private housing,1.7536
Altstetten,2044,cooperative housing,2.2647
Altstetten,2044,private housing,1.7515
Altstetten,2045,cooperative housing,2.2675
Altstetten,2045,private housing,1.7493
Altstetten,2046,cooperative housing,2.2704
Altstetten,2046,private housing,1.7471
Altstetten,2047,cooperative housing,2.2732
Altstetten,2047,private housing,1.745
Altstetten,2048,cooperative housing,2.276
Altstetten,2048,private housing,1.7428
Altstetten,2049,cooperative housing,2.2789
Altstetten,2049,private housing,1.7406
Altstetten,2050,cooperative housing,2.2817
Altstetten,2050,private housing,1.7384
Hoengg,2021,cooperative housing,2.274
Hoengg,2021,private housing,1.8626
Hoengg,2022,cooperative housing,2.2784
Hoengg,2022,private housing,1.8659
Hoengg,2023,cooperative housing,2.2827
Hoengg,2023,private housing,1.8693
Hoengg,2024,cooperative housing,2.2871
Hoengg,2024,private housing,1.8726
Hoengg,2025,cooperative housing,2.2914
Hoengg,2025,private housing,1.8759
Hoengg,2026,cooperative housing,2.2958
Hoengg,2026,private housing,1.8792
Hoengg,2027,cooperative housing,2.3001
Hoengg,2027,private housing,1.8826
Hoengg,2028,cooperative housing,2.3045
Hoengg,2028,private housing,1.8859
Hoengg,2029,cooperative housing,2.3088
Hoengg,2029,private housing,1.8892
Hoengg,2030,cooperative housing,2.3132
Hoengg,2030,private housing,1.8925
Hoengg,2031,cooperative housing,2.3175
Hoengg,2031,private housing,1.8959
Hoengg,2032,cooperative housing,2.3219
Hoengg,2032,private housing,1.8992
Hoengg,2033,cooperative housing,2.3262
Hoengg,2033,private housing,1.9025
Hoengg,2034,cooperative housing,2.3306
Hoengg,2034,private housing,1.9059
Hoengg,2035,cooperative housing,2.3349
Hoengg,2035,private housing,1.9092
Hoengg,2036,cooperative housing,2.3393
Hoengg,2036,private housing,1.9125
Hoengg,2037,cooperative housing,2.3436
Hoengg,2037,private housing,1.9158
Hoengg,2038,cooperative housing,2.348
Hoengg,2038,private housing,1.9192
Hoengg,2039,cooperative housing,2.3523
Hoengg,2039,private housing,1.9225
Hoengg,2040,cooperative housing,2.3567
Hoengg,2040,private housing,1.9258
Hoengg,2041,cooperative housing,2.361
Hoengg,2041,private housing,1.9291
Hoengg,2042,cooperative housing,2.3654
Hoengg,2042,private housing,1.9325
Hoengg,2043,cooperative housing,2.3697
Hoengg,2043,private housing,1.9358
Hoengg,2044,cooperative housing,2.3741
Hoengg,2044,private housing,1.9391
Hoengg,2045,cooperative housing,2.3784
Hoengg,2045,private housing,1.9424
Hoengg,2046,cooperative housing,2.3828
Hoengg,2046,private housing,1.9458
Hoengg,2047,cooperative housing,2.3871000000000002
Hoengg,2047,private housing,1.9491
Hoengg,2048,cooperative housing,2.3915
Hoengg,2048,private housing,1.9524
Hoengg,2049,cooperative housing,2.3958
Hoengg,2049,private housing,1.9558
Hoengg,2050,cooperative housing,2.4002
Hoengg,2050,private housing,1.9591
Wipkingen,2021,cooperative housing,1.9589
Wipkingen,2021,private housing,1.7314
Wipkingen,2022,cooperative housing,1.9558
Wipkingen,2022,private housing,1.7332
Wipkingen,2023,cooperative housing,1.9528
Wipkingen,2023,private housing,1.7349
Wipkingen,2024,cooperative housing,1.9497
Wipkingen,2024,private housing,1.7367
Wipkingen,2025,cooperative housing,1.9467
Wipkingen,2025,private housing,1.7384
Wipkingen,2026,cooperative housing,1.9437
Wipkingen,2026,private housing,1.7402
Wipkingen,2027,cooperative housing,1.9406
Wipkingen,2027,private housing,1.7419
Wipkingen,2028,cooperative housing,1.9376
Wipkingen,2028,private housing,1.7436
Wipkingen,2029,cooperative housing,1.9345
Wipkingen,2029,private housing,1.7454
Wipkingen,2030,cooperative housing,1.9315
Wipkingen,2030,private housing,1.7471
Wipkingen,2031,cooperative housing,1.9284
Wipkingen,2031,private housing,1.7489
Wipkingen,2032,cooperative housing,1.9254
Wipkingen,2032,private housing,1.7506
Wipkingen,2033,cooperative housing,1.9223
Wipkingen,2033,private housing,1.7524
Wipkingen,2034,cooperative housing,1.9193
Wipkingen,2034,private housing,1.7541
Wipkingen,2035,cooperative housing,1.9163
Wipkingen,2035,private housing,1.7558
Wipkingen,2036,cooperative housing,1.9132
Wipkingen,2036,private housing,1.7576
Wipkingen,2037,cooperative housing,1.9102
Wipkingen,2037,private housing,1.7593
Wipkingen,2038,cooperative housing,1.9071
Wipkingen,2038,private housing,1.7611
Wipkingen,2039,cooperative housing,1.9041
Wipkingen,2039,private housing,1.7628
Wipkingen,2040,cooperative housing,1.901
Wipkingen,2040,private housing,1.7646
Wipkingen,2041,cooperative housing,1.898
Wipkingen,2041,private housing,1.7663
Wipkingen,2042,cooperative housing,1.8949
Wipkingen,2042,private housing,1.7681
Wipkingen,2043,cooperative housing,1.8919
Wipkingen,2043,private housing,1.7698
Wipkingen,2044,cooperative housing,1.8888
Wipkingen,2044,private housing,1.7715
Wipkingen,2045,cooperative housing,1.8858
Wipkingen,2045,private housing,1.7733
Wipkingen,2046,cooperative housing,1.8828
Wipkingen,2046,private housing,1.775
Wipkingen,2047,cooperative housing,1.8797
Wipkingen,2047,private housing,1.7768
Wipkingen,2048,cooperative housing,1.8767
Wipkingen,2048,private housing,1.7785
Wipkingen,2049,cooperative housing,1.8736
Wipkingen,2049,private housing,1.7803
Wipkingen,2050,cooperative housing,1.8706
Wipkingen,2050,private housing,1.782
Affoltern,2021,cooperative housing,2.338
Affoltern,2021,private housing,2.107
Affoltern,2022,cooperative housing,2.3373
Affoltern,2022,private housing,2.1095
Affoltern,2023,cooperative housing,2.3366
Affoltern,2023,private housing,2.1121
Affoltern,2024,cooperative housing,2.3358
Affoltern,2024,private housing,2.1146
Affoltern,2025,cooperative housing,2.3351
Affoltern,2025,private housing,2.1171
Affoltern,2026,cooperative housing,2.3344
Affoltern,2026,private housing,2.1197
Affoltern,2027,cooperative housing,2.3337
Affoltern,2027,private housing,2.1222
Affoltern,2028,cooperative housing,2.3329
Affoltern,2028,private housing,2.1247
Affoltern,2029,cooperative housing,2.3322
Affoltern,2029,private housing,2.1273
Affoltern,2030,cooperative housing,2.3315
Affoltern,2030,private housing,2.1298
Affoltern,2031,cooperative housing,2.3308
Affoltern,2031,private housing,2.1324
Affoltern,2032,cooperative housing,2.33
Affoltern,2032,private housing,2.1349
Affoltern,2033,cooperative housing,2.3293
Affoltern,2033,private housing,2.1374
Affoltern,2034,cooperative housing,2.3286
Affoltern,2034,private housing,2.14
Affoltern,2035,cooperative housing,2.3279
Affoltern,2035,private housing,2.1425
Affoltern,2036,cooperative housing,2.3271
Affoltern,2036,private housing,2.1451
Affoltern,2037,cooperative housing,2.3264
Affoltern,2037,private housing,2.1476
Affoltern,2038,cooperative housing,2.3257
Affoltern,2038,private housing,2.1501
Affoltern,2039,cooperative housing,2.325
Affoltern,2039,private housing,2.1527
Affoltern,2040,cooperative housing,2.3242
Affoltern,2040,private housing,2.1552
Affoltern,2041,cooperative housing,2.3235
Affoltern,2041,private housing,2.1577
Affoltern,2042,cooperative housing,2.3228
Affoltern,2042,private housing,2.1603
Affoltern,2043,cooperative housing,2.3221
Affoltern,2043,private housing,2.1628
Affoltern,2044,cooperative housing,2.3213
Affoltern,2044,private housing,2.1654
Affoltern,2045,cooperative housing,2.3206
Affoltern,2045,private housing,2.1679
Affoltern,2046,cooperative housing,2.3199
Affoltern,2046,private housing,2.1704
Affoltern,2047,cooperative housing,2.3192
Affoltern,2047,private housing,2.173
Affoltern,2048,cooperative housing,2.3184
Affoltern,2048,private housing,2.1755
Affoltern,2049,cooperative housing,2.3177
Affoltern,2049,private housing,2.178
Affoltern,2050,cooperative housing,2.317
Affoltern,2050,private housing,2.1806
Oerlikon,2021,cooperative housing,2.1734
Oerlikon,2021,private housing,1.8345
Oerlikon,2022,cooperative housing,2.1752
Oerlikon,2022,private housing,1.8354
Oerlikon,2023,cooperative housing,2.177
Oerlikon,2023,private housing,1.8364
Oerlikon,2024,cooperative housing,2.1788
Oerlikon,2024,private housing,1.8373
Oerlikon,2025,cooperative housing,2.1806
Oerlikon,2025,private housing,1.8383
Oerlikon,2026,cooperative housing,2.1824
Oerlikon,2026,private housing,1.8392
Oerlikon,2027,cooperative housing,2.1842
Oerlikon,2027,private housing,1.8402
Oerlikon,2028,cooperative housing,2.186
Oerlikon,2028,private housing,1.8411
Oerlikon,2029,cooperative housing,2.1878
Oerlikon,2029,private housing,1.8421
Oerlikon,2030,cooperative housing,2.1896
Oerlikon,2030,private housing,1.843
Oerlikon,2031,cooperative housing,2.1914
Oerlikon,2031,private housing,1.844
Oerlikon,2032,cooperative housing,2.1932
Oerlikon,2032,private housing,1.8449
Oerlikon,2033,cooperative housing,2.195
Oerlikon,2033,private housing,1.8459
Oerlikon,2034,cooperative housing,2.1968
Oerlikon,2034,private housing,1.8469
Oerlikon,2035,cooperative housing,2.1986
Oerlikon,2035,private housing,1.8478
Oerlikon,2036,cooperative housing,2.2004
Oerlikon,2036,private housing,1.8488
Oerlikon,2037,cooperative housing,2.2022
Oerlikon,2037,private housing,1.8497
Oerlikon,2038,cooperative housing,2.204
Oerlikon,2038,private housing,1.8507
Oerlikon,2039,cooperative housing,2.2058
Oerlikon,2039,private housing,1.8516
Oerlikon,2040,cooperative housing,2.2076
Oerlikon,2040,private housing,1.8526
Oerlikon,2041,cooperative housing,2.2094
Oerlikon,2041,private housing,1.8535
Oerlikon,2042,cooperative housing,2.2112
Oerlikon,2042,private housing,1.8545
Oerlikon,2043,cooperative housing,2.213
Oerlikon,2043,private housing,1.8554
Oerlikon,2044,cooperative housing,2.2148
Oerlikon,2044,private housing,1.8564
Oerlikon,2045,cooperative housing,2.2166
Oerlikon,2045,private housing,1.8573
Oerlikon,2046,cooperative housing,2.2184
Oerlikon,2046,private housing,1.8583
Oerlikon,2047,cooperative housing,2.2202
Oerlikon,2047,private housing,1.8592
Oerlikon,2048,cooperative housing,2.222
Oerlikon,2048,private housing,1.8602
Oerlikon,2049,cooperative housing,2.2238
Oerlikon,2049,private housing,1.8611
Oerlikon,2050,cooperative housing,2.2256
Oerlikon,2050,private housing,1.8621
Seebach,2021,cooperative housing,2.3406
Seebach,2021,private housing,1.9014
Seebach,2022,cooperative housing,2.3382
Seebach,2022,private housing,1.9022
Seebach,2023,cooperative housing,2.3358
Seebach,2023,private housing,1.9029
Seebach,2024,cooperative housing,2.3334
Seebach,2024,private housing,1.9036
Seebach,2025,cooperative housing,2.331
Seebach,2025,private housing,1.9044
Seebach,2026,cooperative housing,2.3286
Seebach,2026,private housing,1.9051
Seebach,2027,cooperative housing,2.3262
Seebach,2027,private housing,1.9059
Seebach,2028,cooperative housing,2.3238
Seebach,2028,private housing,1.9066
Seebach,2029,cooperative housing,2.3213
Seebach,2029,private housing,1.9073
Seebach,2030,cooperative housing,2.3189
Seebach,2030,private housing,1.9081
Seebach,2031,cooperative housing,2.3165
Seebach,2031,private housing,1.9088
Seebach,2032,cooperative housing,2.3141
Seebach,2032,private housing,1.9096
Seebach,2033,cooperative housing,2.3117
Seebach,2033,private housing,1.9103
Seebach,2034,cooperative housing,2.3093
Seebach,2034,private housing,1.9111
Seebach,2035,cooperative housing,2.3069
Seebach,2035,private housing,1.9118
Seebach,2036,cooperative housing,2.3045
Seebach,2036,private housing,1.9125
Seebach,2037,cooperative housing,2.302
Seebach,2037,private housing,1.9133
Seebach,2038,cooperative housing,2.2996
Seebach,2038,private housing,1.914
Seebach,2039,cooperative housing,2.2972
Seebach,2039,private housing,1.9148
Seebach,2040,cooperative housing,2.2948
Seebach,2040,private housing,1.9155
Seebach,2041,cooperative housing,2.2924
Seebach,2041,private housing,1.9163
Seebach,2042,cooperative housing,2.29
Seebach,2042,private housing,1.917
Seebach,2043,cooperative housing,2.2876
Seebach,2043,private housing,1.9177
Seebach,2044,cooperative housing,2.2852
Seebach,2044,private housing,1.9185
Seebach,2045,cooperative housing,2.2827
Seebach,2045,private housing,1.9192
Seebach,2046,cooperative housing,2.2803
Seebach,2046,private housing,1.92
Seebach,2047,cooperative housing,2.2779
Seebach,2047,private housing,1.9207
Seebach,2048,cooperative housing,2.2755
Seebach,2048,private housing,1.9215
Seebach,2049,cooperative housing,2.2731
Seebach,2049,private housing,1.9222
Seebach,2050,cooperative housing,2.2707
Seebach,2050,private housing,1.9229
Saatlen,2021,cooperative housing,2.6493
Saatlen,2021,private housing,1.9713
Saatlen,2022,cooperative housing,2.6522
Saatlen,2022,private housing,1.9685
Saatlen,2023,cooperative housing,2.6551
Saatlen,2023,private housing,1.9656
Saatlen,2024,cooperative housing,2.658
Saatlen,2024,private housing,1.9628
Saatlen,2025,cooperative housing,2.6609
Saatlen,2025,private housing,1.96
Saatlen,2026,cooperative housing,2.6638
Saatlen,2026,private housing,1.9572
Saatlen,2027,cooperative housing,2.6667
Saatlen,2027,private housing,1.9543
Saatlen,2028,cooperative housing,2.6696
Saatlen,2028,private housing,1.9515
Saatlen,2029,cooperative housing,2.6726
Saatlen,2029,private housing,1.9487
Saatlen,2030,cooperative housing,2.6755
Saatlen,2030,private housing,1.9459
Saatlen,2031,cooperative housing,2.6784
Saatlen,2031,private housing,1.943
Saatlen,2032,cooperative housing,2.6813
Saatlen,2032,private housing,1.9402
Saatlen,2033,cooperative housing,2.6842
Saatlen,2033,private housing,1.9374
Saatlen,2034,cooperative housing,2.6871
Saatlen,2034,private housing,1.9346
Saatlen,2035,cooperative housing,2.69
Saatlen,2035,private housing,1.9317
Saatlen,2036,cooperative housing,2.6929
Saatlen,2036,private housing,1.9289
Saatlen,2037,cooperative housing,2.6958
Saatlen,2037,private housing,1.9261
Saatlen,2038,cooperative housing,2.6987
Saatlen,2038,private housing,1.9233
Saatlen,2039,cooperative housing,2.7016
Saatlen,2039,private housing,1.9204
Saatlen,2040,cooperative housing,2.7046
Saatlen,2040,private housing,1.9176
Saatlen,2041,cooperative housing,2.7075
Saatlen,2041,private housing,1.9148
Saatlen,2042,cooperative housing,2.7104
Saatlen,2042,private housing,1.912
Saatlen,2043,cooperative housing,2.7133
Saatlen,2043,private housing,1.9091
Saatlen,2044,cooperative housing,2.7162
Saatlen,2044,private housing,1.9063
Saatlen,2045,cooperative housing,2.7191
Saatlen,2045,private housing,1.9035
Saatlen,2046,cooperative housing,2.722
Saatlen,2046,private housing,1.9007
Saatlen,2047,cooperative housing,2.7249
Saatlen,2047,private housing,1.8978
Saatlen,2048,cooperative housing,2.7278
Saatlen,2048,private housing,1.895
Saatlen,2049,cooperative housing,2.7307
Saatlen,2049,private housing,1.8922
Saatlen,2050,cooperative housing,2.7337
Saatlen,2050,private housing,1.8894
Schwamendingen-Mitte,2021,cooperative housing,1.9902
Schwamendingen-Mitte,2021,private housing,1.8312
Schwamendingen-Mitte,2022,cooperative housing,1.9884
Schwamendingen-Mitte,2022,private housing,1.831
Schwamendingen-Mitte,2023,cooperative housing,1.9866
Schwamendingen-Mitte,2023,private housing,1.8307
Schwamendingen-Mitte,2024,cooperative housing,1.9847
Schwamendingen-Mitte,2024,private housing,1.8304
Schwamendingen-Mitte,2025,cooperative housing,1.9829
Schwamendingen-Mitte,2025,private housing,1.8301
Schwamendingen-Mitte,2026,cooperative housing,1.9811
Schwamendingen-Mitte,2026,private housing,1.8299
Schwamendingen-Mitte,2027,cooperative housing,1.9793
Schwamendingen-Mitte,2027,private housing,1.8296
Schwamendingen-Mitte,2028,cooperative housing,1.9774
Schwamendingen-Mitte,2028,private housing,1.8293
Schwamendingen-Mitte,2029,cooperative housing,1.9756
Schwamendingen-Mitte,2029,private housing,1.829
Schwamendingen-Mitte,2030,cooperative housing,1.9738
Schwamendingen-Mitte,2030,private housing,1.8287
Schwamendingen-Mitte,2031,cooperative housing,1.972
Schwamendingen-Mitte,2031,private housing,1.8285
Schwamendingen-Mitte,2032,cooperative housing,1.9701
Schwamendingen-Mitte,2032,private housing,1.8282
Schwamendingen-Mitte,2033,cooperative housing,1.9683
Schwamendingen-Mitte,2033,private housing,1.8279
Schwamendingen-Mitte,2034,cooperative housing,1.9665
Schwamendingen-Mitte,2034,private housing,1.8276
Schwamendingen-Mitte,2035,cooperative housing,1.9647
Schwamendingen-Mitte,2035,private housing,1.8274
Schwamendingen-Mitte,2036,cooperative housing,1.9628
Schwamendingen-Mitte,2036,private housing,1.8271
Schwamendingen-Mitte,2037,cooperative housing,1.961
Schwamendingen-Mitte,2037,private housing,1.8268
Schwamendingen-Mitte,2038,cooperative housing,1.9592
Schwamendingen-Mitte,2038,private housing,1.8265
Schwamendingen-Mitte,2039,cooperative housing,1.9574
Schwamendingen-Mitte,2039,private housing,1.8262
Schwamendingen-Mitte,2040,cooperative housing,1.9555
Schwamendingen-Mitte,2040,private housing,1.826
Schwamendingen-Mitte,2041,cooperative housing,1.9537
Schwamendingen-Mitte,2041,private housing,1.8257
Schwamendingen-Mitte,2042,cooperative housing,1.9519
Schwamendingen-Mitte,2042,private housing,1.8254
Schwamendingen-Mitte,2043,cooperative housing,1.9501
Schwamendingen-Mitte,2043,private housing,1.8251
Schwamendingen-Mitte,2044,cooperative housing,1.9482
Schwamendingen-Mitte,2044,private housing,1.8248
Schwamendingen-Mitte,2045,cooperative housing,1.9464
Schwamendingen-Mitte,2045,private housing,1.8246
Schwamendingen-Mitte,2046,cooperative housing,1.9446
Schwamendingen-Mitte,2046,private housing,1.8243
Schwamendingen-Mitte,2047,cooperative housing,1.9428
Schwamendingen-Mitte,2047,private housing,1.824
Schwamendingen-Mitte,2048,cooperative housing,1.941
Schwamendingen-Mitte,2048,private housing,1.8237
Schwamendingen-Mitte,2049,cooperative housing,1.9391
Schwamendingen-Mitte,2049,private housing,1.8235
Schwamendingen-Mitte,2050,cooperative housing,1.9373
Schwamendingen-Mitte,2050,private housing,1.8232
Hirzenbach,2021,cooperative housing,2.1481
Hirzenbach,2021,private housing,2.0601
Hirzenbach,2022,cooperative housing,2.15
Hirzenbach,2022,private housing,2.0594
Hirzenbach,2023,cooperative housing,2.152
Hirzenbach,2023,private housing,2.0587
Hirzenbach,2024,cooperative housing,2.1539
Hirzenbach,2024,private housing,2.058
Hirzenbach,2025,cooperative housing,2.1559
Hirzenbach,2025,private housing,2.0572
Hirzenbach,2026,cooperative housing,2.1578
Hirzenbach,2026,private housing,2.0565
Hirzenbach,2027,cooperative housing,2.1598
Hirzenbach,2027,private housing,2.0558
Hirzenbach,2028,cooperative housing,2.1617
Hirzenbach,2028,private housing,2.0551
Hirzenbach,2029,cooperative housing,2.1637
Hirzenbach,2029,private housing,2.0543
Hirzenbach,2030,cooperative housing,2.1656
Hirzenbach,2030,private housing,2.0536
Hirzenbach,2031,cooperative housing,2.1676
Hirzenbach,2031,private housing,2.0529
Hirzenbach,2032,cooperative housing,2.1695
Hirzenbach,2032,private housing,2.0522
Hirzenbach,2033,cooperative housing,2.1715
Hirzenbach,2033,private housing,2.0514
Hirzenbach,2034,cooperative housing,2.1734
Hirzenbach,2034,private housing,2.0507
Hirzenbach,2035,cooperative housing,2.1754
Hirzenbach,2035,private housing,2.05
Hirzenbach,2036,cooperative housing,2.1773
Hirzenbach,2036,private housing,2.0493
Hirzenbach,2037,cooperative housing,2.1793
Hirzenbach,2037,private housing,2.0485
Hirzenbach,2038,cooperative housing,2.1812
Hirzenbach,2038,private housing,2.0478
Hirzenbach,2039,cooperative housing,2.1832
Hirzenbach,2039,private housing,2.0471
Hirzenbach,2040,cooperative housing,2.1851
Hirzenbach,2040,private housing,2.0464
Hirzenbach,2041,cooperative housing,2.187
Hirzenbach,2041,private housing,2.0456
Hirzenbach,2042,cooperative housing,2.189
Hirzenbach,2042,private housing,2.0449
Hirzenbach,2043,cooperative housing,2.1909
Hirzenbach,2043,private housing,2.0442
Hirzenbach,2044,cooperative housing,2.1929
Hirzenbach,2044,private housing,2.0435
Hirzenbach,2045,cooperative housing,2.1948
Hirzenbach,2045,private housing,2.0427
Hirzenbach,2046,cooperative housing,2.1968
Hirzenbach,2046,private housing,2.042
Hirzenbach,2047,cooperative housing,2.1987
Hirzenbach,2047,private housing,2.0413
Hirzenbach,2048,cooperative housing,2.2007
Hirzenbach,2048,private housing,2.0406
Hirzenbach,2049,cooperative housing,2.2026
Hirzenbach,2049,private housing,2.0398
Hirzenbach,2050,cooperative housing,2.2046
Hirzenbach,2050,private housing,2.0391
