district,year,origin,cha
Kreis 1,2021,Swiss,0
Kreis 1,2021,foreign,36.9635
Kreis 1,2022,Swiss,0
Kreis 1,2022,foreign,36.8803
Kreis 1,2023,Swiss,0
Kreis 1,2023,foreign,36.7971
Kreis 1,2024,Swiss,0
Kreis 1,2024,foreign,36.7138
Kreis 1,2025,Swiss,0
Kreis 1,2025,foreign,36.6306
Kreis 1,2026,Swiss,0
Kreis 1,2026,foreign,36.5474
Kreis 1,2027,Swiss,0
Kreis 1,2027,foreign,36.4641
Kreis 1,2028,Swiss,0
Kreis 1,2028,foreign,36.3809
Kreis 1,2029,Swiss,0
Kreis 1,2029,foreign,36.2977
Kreis 1,2030,Swiss,0
Kreis 1,2030,foreign,36.2144
Kreis 1,2031,Swiss,0
Kreis 1,2031,foreign,36.1312
Kreis 1,2032,Swiss,0
Kreis 1,2032,foreign,36.048
Kreis 1,2033,Swiss,0
Kreis 1,2033,foreign,35.9647
Kreis 1,2034,Swiss,0
Kreis 1,2034,foreign,35.8815
Kreis 1,2035,Swiss,0
Kreis 1,2035,foreign,35.7982
Kreis 1,2036,Swiss,0
Kreis 1,2036,foreign,35.715
Kreis 1,2037,Swiss,0
Kreis 1,2037,foreign,35.6318
Kreis 1,2038,Swiss,0
Kreis 1,2038,foreign,35.5485
Kreis 1,2039,Swiss,0
Kreis 1,2039,foreign,35.4653
Kreis 1,2040,Swiss,0
Kreis 1,2040,foreign,35.3821
Kreis 1,2041,Swiss,0
Kreis 1,2041,foreign,35.2988
Kreis 1,2042,Swiss,0
Kreis 1,2042,foreign,35.2156
Kreis 1,2043,Swiss,0
Kreis 1,2043,foreign,35.1324
Kreis 1,2044,Swiss,0
Kreis 1,2044,foreign,35.0491
Kreis 1,2045,Swiss,0
Kreis 1,2045,foreign,34.9659
Kreis 1,2046,Swiss,0
Kreis 1,2046,foreign,34.8826
Kreis 1,2047,Swiss,0
Kreis 1,2047,foreign,34.7994
Kreis 1,2048,Swiss,0
Kreis 1,2048,foreign,34.7162
Kreis 1,2049,Swiss,0
Kreis 1,2049,foreign,34.6329
Kreis 1,2050,Swiss,0
Kreis 1,2050,foreign,34.5497
Wollishofen,2021,Swiss,0.072
Wollishofen,2021,foreign,30.7202
Wollishofen,2022,Swiss,0.0714
Wollishofen,2022,foreign,30.5901
Wollishofen,2023,Swiss,0.0714
Wollishofen,2023,foreign,30.46
Wollishofen,2024,Swiss,0.0714
Wollishofen,2024,foreign,30.3299
Wollishofen,2025,Swiss,0.0714
Wollishofen,2025,foreign,30.1998
Wollishofen,2026,Swiss,0.0714
Wollishofen,2026,foreign,30.0697
Wollishofen,2027,Swiss,0.0714
Wollishofen,2027,foreign,29.9396
Wollishofen,2028,Swiss,0.0714
Wollishofen,2028,foreign,29.8095
Wollishofen,2029,Swiss,0.0714
Wollishofen,2029,foreign,29.6794
Wollishofen,2030,Swiss,0.0714
Wollishofen,2030,foreign,29.5493
Wollishofen,2031,Swiss,0.0714
Wollishofen,2031,foreign,29.4192
Wollishofen,2032,Swiss,0.0714
Wollishofen,2032,foreign,29.2892
Wollishofen,2033,Swiss,0.0714
Wollishofen,2033,foreign,29.1591
Wollishofen,2034,Swiss,0.0714
Wollishofen,2034,foreign,29.029
Wollishofen,2035,Swiss,0.0714
Wollishofen,2035,foreign,28.8989
Wollishofen,2036,Swiss,0.0714
Wollishofen,2036,foreign,28.7688
Wollishofen,2037,Swiss,0.0714
Wollishofen,2037,foreign,28.6387
Wollishofen,2038,Swiss,0.0714
Wollishofen,2038,foreign,28.5086
Wollishofen,2039,Swiss,0.0714
Wollishofen,2039,foreign,28.3785
Wollishofen,2040,Swiss,0.0714
Wollishofen,2040,foreign,28.2484
Wollishofen,2041,Swiss,0.0714
Wollishofen,2041,foreign,28.1183
Wollishofen,2042,Swiss,0.0714
Wollishofen,2042,foreign,27.9882
Wollishofen,2043,Swiss,0.0714
Wollishofen,2043,foreign,27.8582
Wollishofen,2044,Swiss,0.0714
Wollishofen,2044,foreign,27.7281
Wollishofen,2045,Swiss,0.0714
Wollishofen,2045,foreign,27.598
Wollishofen,2046,Swiss,0.0714
Wollishofen,2046,foreign,27.4679
Wollishofen,2047,Swiss,0.0714
Wollishofen,2047,foreign,27.3378
Wollishofen,2048,Swiss,0.0714
Wollishofen,2048,foreign,27.2077
Wollishofen,2049,Swiss,0.0714
Wollishofen,2049,foreign,27.0776
Wollishofen,2050,Swiss,0.0714
Wollishofen,2050,foreign,26.9475
Leimbach,2021,Swiss,0
Leimbach,2021,foreign,26.7934
Leimbach,2022,Swiss,0
Leimbach,2022,foreign,26.6179
Leimbach,2023,Swiss,0
Leimbach,2023,foreign,26.4424
Leimbach,2024,Swiss,0
Leimbach,2024,foreign,26.2669
Leimbach,2025,Swiss,0
Leimbach,2025,foreign,26.0914
Leimbach,2026,Swiss,0
Leimbach,2026,foreign,25.9159
Leimbach,2027,Swiss,0
Leimbach,2027,foreign,25.7404
Leimbach,2028,Swiss,0
Leimbach,2028,foreign,25.565
Leimbach,2029,Swiss,0
Leimbach,2029,foreign,25.3895
Leimbach,2030,Swiss,0
Leimbach,2030,foreign,25.214
Leimbach,2031,Swiss,0
Leimbach,2031,foreign,25.0385
Leimbach,2032,Swiss,0
Leimbach,2032,foreign,24.863
Leimbach,2033,Swiss,0
Leimbach,2033,foreign,24.6875
Leimbach,2034,Swiss,0
Leimbach,2034,foreign,24.5121
Leimbach,2035,Swiss,0
Leimbach,2035,foreign,24.3366
Leimbach,2036,Swiss,0
Leimbach,2036,foreign,24.1611
Leimbach,2037,Swiss,0
Leimbach,2037,foreign,23.9856
Leimbach,2038,Swiss,0
Leimbach,2038,foreign,23.8101
Leimbach,2039,Swiss,0
Leimbach,2039,foreign,23.6346
Leimbach,2040,Swiss,0
Leimbach,2040,foreign,23.4654
Leimbach,2041,Swiss,0
Leimbach,2041,foreign,23.3097
Leimbach,2042,Swiss,0
Leimbach,2042,foreign,23.1675
Leimbach,2043,Swiss,0
Leimbach,2043,foreign,23.0387
Leimbach,2044,Swiss,0
Leimbach,2044,foreign,22.9235
Leimbach,2045,Swiss,0
Leimbach,2045,foreign,22.8218
Leimbach,2046,Swiss,0
Leimbach,2046,foreign,22.7335
Leimbach,2047,Swiss,0
Leimbach,2047,foreign,22.6588
Leimbach,2048,Swiss,0
Leimbach,2048,foreign,22.5975
Leimbach,2049,Swiss,0
Leimbach,2049,foreign,22.5498
Leimbach,2050,Swiss,0
Leimbach,2050,foreign,22.5156
Enge,2021,Swiss,0
Enge,2021,foreign,28.4773
Enge,2022,Swiss,0
Enge,2022,foreign,28.2604
Enge,2023,Swiss,0
Enge,2023,foreign,28.0434
Enge,2024,Swiss,0
Enge,2024,foreign,27.8265
Enge,2025,Swiss,0
Enge,2025,foreign,27.6095
Enge,2026,Swiss,0
Enge,2026,foreign,27.3926
Enge,2027,Swiss,0
Enge,2027,foreign,27.1757
Enge,2028,Swiss,0
Enge,2028,foreign,26.9587
Enge,2029,Swiss,0
Enge,2029,foreign,26.7418
Enge,2030,Swiss,0
Enge,2030,foreign,26.5248
Enge,2031,Swiss,0
Enge,2031,foreign,26.3079
Enge,2032,Swiss,0
Enge,2032,foreign,26.0909
Enge,2033,Swiss,0
Enge,2033,foreign,25.874
Enge,2034,Swiss,0
Enge,2034,foreign,25.657
Enge,2035,Swiss,0
Enge,2035,foreign,25.4401
Enge,2036,Swiss,0
Enge,2036,foreign,25.2356
Enge,2037,Swiss,0
Enge,2037,foreign,25.0478
Enge,2038,Swiss,0
Enge,2038,foreign,24.8767
Enge,2039,Swiss,0
Enge,2039,foreign,24.7223
Enge,2040,Swiss,0
Enge,2040,foreign,24.5846
Enge,2041,Swiss,0
Enge,2041,foreign,24.4635
Enge,2042,Swiss,0
Enge,2042,foreign,24.3592
Enge,2043,Swiss,0
Enge,2043,foreign,24.2715
Enge,2044,Swiss,0
Enge,2044,foreign,24.2006
Enge,2045,Swiss,0
Enge,2045,foreign,24.1463
Enge,2046,Swiss,0
Enge,2046,foreign,24.1087
Enge,2047,Swiss,0
Enge,2047,foreign,24.0878
Enge,2048,Swiss,0
Enge,2048,foreign,24.0836
Enge,2049,Swiss,0
Enge,2049,foreign,24.0836
Enge,2050,Swiss,0
Enge,2050,foreign,24.0836
Alt-Wiedikon,2021,Swiss,0
Alt-Wiedikon,2021,foreign,32.145
Alt-Wiedikon,2022,Swiss,0
Alt-Wiedikon,2022,foreign,32.1533
Alt-Wiedikon,2023,Swiss,0
Alt-Wiedikon,2023,foreign,32.1616
Alt-Wiedikon,2024,Swiss,0
Alt-Wiedikon,2024,foreign,32.1699
Alt-Wiedikon,2025,Swiss,0
Alt-Wiedikon,2025,foreign,32.1782
Alt-Wiedikon,2026,Swiss,0
Alt-Wiedikon,2026,foreign,32.1865
Alt-Wiedikon,2027,Swiss,0
Alt-Wiedikon,2027,foreign,32.1948
Alt-Wiedikon,2028,Swiss,0
Alt-Wiedikon,2028,foreign,32.2031
Alt-Wiedikon,2029,Swiss,0
Alt-Wiedikon,2029,foreign,32.2114
Alt-Wiedikon,2030,Swiss,0
Alt-Wiedikon,2030,foreign,32.2197
Alt-Wiedikon,2031,Swiss,0
Alt-Wiedikon,2031,foreign,32.228
Alt-Wiedikon,2032,Swiss,0
Alt-Wiedikon,2032,foreign,32.2363
Alt-Wiedikon,2033,Swiss,0
Alt-Wiedikon,2033,foreign,32.2446
Alt-Wiedikon,2034,Swiss,0
Alt-Wiedikon,2034,foreign,32.2529
Alt-Wiedikon,2035,Swiss,0
Alt-Wiedikon,2035,foreign,32.2612
Alt-Wiedikon,2036,Swiss,0
Alt-Wiedikon,2036,foreign,32.2695
Alt-Wiedikon,2037,Swiss,0
Alt-Wiedikon,2037,foreign,32.2778
Alt-Wiedikon,2038,Swiss,0
Alt-Wiedikon,2038,foreign,32.2861
Alt-Wiedikon,2039,Swiss,0
Alt-Wiedikon,2039,foreign,32.2944
Alt-Wiedikon,2040,Swiss,0
Alt-Wiedikon,2040,foreign,32.3027
Alt-Wiedikon,2041,Swiss,0
Alt-Wiedikon,2041,foreign,32.311
Alt-Wiedikon,2042,Swiss,0
Alt-Wiedikon,2042,foreign,32.3193
Alt-Wiedikon,2043,Swiss,0
Alt-Wiedikon,2043,foreign,32.3276
Alt-Wiedikon,2044,Swiss,0
Alt-Wiedikon,2044,foreign,32.3359
Alt-Wiedikon,2045,Swiss,0
Alt-Wiedikon,2045,foreign,32.3442
Alt-Wiedikon,2046,Swiss,0
Alt-Wiedikon,2046,foreign,32.3525
Alt-Wiedikon,2047,Swiss,0
Alt-Wiedikon,2047,foreign,32.3608
Alt-Wiedikon,2048,Swiss,0
Alt-Wiedikon,2048,foreign,32.3691
Alt-Wiedikon,2049,Swiss,0
Alt-Wiedikon,2049,foreign,32.3774
Alt-Wiedikon,2050,Swiss,0
Alt-Wiedikon,2050,foreign,32.3857
Friesenberg,2021,Swiss,0
Friesenberg,2021,foreign,35.4258
Friesenberg,2022,Swiss,0
Friesenberg,2022,foreign,35.3423
Friesenberg,2023,Swiss,0
Friesenberg,2023,foreign,35.2587
Friesenberg,2024,Swiss,0
Friesenberg,2024,foreign,35.1752
Friesenberg,2025,Swiss,0
Friesenberg,2025,foreign,35.0916
Friesenberg,2026,Swiss,0
Friesenberg,2026,foreign,35.0081
Friesenberg,2027,Swiss,0
Friesenberg,2027,foreign,34.9245
Friesenberg,2028,Swiss,0
Friesenberg,2028,foreign,34.841
Friesenberg,2029,Swiss,0
Friesenberg,2029,foreign,34.7574
Friesenberg,2030,Swiss,0
Friesenberg,2030,foreign,34.6739
Friesenberg,2031,Swiss,0
Friesenberg,2031,foreign,34.5903
Friesenberg,2032,Swiss,0
Friesenberg,2032,foreign,34.5068
Friesenberg,2033,Swiss,0
Friesenberg,2033,foreign,34.4233
Friesenberg,2034,Swiss,0
Friesenberg,2034,foreign,34.3397
Friesenberg,2035,Swiss,0
Friesenberg,2035,foreign,34.2562
Friesenberg,2036,Swiss,0
Friesenberg,2036,foreign,34.1726
Friesenberg,2037,Swiss,0
Friesenberg,2037,foreign,34.0891
Friesenberg,2038,Swiss,0
Friesenberg,2038,foreign,34.0055
Friesenberg,2039,Swiss,0
Friesenberg,2039,foreign,33.922
Friesenberg,2040,Swiss,0
Friesenberg,2040,foreign,33.8384
Friesenberg,2041,Swiss,0
Friesenberg,2041,foreign,33.7549
Friesenberg,2042,Swiss,0
Friesenberg,2042,foreign,33.6713
Friesenberg,2043,Swiss,0
Friesenberg,2043,foreign,33.5878
Friesenberg,2044,Swiss,0
Friesenberg,2044,foreign,33.5042
Friesenberg,2045,Swiss,0
Friesenberg,2045,foreign,33.4207
Friesenberg,2046,Swiss,0
Friesenberg,2046,foreign,33.3371
Friesenberg,2047,Swiss,0
Friesenberg,2047,foreign,33.2536
Friesenberg,2048,Swiss,0
Friesenberg,2048,foreign,33.17
Friesenberg,2049,Swiss,0
Friesenberg,2049,foreign,33.0865
Friesenberg,2050,Swiss,0
Friesenberg,2050,foreign,33.003
Sihlfeld,2021,Swiss,0
Sihlfeld,2021,foreign,35.3437
Sihlfeld,2022,Swiss,0
Sihlfeld,2022,foreign,35.4462
Sihlfeld,2023,Swiss,0
Sihlfeld,2023,foreign,35.5487
Sihlfeld,2024,Swiss,0
Sihlfeld,2024,foreign,35.6512
Sihlfeld,2025,Swiss,0
Sihlfeld,2025,foreign,35.7537
Sihlfeld,2026,Swiss,0
Sihlfeld,2026,foreign,35.8562
Sihlfeld,2027,Swiss,0
Sihlfeld,2027,foreign,35.9587
Sihlfeld,2028,Swiss,0
Sihlfeld,2028,foreign,36.0612
Sihlfeld,2029,Swiss,0
Sihlfeld,2029,foreign,36.1637
Sihlfeld,2030,Swiss,0
Sihlfeld,2030,foreign,36.2662
Sihlfeld,2031,Swiss,0
Sihlfeld,2031,foreign,36.3687
Sihlfeld,2032,Swiss,0
Sihlfeld,2032,foreign,36.4712
Sihlfeld,2033,Swiss,0
Sihlfeld,2033,foreign,36.5738
Sihlfeld,2034,Swiss,0
Sihlfeld,2034,foreign,36.6763
Sihlfeld,2035,Swiss,0
Sihlfeld,2035,foreign,36.7788
Sihlfeld,2036,Swiss,0
Sihlfeld,2036,foreign,36.8813
Sihlfeld,2037,Swiss,0
Sihlfeld,2037,foreign,36.9838
Sihlfeld,2038,Swiss,0
Sihlfeld,2038,foreign,37.0863
Sihlfeld,2039,Swiss,0
Sihlfeld,2039,foreign,37.1888
Sihlfeld,2040,Swiss,0
Sihlfeld,2040,foreign,37.2913
Sihlfeld,2041,Swiss,0
Sihlfeld,2041,foreign,37.3938
Sihlfeld,2042,Swiss,0
Sihlfeld,2042,foreign,37.4963
Sihlfeld,2043,Swiss,0
Sihlfeld,2043,foreign,37.5988
Sihlfeld,2044,Swiss,0
Sihlfeld,2044,foreign,37.7013
Sihlfeld,2045,Swiss,0
Sihlfeld,2045,foreign,37.8038
Sihlfeld,2046,Swiss,0
Sihlfeld,2046,foreign,37.9063
Sihlfeld,2047,Swiss,0
Sihlfeld,2047,foreign,38.0088
Sihlfeld,2048,Swiss,0
Sihlfeld,2048,foreign,38.1113
Sihlfeld,2049,Swiss,0
Sihlfeld,2049,foreign,38.2138
Sihlfeld,2050,Swiss,0
Sihlfeld,2050,foreign,38.3163
Werd,2021,Swiss,0
Werd,2021,foreign,36.0728
Werd,2022,Swiss,0
Werd,2022,foreign,36.224
Werd,2023,Swiss,0
Werd,2023,foreign,36.3752
Werd,2024,Swiss,0
Werd,2024,foreign,36.5265
Werd,2025,Swiss,0
Werd,2025,foreign,36.6777
Werd,2026,Swiss,0
Werd,2026,foreign,36.8289
Werd,2027,Swiss,0
Werd,2027,foreign,36.9802
Werd,2028,Swiss,0
Werd,2028,foreign,37.1314
Werd,2029,Swiss,0
Werd,2029,foreign,37.2826
Werd,2030,Swiss,0
Werd,2030,foreign,37.4339
Werd,2031,Swiss,0
Werd,2031,foreign,37.5851
Werd,2032,Swiss,0
Werd,2032,foreign,37.7363
Werd,2033,Swiss,0
Werd,2033,foreign,37.8876
Werd,2034,Swiss,0
Werd,2034,foreign,38.0388
Werd,2035,Swiss,0
Werd,2035,foreign,38.19
Werd,2036,Swiss,0
Werd,2036,foreign,38.3412
Werd,2037,Swiss,0
Werd,2037,foreign,38.4925
Werd,2038,Swiss,0
Werd,2038,foreign,38.6437
Werd,2039,Swiss,0
Werd,2039,foreign,38.7949
Werd,2040,Swiss,0
Werd,2040,foreign,38.9462
Werd,2041,Swiss,0
Werd,2041,foreign,39.0974
Werd,2042,Swiss,0
Werd,2042,foreign,39.2486
Werd,2043,Swiss,0
Werd,2043,foreign,39.3999
Werd,2044,Swiss,0
Werd,2044,foreign,39.5511
Werd,2045,Swiss,0
Werd,2045,foreign,39.7023
Werd,2046,Swiss,0
Werd,2046,foreign,39.8536
Werd,2047,Swiss,0
Werd,2047,foreign,40.0048
Werd,2048,Swiss,0
Werd,2048,foreign,40.156
Werd,2049,Swiss,0
Werd,2049,foreign,40.3073
Werd,2050,Swiss,0
Werd,2050,foreign,40.4585
Langstrasse,2021,Swiss,0
Langstrasse,2021,foreign,33.8574
Langstrasse,2022,Swiss,0
Langstrasse,2022,foreign,33.9221
Langstrasse,2023,Swiss,0
Langstrasse,2023,foreign,33.9869
Langstrasse,2024,Swiss,0
Langstrasse,2024,foreign,34.0517
Langstrasse,2025,Swiss,0
Langstrasse,2025,foreign,34.1165
Langstrasse,2026,Swiss,0
Langstrasse,2026,foreign,34.1813
Langstrasse,2027,Swiss,0
Langstrasse,2027,foreign,34.2461
Langstrasse,2028,Swiss,0
Langstrasse,2028,foreign,34.3109
Langstrasse,2029,Swiss,0
Langstrasse,2029,foreign,34.3757
Langstrasse,2030,Swiss,0
Langstrasse,2030,foreign,34.4405
Langstrasse,2031,Swiss,0
Langstrasse,2031,foreign,34.5053
Langstrasse,2032,Swiss,0
Langstrasse,2032,foreign,34.57
Langstrasse,2033,Swiss,0
Langstrasse,2033,foreign,34.6348
Langstrasse,2034,Swiss,0
Langstrasse,2034,foreign,34.6996
Langstrasse,2035,Swiss,0
Langstrasse,2035,foreign,34.7644
Langstrasse,2036,Swiss,0
Langstrasse,2036,foreign,34.8292
Langstrasse,2037,Swiss,0
Langstrasse,2037,foreign,34.894
Langstrasse,2038,Swiss,0
Langstrasse,2038,foreign,34.9588
Langstrasse,2039,Swiss,0
Langstrasse,2039,foreign,35.0236
Langstrasse,2040,Swiss,0
Langstrasse,2040,foreign,35.0884
Langstrasse,2041,Swiss,0
Langstrasse,2041,foreign,35.1532
Langstrasse,2042,Swiss,0
Langstrasse,2042,foreign,35.2179
Langstrasse,2043,Swiss,0
Langstrasse,2043,foreign,35.2827
Langstrasse,2044,Swiss,0
Langstrasse,2044,foreign,35.3475
Langstrasse,2045,Swiss,0
Langstrasse,2045,foreign,35.4123
Langstrasse,2046,Swiss,0
Langstrasse,2046,foreign,35.4771
Langstrasse,2047,Swiss,0
Langstrasse,2047,foreign,35.5419
Langstrasse,2048,Swiss,0
Langstrasse,2048,foreign,35.6067
Langstrasse,2049,Swiss,0
Langstrasse,2049,foreign,35.6715
Langstrasse,2050,Swiss,0
Langstrasse,2050,foreign,35.7363
Hard,2021,Swiss,0
Hard,2021,foreign,32.5072
Hard,2022,Swiss,0
Hard,2022,foreign,32.7727
Hard,2023,Swiss,0
Hard,2023,foreign,33.0382
Hard,2024,Swiss,0
Hard,2024,foreign,33.3038
Hard,2025,Swiss,0
Hard,2025,foreign,33.5693
Hard,2026,Swiss,0
Hard,2026,foreign,33.8348
Hard,2027,Swiss,0
Hard,2027,foreign,34.1004
Hard,2028,Swiss,0
Hard,2028,foreign,34.3659
Hard,2029,Swiss,0
Hard,2029,foreign,34.6314
Hard,2030,Swiss,0
Hard,2030,foreign,34.8969
Hard,2031,Swiss,0
Hard,2031,foreign,35.152
Hard,2032,Swiss,0
Hard,2032,foreign,35.3865
Hard,2033,Swiss,0
Hard,2033,foreign,35.6007
Hard,2034,Swiss,0
Hard,2034,foreign,35.7944
Hard,2035,Swiss,0
Hard,2035,foreign,35.9677
Hard,2036,Swiss,0
Hard,2036,foreign,36.1206
Hard,2037,Swiss,0
Hard,2037,foreign,36.2531
Hard,2038,Swiss,0
Hard,2038,foreign,36.3651
Hard,2039,Swiss,0
Hard,2039,foreign,36.4567
Hard,2040,Swiss,0
Hard,2040,foreign,36.5279
Hard,2041,Swiss,0
Hard,2041,foreign,36.5786
Hard,2042,Swiss,0
Hard,2042,foreign,36.6089
Hard,2043,Swiss,0
Hard,2043,foreign,36.6188
Hard,2044,Swiss,0
Hard,2044,foreign,36.6188
Hard,2045,Swiss,0
Hard,2045,foreign,36.6188
Hard,2046,Swiss,0
Hard,2046,foreign,36.6188
Hard,2047,Swiss,0
Hard,2047,foreign,36.6188
Hard,2048,Swiss,0
Hard,2048,foreign,36.6188
Hard,2049,Swiss,0
Hard,2049,foreign,36.6188
Hard,2050,Swiss,0
Hard,2050,foreign,36.6188
Gewerbeschule,2021,Swiss,0
Gewerbeschule,2021,foreign,38.4512
Gewerbeschule,2022,Swiss,0
Gewerbeschule,2022,foreign,38.5183
Gewerbeschule,2023,Swiss,0
Gewerbeschule,2023,foreign,38.5853
Gewerbeschule,2024,Swiss,0
Gewerbeschule,2024,foreign,38.6523
Gewerbeschule,2025,Swiss,0
Gewerbeschule,2025,foreign,38.7193
Gewerbeschule,2026,Swiss,0
Gewerbeschule,2026,foreign,38.7863
Gewerbeschule,2027,Swiss,0
Gewerbeschule,2027,foreign,38.8533
Gewerbeschule,2028,Swiss,0
Gewerbeschule,2028,foreign,38.9204
Gewerbeschule,2029,Swiss,0
Gewerbeschule,2029,foreign,38.9874
Gewerbeschule,2030,Swiss,0
Gewerbeschule,2030,foreign,39.0544
Gewerbeschule,2031,Swiss,0
Gewerbeschule,2031,foreign,39.1214
Gewerbeschule,2032,Swiss,0
Gewerbeschule,2032,foreign,39.1884
Gewerbeschule,2033,Swiss,0
Gewerbeschule,2033,foreign,39.2555
Gewerbeschule,2034,Swiss,0
Gewerbeschule,2034,foreign,39.3225
Gewerbeschule,2035,Swiss,0
Gewerbeschule,2035,foreign,39.3895
Gewerbeschule,2036,Swiss,0
Gewerbeschule,2036,foreign,39.4565
Gewerbeschule,2037,Swiss,0
Gewerbeschule,2037,foreign,39.5235
Gewerbeschule,2038,Swiss,0
Gewerbeschule,2038,foreign,39.5905
Gewerbeschule,2039,Swiss,0
Gewerbeschule,2039,foreign,39.6576
Gewerbeschule,2040,Swiss,0
Gewerbeschule,2040,foreign,39.7246
Gewerbeschule,2041,Swiss,0
Gewerbeschule,2041,foreign,39.7916
Gewerbeschule,2042,Swiss,0
Gewerbeschule,2042,foreign,39.8586
Gewerbeschule,2043,Swiss,0
Gewerbeschule,2043,foreign,39.9256
Gewerbeschule,2044,Swiss,0
Gewerbeschule,2044,foreign,39.9926
Gewerbeschule,2045,Swiss,0
Gewerbeschule,2045,foreign,40.0597
Gewerbeschule,2046,Swiss,0
Gewerbeschule,2046,foreign,40.1267
Gewerbeschule,2047,Swiss,0
Gewerbeschule,2047,foreign,40.1937
Gewerbeschule,2048,Swiss,0
Gewerbeschule,2048,foreign,40.2607
Gewerbeschule,2049,Swiss,0
Gewerbeschule,2049,foreign,40.3277
Gewerbeschule,2050,Swiss,0
Gewerbeschule,2050,foreign,40.3948
Escher Wyss,2021,Swiss,0
Escher Wyss,2021,foreign,34.7758
Escher Wyss,2022,Swiss,0
Escher Wyss,2022,foreign,34.3345
Escher Wyss,2023,Swiss,0
Escher Wyss,2023,foreign,33.8933
Escher Wyss,2024,Swiss,0
Escher Wyss,2024,foreign,33.4521
Escher Wyss,2025,Swiss,0
Escher Wyss,2025,foreign,33.0189
Escher Wyss,2026,Swiss,0
Escher Wyss,2026,foreign,32.6197
Escher Wyss,2027,Swiss,0
Escher Wyss,2027,foreign,32.2544
Escher Wyss,2028,Swiss,0
Escher Wyss,2028,foreign,31.923
Escher Wyss,2029,Swiss,0
Escher Wyss,2029,foreign,31.6255
Escher Wyss,2030,Swiss,0
Escher Wyss,2030,foreign,31.362
Escher Wyss,2031,Swiss,0
Escher Wyss,2031,foreign,31.1325
Escher Wyss,2032,Swiss,0
Escher Wyss,2032,foreign,30.9369
Escher Wyss,2033,Swiss,0
Escher Wyss,2033,foreign,30.7752
Escher Wyss,2034,Swiss,0
Escher Wyss,2034,foreign,30.6475
Escher Wyss,2035,Swiss,0
Escher Wyss,2035,foreign,30.5537
Escher Wyss,2036,Swiss,0
Escher Wyss,2036,foreign,30.4938
Escher Wyss,2037,Swiss,0
Escher Wyss,2037,foreign,30.4679
Escher Wyss,2038,Swiss,0
Escher Wyss,2038,foreign,30.4679
Escher Wyss,2039,Swiss,0
Escher Wyss,2039,foreign,30.4679
Escher Wyss,2040,Swiss,0
Escher Wyss,2040,foreign,30.4679
Escher Wyss,2041,Swiss,0
Escher Wyss,2041,foreign,30.4679
Escher Wyss,2042,Swiss,0
Escher Wyss,2042,foreign,30.4679
Escher Wyss,2043,Swiss,0
Escher Wyss,2043,foreign,30.4679
Escher Wyss,2044,Swiss,0
Escher Wyss,2044,foreign,30.4679
Escher Wyss,2045,Swiss,0
Escher Wyss,2045,foreign,30.4679
Escher Wyss,2046,Swiss,0
Escher Wyss,2046,foreign,30.4679
Escher Wyss,2047,Swiss,0
Escher Wyss,2047,foreign,30.4679
Escher Wyss,2048,Swiss,0
Escher Wyss,2048,foreign,30.4679
Escher Wyss,2049,Swiss,0
Escher Wyss,2049,foreign,30.4679
Escher Wyss,2050,Swiss,0
Escher Wyss,2050,foreign,30.4679
Unterstrass,2021,Swiss,0
Unterstrass,2021,foreign,30.5751
Unterstrass,2022,Swiss,0
Unterstrass,2022,foreign,30.3297
Unterstrass,2023,Swiss,0
Unterstrass,2023,foreign,30.0844
Unterstrass,2024,Swiss,0
Unterstrass,2024,foreign,29.839
Unterstrass,2025,Swiss,0
Unterstrass,2025,foreign,29.5937
Unterstrass,2026,Swiss,0
Unterstrass,2026,foreign,29.3483
Unterstrass,2027,Swiss,0
Unterstrass,2027,foreign,29.103
Unterstrass,2028,Swiss,0
Unterstrass,2028,foreign,28.8576
Unterstrass,2029,Swiss,0
Unterstrass,2029,foreign,28.6123
Unterstrass,2030,Swiss,0
Unterstrass,2030,foreign,28.3669
Unterstrass,2031,Swiss,0
Unterstrass,2031,foreign,28.1216
Unterstrass,2032,Swiss,0
Unterstrass,2032,foreign,27.8762
Unterstrass,2033,Swiss,0
Unterstrass,2033,foreign,27.6309
Unterstrass,2034,Swiss,0
Unterstrass,2034,foreign,27.387
Unterstrass,2035,Swiss,0
Unterstrass,2035,foreign,27.1619
Unterstrass,2036,Swiss,0
Unterstrass,2036,foreign,26.9558
Unterstrass,2037,Swiss,0
Unterstrass,2037,foreign,26.7685
Unterstrass,2038,Swiss,0
Unterstrass,2038,foreign,26.6001
Unterstrass,2039,Swiss,0
Unterstrass,2039,foreign,26.4505
Unterstrass,2040,Swiss,0
Unterstrass,2040,foreign,26.3198
Unterstrass,2041,Swiss,0
Unterstrass,2041,foreign,26.208
Unterstrass,2042,Swiss,0
Unterstrass,2042,foreign,26.1151
Unterstrass,2043,Swiss,0
Unterstrass,2043,foreign,26.0411
Unterstrass,2044,Swiss,0
Unterstrass,2044,foreign,25.9859
Unterstrass,2045,Swiss,0
Unterstrass,2045,foreign,25.9496
Unterstrass,2046,Swiss,0
Unterstrass,2046,foreign,25.9321
Unterstrass,2047,Swiss,0
Unterstrass,2047,foreign,25.9321
Unterstrass,2048,Swiss,0
Unterstrass,2048,foreign,25.9321
Unterstrass,2049,Swiss,0
Unterstrass,2049,foreign,25.9321
Unterstrass,2050,Swiss,0
Unterstrass,2050,foreign,25.9321
Oberstrass,2021,Swiss,0
Oberstrass,2021,foreign,30.1278
Oberstrass,2022,Swiss,0
Oberstrass,2022,foreign,30.0787
Oberstrass,2023,Swiss,0
Oberstrass,2023,foreign,30.0297
Oberstrass,2024,Swiss,0
Oberstrass,2024,foreign,29.9807
Oberstrass,2025,Swiss,0
Oberstrass,2025,foreign,29.9317
Oberstrass,2026,Swiss,0
Oberstrass,2026,foreign,29.8827
Oberstrass,2027,Swiss,0
Oberstrass,2027,foreign,29.8336
Oberstrass,2028,Swiss,0
Oberstrass,2028,foreign,29.7846
Oberstrass,2029,Swiss,0
Oberstrass,2029,foreign,29.7356
Oberstrass,2030,Swiss,0
Oberstrass,2030,foreign,29.6866
Oberstrass,2031,Swiss,0
Oberstrass,2031,foreign,29.6376
Oberstrass,2032,Swiss,0
Oberstrass,2032,foreign,29.5885
Oberstrass,2033,Swiss,0
Oberstrass,2033,foreign,29.5395
Oberstrass,2034,Swiss,0
Oberstrass,2034,foreign,29.4905
Oberstrass,2035,Swiss,0
Oberstrass,2035,foreign,29.4415
Oberstrass,2036,Swiss,0
Oberstrass,2036,foreign,29.3924
Oberstrass,2037,Swiss,0
Oberstrass,2037,foreign,29.3434
Oberstrass,2038,Swiss,0
Oberstrass,2038,foreign,29.2944
Oberstrass,2039,Swiss,0
Oberstrass,2039,foreign,29.2454
Oberstrass,2040,Swiss,0
Oberstrass,2040,foreign,29.1964
Oberstrass,2041,Swiss,0
Oberstrass,2041,foreign,29.1473
Oberstrass,2042,Swiss,0
Oberstrass,2042,foreign,29.0983
Oberstrass,2043,Swiss,0
Oberstrass,2043,foreign,29.0493
Oberstrass,2044,Swiss,0
Oberstrass,2044,foreign,29.0003
Oberstrass,2045,Swiss,0
Oberstrass,2045,foreign,28.9513
Oberstrass,2046,Swiss,0
Oberstrass,2046,foreign,28.9022
Oberstrass,2047,Swiss,0
Oberstrass,2047,foreign,28.8532
Oberstrass,2048,Swiss,0
Oberstrass,2048,foreign,28.8042
Oberstrass,2049,Swiss,0
Oberstrass,2049,foreign,28.7552
Oberstrass,2050,Swiss,0
Oberstrass,2050,foreign,28.7061
Fluntern,2021,Swiss,0
Fluntern,2021,foreign,25.0674
Fluntern,2022,Swiss,0
Fluntern,2022,foreign,24.8978
Fluntern,2023,Swiss,0
Fluntern,2023,foreign,24.7282
Fluntern,2024,Swiss,0
Fluntern,2024,foreign,24.5586
Fluntern,2025,Swiss,0
Fluntern,2025,foreign,24.389
Fluntern,2026,Swiss,0
Fluntern,2026,foreign,24.2194
Fluntern,2027,Swiss,0
Fluntern,2027,foreign,24.0498
Fluntern,2028,Swiss,0
Fluntern,2028,foreign,23.8802
Fluntern,2029,Swiss,0
Fluntern,2029,foreign,23.7106
Fluntern,2030,Swiss,0
Fluntern,2030,foreign,23.5411
Fluntern,2031,Swiss,0
Fluntern,2031,foreign,23.3715
Fluntern,2032,Swiss,0
Fluntern,2032,foreign,23.2019
Fluntern,2033,Swiss,0
Fluntern,2033,foreign,23.0323
Fluntern,2034,Swiss,0
Fluntern,2034,foreign,22.8627
Fluntern,2035,Swiss,0
Fluntern,2035,foreign,22.6931
Fluntern,2036,Swiss,0
Fluntern,2036,foreign,22.5235
Fluntern,2037,Swiss,0
Fluntern,2037,foreign,22.3539
Fluntern,2038,Swiss,0
Fluntern,2038,foreign,22.1843
Fluntern,2039,Swiss,0
Fluntern,2039,foreign,22.0204
Fluntern,2040,Swiss,0
Fluntern,2040,foreign,21.8696
Fluntern,2041,Swiss,0
Fluntern,2041,foreign,21.7318
Fluntern,2042,Swiss,0
Fluntern,2042,foreign,21.6071
Fluntern,2043,Swiss,0
Fluntern,2043,foreign,21.4954
Fluntern,2044,Swiss,0
Fluntern,2044,foreign,21.3967
Fluntern,2045,Swiss,0
Fluntern,2045,foreign,21.3111
Fluntern,2046,Swiss,0
Fluntern,2046,foreign,21.2386
Fluntern,2047,Swiss,0
Fluntern,2047,foreign,21.1791
Fluntern,2048,Swiss,0
Fluntern,2048,foreign,21.1326
Fluntern,2049,Swiss,0
Fluntern,2049,foreign,21.0992
Fluntern,2050,Swiss,0
Fluntern,2050,foreign,21.0788
Hottingen,2021,Swiss,0
Hottingen,2021,foreign,29.2615
Hottingen,2022,Swiss,0
Hottingen,2022,foreign,29.2182
Hottingen,2023,Swiss,0
Hottingen,2023,foreign,29.1748
Hottingen,2024,Swiss,0
Hottingen,2024,foreign,29.1315
Hottingen,2025,Swiss,0
Hottingen,2025,foreign,29.0882
Hottingen,2026,Swiss,0
Hottingen,2026,foreign,29.0448
Hottingen,2027,Swiss,0
Hottingen,2027,foreign,29.0015
Hottingen,2028,Swiss,0
Hottingen,2028,foreign,28.9582
Hottingen,2029,Swiss,0
Hottingen,2029,foreign,28.9148
Hottingen,2030,Swiss,0
Hottingen,2030,foreign,28.8715
Hottingen,2031,Swiss,0
Hottingen,2031,foreign,28.8282
Hottingen,2032,Swiss,0
Hottingen,2032,foreign,28.7849
Hottingen,2033,Swiss,0
Hottingen,2033,foreign,28.7415
Hottingen,2034,Swiss,0
Hottingen,2034,foreign,28.6982
Hottingen,2035,Swiss,0
Hottingen,2035,foreign,28.6549
Hottingen,2036,Swiss,0
Hottingen,2036,foreign,28.6115
Hottingen,2037,Swiss,0
Hottingen,2037,foreign,28.5682
Hottingen,2038,Swiss,0
Hottingen,2038,foreign,28.5249
Hottingen,2039,Swiss,0
Hottingen,2039,foreign,28.4816
Hottingen,2040,Swiss,0
Hottingen,2040,foreign,28.4382
Hottingen,2041,Swiss,0
Hottingen,2041,foreign,28.3949
Hottingen,2042,Swiss,0
Hottingen,2042,foreign,28.3516
Hottingen,2043,Swiss,0
Hottingen,2043,foreign,28.3082
Hottingen,2044,Swiss,0
Hottingen,2044,foreign,28.2649
Hottingen,2045,Swiss,0
Hottingen,2045,foreign,28.2216
Hottingen,2046,Swiss,0
Hottingen,2046,foreign,28.1783
Hottingen,2047,Swiss,0
Hottingen,2047,foreign,28.1349
Hottingen,2048,Swiss,0
Hottingen,2048,foreign,28.0916
Hottingen,2049,Swiss,0
Hottingen,2049,foreign,28.0483
Hottingen,2050,Swiss,0
Hottingen,2050,foreign,28.0049
Hirslanden,2021,Swiss,0
Hirslanden,2021,foreign,30.6066
Hirslanden,2022,Swiss,0
Hirslanden,2022,foreign,30.3448
Hirslanden,2023,Swiss,0
Hirslanden,2023,foreign,30.083
Hirslanden,2024,Swiss,0
Hirslanden,2024,foreign,29.8212
Hirslanden,2025,Swiss,0
Hirslanden,2025,foreign,29.5594
Hirslanden,2026,Swiss,0
Hirslanden,2026,foreign,29.2977
Hirslanden,2027,Swiss,0
Hirslanden,2027,foreign,29.0359
Hirslanden,2028,Swiss,0
Hirslanden,2028,foreign,28.7741
Hirslanden,2029,Swiss,0
Hirslanden,2029,foreign,28.5123
Hirslanden,2030,Swiss,0
Hirslanden,2030,foreign,28.2505
Hirslanden,2031,Swiss,0
Hirslanden,2031,foreign,27.9887
Hirslanden,2032,Swiss,0
Hirslanden,2032,foreign,27.7269
Hirslanden,2033,Swiss,0
Hirslanden,2033,foreign,27.4775
Hirslanden,2034,Swiss,0
Hirslanden,2034,foreign,27.2483
Hirslanden,2035,Swiss,0
Hirslanden,2035,foreign,27.0392
Hirslanden,2036,Swiss,0
Hirslanden,2036,foreign,26.8503
Hirslanden,2037,Swiss,0
Hirslanden,2037,foreign,26.6815
Hirslanden,2038,Swiss,0
Hirslanden,2038,foreign,26.5328
Hirslanden,2039,Swiss,0
Hirslanden,2039,foreign,26.4043
Hirslanden,2040,Swiss,0
Hirslanden,2040,foreign,26.2959
Hirslanden,2041,Swiss,0
Hirslanden,2041,foreign,26.2077
Hirslanden,2042,Swiss,0
Hirslanden,2042,foreign,26.1396
Hirslanden,2043,Swiss,0
Hirslanden,2043,foreign,26.0916
Hirslanden,2044,Swiss,0
Hirslanden,2044,foreign,26.0638
Hirslanden,2045,Swiss,0
Hirslanden,2045,foreign,26.0561
Hirslanden,2046,Swiss,0
Hirslanden,2046,foreign,26.0561
Hirslanden,2047,Swiss,0
Hirslanden,2047,foreign,26.0561
Hirslanden,2048,Swiss,0
Hirslanden,2048,foreign,26.0561
Hirslanden,2049,Swiss,0
Hirslanden,2049,foreign,26.0561
Hirslanden,2050,Swiss,0
Hirslanden,2050,foreign,26.0561
Witikon,2021,Swiss,0
Witikon,2021,foreign,25.8424
Witikon,2022,Swiss,0
Witikon,2022,foreign,25.6002
Witikon,2023,Swiss,0
Witikon,2023,foreign,25.3581
Witikon,2024,Swiss,0
Witikon,2024,foreign,25.116
Witikon,2025,Swiss,0
Witikon,2025,foreign,24.8739
Witikon,2026,Swiss,0
Witikon,2026,foreign,24.6318
Witikon,2027,Swiss,0
Witikon,2027,foreign,24.3896
Witikon,2028,Swiss,0
Witikon,2028,foreign,24.1475
Witikon,2029,Swiss,0
Witikon,2029,foreign,23.9054
Witikon,2030,Swiss,0
Witikon,2030,foreign,23.6633
Witikon,2031,Swiss,0
Witikon,2031,foreign,23.4333
Witikon,2032,Swiss,0
Witikon,2032,foreign,23.222
Witikon,2033,Swiss,0
Witikon,2033,foreign,23.0293
Witikon,2034,Swiss,0
Witikon,2034,foreign,22.8552
Witikon,2035,Swiss,0
Witikon,2035,foreign,22.6998
Witikon,2036,Swiss,0
Witikon,2036,foreign,22.5629
Witikon,2037,Swiss,0
Witikon,2037,foreign,22.4447
Witikon,2038,Swiss,0
Witikon,2038,foreign,22.3451
Witikon,2039,Swiss,0
Witikon,2039,foreign,22.2642
Witikon,2040,Swiss,0
Witikon,2040,foreign,22.2019
Witikon,2041,Swiss,0
Witikon,2041,foreign,22.1582
Witikon,2042,Swiss,0
Witikon,2042,foreign,22.1331
Witikon,2043,Swiss,0
Witikon,2043,foreign,22.1266
Witikon,2044,Swiss,0
Witikon,2044,foreign,22.1266
Witikon,2045,Swiss,0
Witikon,2045,foreign,22.1266
Witikon,2046,Swiss,0
Witikon,2046,foreign,22.1266
Witikon,2047,Swiss,0
Witikon,2047,foreign,22.1266
Witikon,2048,Swiss,0
Witikon,2048,foreign,22.1266
Witikon,2049,Swiss,0
Witikon,2049,foreign,22.1266
Witikon,2050,Swiss,0
Witikon,2050,foreign,22.1266
Seefeld,2021,Swiss,0
Seefeld,2021,foreign,21.9152
Seefeld,2022,Swiss,0
Seefeld,2022,foreign,21.6408
Seefeld,2023,Swiss,0
Seefeld,2023,foreign,21.3663
Seefeld,2024,Swiss,0
Seefeld,2024,foreign,21.0918
Seefeld,2025,Swiss,0
Seefeld,2025,foreign,20.818
Seefeld,2026,Swiss,0
Seefeld,2026,foreign,20.5653
Seefeld,2027,Swiss,0
Seefeld,2027,foreign,20.3337
Seefeld,2028,Swiss,0
Seefeld,2028,foreign,20.1232
Seefeld,2029,Swiss,0
Seefeld,2029,foreign,19.9338
Seefeld,2030,Swiss,0
Seefeld,2030,foreign,19.7656
Seefeld,2031,Swiss,0
Seefeld,2031,foreign,19.6185
Seefeld,2032,Swiss,0
Seefeld,2032,foreign,19.4925
Seefeld,2033,Swiss,0
Seefeld,2033,foreign,19.3876
Seefeld,2034,Swiss,0
Seefeld,2034,foreign,19.3038
Seefeld,2035,Swiss,0
Seefeld,2035,foreign,19.2411
Seefeld,2036,Swiss,0
Seefeld,2036,foreign,19.1996
Seefeld,2037,Swiss,0
Seefeld,2037,foreign,19.1792
Seefeld,2038,Swiss,0
Seefeld,2038,foreign,19.1792
Seefeld,2039,Swiss,0
Seefeld,2039,foreign,19.1792
Seefeld,2040,Swiss,0
Seefeld,2040,foreign,19.1792
Seefeld,2041,Swiss,0
Seefeld,2041,foreign,19.1792
Seefeld,2042,Swiss,0
Seefeld,2042,foreign,19.1792
Seefeld,2043,Swiss,0
Seefeld,2043,foreign,19.1792
Seefeld,2044,Swiss,0
Seefeld,2044,foreign,19.1792
Seefeld,2045,Swiss,0
Seefeld,2045,foreign,19.1792
Seefeld,2046,Swiss,0
Seefeld,2046,foreign,19.1792
Seefeld,2047,Swiss,0
Seefeld,2047,foreign,19.1792
Seefeld,2048,Swiss,0
Seefeld,2048,foreign,19.1792
Seefeld,2049,Swiss,0
Seefeld,2049,foreign,19.1792
Seefeld,2050,Swiss,0
Seefeld,2050,foreign,19.1792
Muehlebach,2021,Swiss,0.2096
Muehlebach,2021,foreign,26.3438
Muehlebach,2022,Swiss,0.207
Muehlebach,2022,foreign,26.1136
Muehlebach,2023,Swiss,0.2052
Muehlebach,2023,foreign,25.8834
Muehlebach,2024,Swiss,0.2042
Muehlebach,2024,foreign,25.6532
Muehlebach,2025,Swiss,0.2041
Muehlebach,2025,foreign,25.423
Muehlebach,2026,Swiss,0.2041
Muehlebach,2026,foreign,25.1928
Muehlebach,2027,Swiss,0.2041
Muehlebach,2027,foreign,24.9627
Muehlebach,2028,Swiss,0.2041
Muehlebach,2028,foreign,24.7325
Muehlebach,2029,Swiss,0.2041
Muehlebach,2029,foreign,24.5023
Muehlebach,2030,Swiss,0.2041
Muehlebach,2030,foreign,24.2721
Muehlebach,2031,Swiss,0.2041
Muehlebach,2031,foreign,24.0419
Muehlebach,2032,Swiss,0.2041
Muehlebach,2032,foreign,23.8137
Muehlebach,2033,Swiss,0.2041
Muehlebach,2033,foreign,23.6032
Muehlebach,2034,Swiss,0.2041
Muehlebach,2034,foreign,23.4104
Muehlebach,2035,Swiss,0.2041
Muehlebach,2035,foreign,23.2353
Muehlebach,2036,Swiss,0.2041
Muehlebach,2036,foreign,23.0779
Muehlebach,2037,Swiss,0.2041
Muehlebach,2037,foreign,22.9382
Muehlebach,2038,Swiss,0.2041
Muehlebach,2038,foreign,22.8162
Muehlebach,2039,Swiss,0.2041
Muehlebach,2039,foreign,22.7119
Muehlebach,2040,Swiss,0.2041
Muehlebach,2040,foreign,22.6253
Muehlebach,2041,Swiss,0.2041
Muehlebach,2041,foreign,22.5565
Muehlebach,2042,Swiss,0.2041
Muehlebach,2042,foreign,22.5053
Muehlebach,2043,Swiss,0.2041
Muehlebach,2043,foreign,22.4719
Muehlebach,2044,Swiss,0.2041
Muehlebach,2044,foreign,22.4561
Muehlebach,2045,Swiss,0.2041
Muehlebach,2045,foreign,22.4561
Muehlebach,2046,Swiss,0.2041
Muehlebach,2046,foreign,22.4561
Muehlebach,2047,Swiss,0.2041
Muehlebach,2047,foreign,22.4561
Muehlebach,2048,Swiss,0.2041
Muehlebach,2048,foreign,22.4561
Muehlebach,2049,Swiss,0.2041
Muehlebach,2049,foreign,22.4561
Muehlebach,2050,Swiss,0.2041
Muehlebach,2050,foreign,22.4561
Weinegg,2021,Swiss,0
Weinegg,2021,foreign,33.4588
Weinegg,2022,Swiss,0
Weinegg,2022,foreign,33.4033
Weinegg,2023,Swiss,0
Weinegg,2023,foreign,33.3478
Weinegg,2024,Swiss,0
Weinegg,2024,foreign,33.2923
Weinegg,2025,Swiss,0
Weinegg,2025,foreign,33.2369
Weinegg,2026,Swiss,0
Weinegg,2026,foreign,33.1814
Weinegg,2027,Swiss,0
Weinegg,2027,foreign,33.1259
Weinegg,2028,Swiss,0
Weinegg,2028,foreign,33.0704
Weinegg,2029,Swiss,0
Weinegg,2029,foreign,33.015
Weinegg,2030,Swiss,0
Weinegg,2030,foreign,32.9595
Weinegg,2031,Swiss,0
Weinegg,2031,foreign,32.904
Weinegg,2032,Swiss,0
Weinegg,2032,foreign,32.8485
Weinegg,2033,Swiss,0
Weinegg,2033,foreign,32.793
Weinegg,2034,Swiss,0
Weinegg,2034,foreign,32.7376
Weinegg,2035,Swiss,0
Weinegg,2035,foreign,32.6821
Weinegg,2036,Swiss,0
Weinegg,2036,foreign,32.6266
Weinegg,2037,Swiss,0
Weinegg,2037,foreign,32.5711
Weinegg,2038,Swiss,0
Weinegg,2038,foreign,32.5156
Weinegg,2039,Swiss,0
Weinegg,2039,foreign,32.4602
Weinegg,2040,Swiss,0
Weinegg,2040,foreign,32.4047
Weinegg,2041,Swiss,0
Weinegg,2041,foreign,32.3492
Weinegg,2042,Swiss,0
Weinegg,2042,foreign,32.2937
Weinegg,2043,Swiss,0
Weinegg,2043,foreign,32.2382
Weinegg,2044,Swiss,0
Weinegg,2044,foreign,32.1828
Weinegg,2045,Swiss,0
Weinegg,2045,foreign,32.1273
Weinegg,2046,Swiss,0
Weinegg,2046,foreign,32.0718
Weinegg,2047,Swiss,0
Weinegg,2047,foreign,32.0163
Weinegg,2048,Swiss,0
Weinegg,2048,foreign,31.9609
Weinegg,2049,Swiss,0
Weinegg,2049,foreign,31.9054
Weinegg,2050,Swiss,0
Weinegg,2050,foreign,31.8499
Albisrieden,2021,Swiss,0
Albisrieden,2021,foreign,35.7119
Albisrieden,2022,Swiss,0
Albisrieden,2022,foreign,35.7073
Albisrieden,2023,Swiss,0
Albisrieden,2023,foreign,35.7028
Albisrieden,2024,Swiss,0
Albisrieden,2024,foreign,35.6982
Albisrieden,2025,Swiss,0
Albisrieden,2025,foreign,35.693600000000004
Albisrieden,2026,Swiss,0
Albisrieden,2026,foreign,35.6891
Albisrieden,2027,Swiss,0
Albisrieden,2027,foreign,35.6845
Albisrieden,2028,Swiss,0
Albisrieden,2028,foreign,35.68
Albisrieden,2029,Swiss,0
Albisrieden,2029,foreign,35.6754
Albisrieden,2030,Swiss,0
Albisrieden,2030,foreign,35.6709
Albisrieden,2031,Swiss,0
Albisrieden,2031,foreign,35.6663
Albisrieden,2032,Swiss,0
Albisrieden,2032,foreign,35.6618
Albisrieden,2033,Swiss,0
Albisrieden,2033,foreign,35.6572
Albisrieden,2034,Swiss,0
Albisrieden,2034,foreign,35.6526
Albisrieden,2035,Swiss,0
Albisrieden,2035,foreign,35.6481
Albisrieden,2036,Swiss,0
Albisrieden,2036,foreign,35.6435
Albisrieden,2037,Swiss,0
Albisrieden,2037,foreign,35.639
Albisrieden,2038,Swiss,0
Albisrieden,2038,foreign,35.6344
Albisrieden,2039,Swiss,0
Albisrieden,2039,foreign,35.6299
Albisrieden,2040,Swiss,0
Albisrieden,2040,foreign,35.6253
Albisrieden,2041,Swiss,0
Albisrieden,2041,foreign,35.6208
Albisrieden,2042,Swiss,0
Albisrieden,2042,foreign,35.6162
Albisrieden,2043,Swiss,0
Albisrieden,2043,foreign,35.6116
Albisrieden,2044,Swiss,0
Albisrieden,2044,foreign,35.6071
Albisrieden,2045,Swiss,0
Albisrieden,2045,foreign,35.6025
Albisrieden,2046,Swiss,0
Albisrieden,2046,foreign,35.598
Albisrieden,2047,Swiss,0
Albisrieden,2047,foreign,35.5934
Albisrieden,2048,Swiss,0
Albisrieden,2048,foreign,35.5889
Albisrieden,2049,Swiss,0
Albisrieden,2049,foreign,35.5843
Albisrieden,2050,Swiss,0
Albisrieden,2050,foreign,35.5798
Altstetten,2021,Swiss,0
Altstetten,2021,foreign,28.6522
Altstetten,2022,Swiss,0
Altstetten,2022,foreign,28.6661
Altstetten,2023,Swiss,0
Altstetten,2023,foreign,28.6801
Altstetten,2024,Swiss,0
Altstetten,2024,foreign,28.694
Altstetten,2025,Swiss,0
Altstetten,2025,foreign,28.7079
Altstetten,2026,Swiss,0
Altstetten,2026,foreign,28.7219
Altstetten,2027,Swiss,0
Altstetten,2027,foreign,28.7358
Altstetten,2028,Swiss,0
Altstetten,2028,foreign,28.7497
Altstetten,2029,Swiss,0
Altstetten,2029,foreign,28.7636
Altstetten,2030,Swiss,0
Altstetten,2030,foreign,28.7776
Altstetten,2031,Swiss,0
Altstetten,2031,foreign,28.7915
Altstetten,2032,Swiss,0
Altstetten,2032,foreign,28.8054
Altstetten,2033,Swiss,0
Altstetten,2033,foreign,28.8194
Altstetten,2034,Swiss,0
Altstetten,2034,foreign,28.8333
Altstetten,2035,Swiss,0
Altstetten,2035,foreign,28.8472
Altstetten,2036,Swiss,0
Altstetten,2036,foreign,28.8611
Altstetten,2037,Swiss,0
Altstetten,2037,foreign,28.8751
Altstetten,2038,Swiss,0
Altstetten,2038,foreign,28.889
Altstetten,2039,Swiss,0
Altstetten,2039,foreign,28.9029
Altstetten,2040,Swiss,0
Altstetten,2040,foreign,28.9169
Altstetten,2041,Swiss,0
Altstetten,2041,foreign,28.9308
Altstetten,2042,Swiss,0
Altstetten,2042,foreign,28.9447
Altstetten,2043,Swiss,0
Altstetten,2043,foreign,28.9586
Altstetten,2044,Swiss,0
Altstetten,2044,foreign,28.9726
Altstetten,2045,Swiss,0
Altstetten,2045,foreign,28.9865
Altstetten,2046,Swiss,0
Altstetten,2046,foreign,29.0004
Altstetten,2047,Swiss,0
Altstetten,2047,foreign,29.0144
Altstetten,2048,Swiss,0
Altstetten,2048,foreign,29.0283
Altstetten,2049,Swiss,0
Altstetten,2049,foreign,29.0422
Altstetten,2050,Swiss,0
Altstetten,2050,foreign,29.0561
Hoengg,2021,Swiss,0
Hoengg,2021,foreign,32.3194
Hoengg,2022,Swiss,0
Hoengg,2022,foreign,32.2067
Hoengg,2023,Swiss,0
Hoengg,2023,foreign,32.094
Hoengg,2024,Swiss,0
Hoengg,2024,foreign,31.9812
Hoengg,2025,Swiss,0
Hoengg,2025,foreign,31.8685
Hoengg,2026,Swiss,0
Hoengg,2026,foreign,31.7558
Hoengg,2027,Swiss,0
Hoengg,2027,foreign,31.6431
Hoengg,2028,Swiss,0
Hoengg,2028,foreign,31.5303
Hoengg,2029,Swiss,0
Hoengg,2029,foreign,31.4176
Hoengg,2030,Swiss,0
Hoengg,2030,foreign,31.3049
Hoengg,2031,Swiss,0
Hoengg,2031,foreign,31.1921
Hoengg,2032,Swiss,0
Hoengg,2032,foreign,31.0794
Hoengg,2033,Swiss,0
Hoengg,2033,foreign,30.9667
Hoengg,2034,Swiss,0
Hoengg,2034,foreign,30.854
Hoengg,2035,Swiss,0
Hoengg,2035,foreign,30.7412
Hoengg,2036,Swiss,0
Hoengg,2036,foreign,30.6285
Hoengg,2037,Swiss,0
Hoengg,2037,foreign,30.5158
Hoengg,2038,Swiss,0
Hoengg,2038,foreign,30.403
Hoengg,2039,Swiss,0
Hoengg,2039,foreign,30.2903
Hoengg,2040,Swiss,0
Hoengg,2040,foreign,30.1776
Hoengg,2041,Swiss,0
Hoengg,2041,foreign,30.0649
Hoengg,2042,Swiss,0
Hoengg,2042,foreign,29.9521
Hoengg,2043,Swiss,0
Hoengg,2043,foreign,29.8394
Hoengg,2044,Swiss,0
Hoengg,2044,foreign,29.7267
Hoengg,2045,Swiss,0
Hoengg,2045,foreign,29.614
Hoengg,2046,Swiss,0
Hoengg,2046,foreign,29.5012
Hoengg,2047,Swiss,0
Hoengg,2047,foreign,29.3885
Hoengg,2048,Swiss,0
Hoengg,2048,foreign,29.2758
Hoengg,2049,Swiss,0
Hoengg,2049,foreign,29.163
Hoengg,2050,Swiss,0
Hoengg,2050,foreign,29.0503
Wipkingen,2021,Swiss,0
Wipkingen,2021,foreign,35.5543
Wipkingen,2022,Swiss,0
Wipkingen,2022,foreign,35.5874
Wipkingen,2023,Swiss,0
Wipkingen,2023,foreign,35.6206
Wipkingen,2024,Swiss,0
Wipkingen,2024,foreign,35.6537
Wipkingen,2025,Swiss,0
Wipkingen,2025,foreign,35.6869
Wipkingen,2026,Swiss,0
Wipkingen,2026,foreign,35.72
Wipkingen,2027,Swiss,0
Wipkingen,2027,foreign,35.7531
Wipkingen,2028,Swiss,0
Wipkingen,2028,foreign,35.7863
Wipkingen,2029,Swiss,0
Wipkingen,2029,foreign,35.8194
Wipkingen,2030,Swiss,0
Wipkingen,2030,foreign,35.8525
Wipkingen,2031,Swiss,0
Wipkingen,2031,foreign,35.8857
Wipkingen,2032,Swiss,0
Wipkingen,2032,foreign,35.9188
Wipkingen,2033,Swiss,0
Wipkingen,2033,foreign,35.952
Wipkingen,2034,Swiss,0
Wipkingen,2034,foreign,35.9851
Wipkingen,2035,Swiss,0
Wipkingen,2035,foreign,36.0182
Wipkingen,2036,Swiss,0
Wipkingen,2036,foreign,36.0514
Wipkingen,2037,Swiss,0
Wipkingen,2037,foreign,36.0845
Wipkingen,2038,Swiss,0
Wipkingen,2038,foreign,36.1176
Wipkingen,2039,Swiss,0
Wipkingen,2039,foreign,36.1508
Wipkingen,2040,Swiss,0
Wipkingen,2040,foreign,36.1839
Wipkingen,2041,Swiss,0
Wipkingen,2041,foreign,36.217
Wipkingen,2042,Swiss,0
Wipkingen,2042,foreign,36.2502
Wipkingen,2043,Swiss,0
Wipkingen,2043,foreign,36.2833
Wipkingen,2044,Swiss,0
Wipkingen,2044,foreign,36.3165
Wipkingen,2045,Swiss,0
Wipkingen,2045,foreign,36.3496
Wipkingen,2046,Swiss,0
Wipkingen,2046,foreign,36.3827
Wipkingen,2047,Swiss,0
Wipkingen,2047,foreign,36.4159
Wipkingen,2048,Swiss,0
Wipkingen,2048,foreign,36.449
Wipkingen,2049,Swiss,0
Wipkingen,2049,foreign,36.4821
Wipkingen,2050,Swiss,0
Wipkingen,2050,foreign,36.5153
Affoltern,2021,Swiss,0
Affoltern,2021,foreign,30.5848
Affoltern,2022,Swiss,0
Affoltern,2022,foreign,30.5347
Affoltern,2023,Swiss,0
Affoltern,2023,foreign,30.4846
Affoltern,2024,Swiss,0
Affoltern,2024,foreign,30.4344
Affoltern,2025,Swiss,0
Affoltern,2025,foreign,30.3843
Affoltern,2026,Swiss,0
Affoltern,2026,foreign,30.3342
Affoltern,2027,Swiss,0
Affoltern,2027,foreign,30.2841
Affoltern,2028,Swiss,0
Affoltern,2028,foreign,30.234
Affoltern,2029,Swiss,0
Affoltern,2029,foreign,30.1838
Affoltern,2030,Swiss,0
Affoltern,2030,foreign,30.1337
Affoltern,2031,Swiss,0
Affoltern,2031,foreign,30.0836
Affoltern,2032,Swiss,0
Affoltern,2032,foreign,30.0335
Affoltern,2033,Swiss,0
Affoltern,2033,foreign,29.9834
Affoltern,2034,Swiss,0
Affoltern,2034,foreign,29.9332
Affoltern,2035,Swiss,0
Affoltern,2035,foreign,29.8831
Affoltern,2036,Swiss,0
Affoltern,2036,foreign,29.833
Affoltern,2037,Swiss,0
Affoltern,2037,foreign,29.7829
Affoltern,2038,Swiss,0
Affoltern,2038,foreign,29.7328
Affoltern,2039,Swiss,0
Affoltern,2039,foreign,29.6827
Affoltern,2040,Swiss,0
Affoltern,2040,foreign,29.6325
Affoltern,2041,Swiss,0
Affoltern,2041,foreign,29.5824
Affoltern,2042,Swiss,0
Affoltern,2042,foreign,29.5323
Affoltern,2043,Swiss,0
Affoltern,2043,foreign,29.4822
Affoltern,2044,Swiss,0
Affoltern,2044,foreign,29.4321
Affoltern,2045,Swiss,0
Affoltern,2045,foreign,29.3819
Affoltern,2046,Swiss,0
Affoltern,2046,foreign,29.3318
Affoltern,2047,Swiss,0
Affoltern,2047,foreign,29.2817
Affoltern,2048,Swiss,0
Affoltern,2048,foreign,29.2316
Affoltern,2049,Swiss,0
Affoltern,2049,foreign,29.1815
Affoltern,2050,Swiss,0
Affoltern,2050,foreign,29.1313
Oerlikon,2021,Swiss,0
Oerlikon,2021,foreign,25.2349
Oerlikon,2022,Swiss,0
Oerlikon,2022,foreign,25.1647
Oerlikon,2023,Swiss,0
Oerlikon,2023,foreign,25.0945
Oerlikon,2024,Swiss,0
Oerlikon,2024,foreign,25.0243
Oerlikon,2025,Swiss,0
Oerlikon,2025,foreign,24.9541
Oerlikon,2026,Swiss,0
Oerlikon,2026,foreign,24.884
Oerlikon,2027,Swiss,0
Oerlikon,2027,foreign,24.8138
Oerlikon,2028,Swiss,0
Oerlikon,2028,foreign,24.7436
Oerlikon,2029,Swiss,0
Oerlikon,2029,foreign,24.6734
Oerlikon,2030,Swiss,0
Oerlikon,2030,foreign,24.6033
Oerlikon,2031,Swiss,0
Oerlikon,2031,foreign,24.5331
Oerlikon,2032,Swiss,0
Oerlikon,2032,foreign,24.4629
Oerlikon,2033,Swiss,0
Oerlikon,2033,foreign,24.3927
Oerlikon,2034,Swiss,0
Oerlikon,2034,foreign,24.3226
Oerlikon,2035,Swiss,0
Oerlikon,2035,foreign,24.2524
Oerlikon,2036,Swiss,0
Oerlikon,2036,foreign,24.1822
Oerlikon,2037,Swiss,0
Oerlikon,2037,foreign,24.112
Oerlikon,2038,Swiss,0
Oerlikon,2038,foreign,24.0419
Oerlikon,2039,Swiss,0
Oerlikon,2039,foreign,23.9717
Oerlikon,2040,Swiss,0
Oerlikon,2040,foreign,23.9015
Oerlikon,2041,Swiss,0
Oerlikon,2041,foreign,23.8313
Oerlikon,2042,Swiss,0
Oerlikon,2042,foreign,23.7612
Oerlikon,2043,Swiss,0
Oerlikon,2043,foreign,23.691
Oerlikon,2044,Swiss,0
Oerlikon,2044,foreign,23.6208
Oerlikon,2045,Swiss,0
Oerlikon,2045,foreign,23.5506
Oerlikon,2046,Swiss,0
Oerlikon,2046,foreign,23.4805
Oerlikon,2047,Swiss,0
Oerlikon,2047,foreign,23.4103
Oerlikon,2048,Swiss,0
Oerlikon,2048,foreign,23.3401
Oerlikon,2049,Swiss,0
Oerlikon,2049,foreign,23.2699
Oerlikon,2050,Swiss,0
Oerlikon,2050,foreign,23.1998
Seebach,2021,Swiss,0
Seebach,2021,foreign,25.883
Seebach,2022,Swiss,0
Seebach,2022,foreign,25.9252
Seebach,2023,Swiss,0
Seebach,2023,foreign,25.9675
Seebach,2024,Swiss,0
Seebach,2024,foreign,26.0097
Seebach,2025,Swiss,0
Seebach,2025,foreign,26.0519
Seebach,2026,Swiss,0
Seebach,2026,foreign,26.0942
Seebach,2027,Swiss,0
Seebach,2027,foreign,26.1364
Seebach,2028,Swiss,0
Seebach,2028,foreign,26.1786
Seebach,2029,Swiss,0
Seebach,2029,foreign,26.2209
Seebach,2030,Swiss,0
Seebach,2030,foreign,26.2631
Seebach,2031,Swiss,0
Seebach,2031,foreign,26.3053
Seebach,2032,Swiss,0
Seebach,2032,foreign,26.3476
Seebach,2033,Swiss,0
Seebach,2033,foreign,26.3898
Seebach,2034,Swiss,0
Seebach,2034,foreign,26.4321
Seebach,2035,Swiss,0
Seebach,2035,foreign,26.4743
Seebach,2036,Swiss,0
Seebach,2036,foreign,26.5165
Seebach,2037,Swiss,0
Seebach,2037,foreign,26.5588
Seebach,2038,Swiss,0
Seebach,2038,foreign,26.601
Seebach,2039,Swiss,0
Seebach,2039,foreign,26.6432
Seebach,2040,Swiss,0
Seebach,2040,foreign,26.6855
Seebach,2041,Swiss,0
Seebach,2041,foreign,26.7277
Seebach,2042,Swiss,0
Seebach,2042,foreign,26.7699
Seebach,2043,Swiss,0
Seebach,2043,foreign,26.8122
Seebach,2044,Swiss,0
Seebach,2044,foreign,26.8544
Seebach,2045,Swiss,0
Seebach,2045,foreign,26.8966
Seebach,2046,Swiss,0
Seebach,2046,foreign,26.9389
Seebach,2047,Swiss,0
Seebach,2047,foreign,26.9811
Seebach,2048,Swiss,0
Seebach,2048,foreign,27.0234
Seebach,2049,Swiss,0
Seebach,2049,foreign,27.0656
Seebach,2050,Swiss,0
Seebach,2050,foreign,27.1078
Saatlen,2021,Swiss,0.1365
Saatlen,2021,foreign,31.9797
Saatlen,2022,Swiss,0.1348
Saatlen,2022,foreign,32.1051
Saatlen,2023,Swiss,0.1336
Saatlen,2023,foreign,32.2306
Saatlen,2024,Swiss,0.133
Saatlen,2024,foreign,32.356
Saatlen,2025,Swiss,0.1329
Saatlen,2025,foreign,32.4814
Saatlen,2026,Swiss,0.1329
Saatlen,2026,foreign,32.6068
Saatlen,2027,Swiss,0.1329
Saatlen,2027,foreign,32.7323
Saatlen,2028,Swiss,0.1329
Saatlen,2028,foreign,32.8577
Saatlen,2029,Swiss,0.1329
Saatlen,2029,foreign,32.9831
Saatlen,2030,Swiss,0.1329
Saatlen,2030,foreign,33.1086
Saatlen,2031,Swiss,0.1329
Saatlen,2031,foreign,33.234
Saatlen,2032,Swiss,0.1329
Saatlen,2032,foreign,33.3594
Saatlen,2033,Swiss,0.1329
Saatlen,2033,foreign,33.4848
Saatlen,2034,Swiss,0.1329
Saatlen,2034,foreign,33.6103
Saatlen,2035,Swiss,0.1329
Saatlen,2035,foreign,33.7357
Saatlen,2036,Swiss,0.1329
Saatlen,2036,foreign,33.8611
Saatlen,2037,Swiss,0.1329
Saatlen,2037,foreign,33.9865
Saatlen,2038,Swiss,0.1329
Saatlen,2038,foreign,34.112
Saatlen,2039,Swiss,0.1329
Saatlen,2039,foreign,34.2374
Saatlen,2040,Swiss,0.1329
Saatlen,2040,foreign,34.3628
Saatlen,2041,Swiss,0.1329
Saatlen,2041,foreign,34.4883
Saatlen,2042,Swiss,0.1329
Saatlen,2042,foreign,34.6137
Saatlen,2043,Swiss,0.1329
Saatlen,2043,foreign,34.7391
Saatlen,2044,Swiss,0.1329
Saatlen,2044,foreign,34.8645
Saatlen,2045,Swiss,0.1329
Saatlen,2045,foreign,34.99
Saatlen,2046,Swiss,0.1329
Saatlen,2046,foreign,35.1154
Saatlen,2047,Swiss,0.1329
Saatlen,2047,foreign,35.2408
Saatlen,2048,Swiss,0.1329
Saatlen,2048,foreign,35.3662
Saatlen,2049,Swiss,0.1329
Saatlen,2049,foreign,35.4917
Saatlen,2050,Swiss,0.1329
Saatlen,2050,foreign,35.6171
Schwamendingen-Mitte,2021,Swiss,0.1702
Schwamendingen-Mitte,2021,foreign,22.9699
Schwamendingen-Mitte,2022,Swiss,0.1686
Schwamendingen-Mitte,2022,foreign,22.8708
Schwamendingen-Mitte,2023,Swiss,0.1681
Schwamendingen-Mitte,2023,foreign,22.7716
Schwamendingen-Mitte,2024,Swiss,0.1681
Schwamendingen-Mitte,2024,foreign,22.6724
Schwamendingen-Mitte,2025,Swiss,0.1681
Schwamendingen-Mitte,2025,foreign,22.5732
Schwamendingen-Mitte,2026,Swiss,0.1681
Schwamendingen-Mitte,2026,foreign,22.474
Schwamendingen-Mitte,2027,Swiss,0.1681
Schwamendingen-Mitte,2027,foreign,22.3748
Schwamendingen-Mitte,2028,Swiss,0.1681
Schwamendingen-Mitte,2028,foreign,22.2756
Schwamendingen-Mitte,2029,Swiss,0.1681
Schwamendingen-Mitte,2029,foreign,22.1765
Schwamendingen-Mitte,2030,Swiss,0.1681
Schwamendingen-Mitte,2030,foreign,22.0773
Schwamendingen-Mitte,2031,Swiss,0.1681
Schwamendingen-Mitte,2031,foreign,21.9781
Schwamendingen-Mitte,2032,Swiss,0.1681
Schwamendingen-Mitte,2032,foreign,21.8789
Schwamendingen-Mitte,2033,Swiss,0.1681
Schwamendingen-Mitte,2033,foreign,21.7797
Schwamendingen-Mitte,2034,Swiss,0.1681
Schwamendingen-Mitte,2034,foreign,21.6805
Schwamendingen-Mitte,2035,Swiss,0.1681
Schwamendingen-Mitte,2035,foreign,21.5814
Schwamendingen-Mitte,2036,Swiss,0.1681
Schwamendingen-Mitte,2036,foreign,21.4822
Schwamendingen-Mitte,2037,Swiss,0.1681
Schwamendingen-Mitte,2037,foreign,21.383
Schwamendingen-Mitte,2038,Swiss,0.1681
Schwamendingen-Mitte,2038,foreign,21.2838
Schwamendingen-Mitte,2039,Swiss,0.1681
Schwamendingen-Mitte,2039,foreign,21.1846
Schwamendingen-Mitte,2040,Swiss,0.1681
Schwamendingen-Mitte,2040,foreign,21.0854
Schwamendingen-Mitte,2041,Swiss,0.1681
Schwamendingen-Mitte,2041,foreign,20.9862
Schwamendingen-Mitte,2042,Swiss,0.1681
Schwamendingen-Mitte,2042,foreign,20.8871
Schwamendingen-Mitte,2043,Swiss,0.1681
Schwamendingen-Mitte,2043,foreign,20.7879
Schwamendingen-Mitte,2044,Swiss,0.1681
Schwamendingen-Mitte,2044,foreign,20.6887
Schwamendingen-Mitte,2045,Swiss,0.1681
Schwamendingen-Mitte,2045,foreign,20.5895
Schwamendingen-Mitte,2046,Swiss,0.1681
Schwamendingen-Mitte,2046,foreign,20.4903
Schwamendingen-Mitte,2047,Swiss,0.1681
Schwamendingen-Mitte,2047,foreign,20.3911
Schwamendingen-Mitte,2048,Swiss,0.1681
Schwamendingen-Mitte,2048,foreign,20.292
Schwamendingen-Mitte,2049,Swiss,0.1681
Schwamendingen-Mitte,2049,foreign,20.1928
Schwamendingen-Mitte,2050,Swiss,0.1681
Schwamendingen-Mitte,2050,foreign,20.0936
Hirzenbach,2021,Swiss,0
Hirzenbach,2021,foreign,25.0063
Hirzenbach,2022,Swiss,0
Hirzenbach,2022,foreign,25.1803
Hirzenbach,2023,Swiss,0
Hirzenbach,2023,foreign,25.3542
Hirzenbach,2024,Swiss,0
Hirzenbach,2024,foreign,25.5281
Hirzenbach,2025,Swiss,0
Hirzenbach,2025,foreign,25.7021
Hirzenbach,2026,Swiss,0
Hirzenbach,2026,foreign,25.876
Hirzenbach,2027,Swiss,0
Hirzenbach,2027,foreign,26.0499
Hirzenbach,2028,Swiss,0
Hirzenbach,2028,foreign,26.2239
Hirzenbach,2029,Swiss,0
Hirzenbach,2029,foreign,26.3978
Hirzenbach,2030,Swiss,0
Hirzenbach,2030,foreign,26.5717
Hirzenbach,2031,Swiss,0
Hirzenbach,2031,foreign,26.7456
Hirzenbach,2032,Swiss,0
Hirzenbach,2032,foreign,26.9196
Hirzenbach,2033,Swiss,0
Hirzenbach,2033,foreign,27.0935
Hirzenbach,2034,Swiss,0
Hirzenbach,2034,foreign,27.2674
Hirzenbach,2035,Swiss,0
Hirzenbach,2035,foreign,27.4381
Hirzenbach,2036,Swiss,0
Hirzenbach,2036,foreign,27.5954
Hirzenbach,2037,Swiss,0
Hirzenbach,2037,foreign,27.7392
Hirzenbach,2038,Swiss,0
Hirzenbach,2038,foreign,27.8697
Hirzenbach,2039,Swiss,0
Hirzenbach,2039,foreign,27.9869
Hirzenbach,2040,Swiss,0
Hirzenbach,2040,foreign,28.0906
Hirzenbach,2041,Swiss,0
Hirzenbach,2041,foreign,28.181
Hirzenbach,2042,Swiss,0
Hirzenbach,2042,foreign,28.258
Hirzenbach,2043,Swiss,0
Hirzenbach,2043,foreign,28.3216
Hirzenbach,2044,Swiss,0
Hirzenbach,2044,foreign,28.3718
Hirzenbach,2045,Swiss,0
Hirzenbach,2045,foreign,28.4086
Hirzenbach,2046,Swiss,0
Hirzenbach,2046,foreign,28.4321
Hirzenbach,2047,Swiss,0
Hirzenbach,2047,foreign,28.4422
Hirzenbach,2048,Swiss,0
Hirzenbach,2048,foreign,28.4422
Hirzenbach,2049,Swiss,0
Hirzenbach,2049,foreign,28.4422
Hirzenbach,2050,Swiss,0
Hirzenbach,2050,foreign,28.4422
