district,year,owner,spa_dyw
Kreis 1,2021,cooperative housing,37.3754
Kreis 1,2021,private housing,54.4198
Kreis 1,2022,cooperative housing,37.2895
Kreis 1,2022,private housing,54.4264
Kreis 1,2023,cooperative housing,37.2036
Kreis 1,2023,private housing,54.4329
Kreis 1,2024,cooperative housing,37.1177
Kreis 1,2024,private housing,54.4395
Kreis 1,2025,cooperative housing,37.0318
Kreis 1,2025,private housing,54.446
Kreis 1,2026,cooperative housing,36.9459
Kreis 1,2026,private housing,54.4526
Kreis 1,2027,cooperative housing,36.86
Kreis 1,2027,private housing,54.4591
Kreis 1,2028,cooperative housing,36.7741
Kreis 1,2028,private housing,54.4657
Kreis 1,2029,cooperative housing,36.6882
Kreis 1,2029,private housing,54.4722
Kreis 1,2030,cooperative housing,36.6023
Kreis 1,2030,private housing,54.4788
Kreis 1,2031,cooperative housing,36.5164
Kreis 1,2031,private housing,54.4853
Kreis 1,2032,cooperative housing,36.4305
Kreis 1,2032,private housing,54.4919
Kreis 1,2033,cooperative housing,36.3446
Kreis 1,2033,private housing,54.4984
Kreis 1,2034,cooperative housing,36.2587
Kreis 1,2034,private housing,54.505
Kreis 1,2035,cooperative housing,36.1729
Kreis 1,2035,private housing,54.5115
Kreis 1,2036,cooperative housing,36.087
Kreis 1,2036,private housing,54.5181
Kreis 1,2037,cooperative housing,36.0011
Kreis 1,2037,private housing,54.5246
Kreis 1,2038,cooperative housing,35.9152
Kreis 1,2038,private housing,54.5312
Kreis 1,2039,cooperative housing,35.8293
Kreis 1,2039,private housing,54.5377
Kreis 1,2040,cooperative housing,35.7434
Kreis 1,2040,private housing,54.5443
Kreis 1,2041,cooperative housing,35.6575
Kreis 1,2041,private housing,54.5508
Kreis 1,2042,cooperative housing,35.5716
Kreis 1,2042,private housing,54.5574
Kreis 1,2043,cooperative housing,35.4857
Kreis 1,2043,private housing,54.5639
Kreis 1,2044,cooperative housing,35.3998
Kreis 1,2044,private housing,54.5705
Kreis 1,2045,cooperative housing,35.3139
Kreis 1,2045,private housing,54.577
Kreis 1,2046,cooperative housing,35.228
Kreis 1,2046,private housing,54.5836
Kreis 1,2047,cooperative housing,35.1421
Kreis 1,2047,private housing,54.5901
Kreis 1,2048,cooperative housing,35.0562
Kreis 1,2048,private housing,54.5967
Kreis 1,2049,cooperative housing,34.9703
Kreis 1,2049,private housing,54.6032
Kreis 1,2050,cooperative housing,34.8844
Kreis 1,2050,private housing,54.6098
Wollishofen,2021,cooperative housing,34.1787
Wollishofen,2021,private housing,47.943
Wollishofen,2022,cooperative housing,34.1459
Wollishofen,2022,private housing,47.8947
Wollishofen,2023,cooperative housing,34.1131
Wollishofen,2023,private housing,47.8464
Wollishofen,2024,cooperative housing,34.0803
Wollishofen,2024,private housing,47.798
Wollishofen,2025,cooperative housing,34.0475
Wollishofen,2025,private housing,47.7497
Wollishofen,2026,cooperative housing,34.0147
Wollishofen,2026,private housing,47.7014
Wollishofen,2027,cooperative housing,33.9819
Wollishofen,2027,private housing,47.653
Wollishofen,2028,cooperative housing,33.9491
Wollishofen,2028,private housing,47.6047
Wollishofen,2029,cooperative housing,33.9163
Wollishofen,2029,private housing,47.5564
Wollishofen,2030,cooperative housing,33.8835
Wollishofen,2030,private housing,47.5081
Wollishofen,2031,cooperative housing,33.8507
Wollishofen,2031,private housing,47.4597
Wollishofen,2032,cooperative housing,33.8179
Wollishofen,2032,private housing,47.4114
Wollishofen,2033,cooperative housing,33.7851
Wollishofen,2033,private housing,47.3631
Wollishofen,2034,cooperative housing,33.7523
Wollishofen,2034,private housing,47.3147
Wollishofen,2035,cooperative housing,33.7195
Wollishofen,2035,private housing,47.2664
Wollishofen,2036,cooperative housing,33.6867
Wollishofen,2036,private housing,47.2181
Wollishofen,2037,cooperative housing,33.6539
Wollishofen,2037,private housing,47.1697
Wollishofen,2038,cooperative housing,33.6211
Wollishofen,2038,private housing,47.1214
Wollishofen,2039,cooperative housing,33.5883
Wollishofen,2039,private housing,47.0731
Wollishofen,2040,cooperative housing,33.5555
Wollishofen,2040,private housing,47.0247
Wollishofen,2041,cooperative housing,33.5227
Wollishofen,2041,private housing,46.9764
Wollishofen,2042,cooperative housing,33.4899
Wollishofen,2042,private housing,46.9281
Wollishofen,2043,cooperative housing,33.4571
Wollishofen,2043,private housing,46.8797
Wollishofen,2044,cooperative housing,33.4243
Wollishofen,2044,private housing,46.8314
Wollishofen,2045,cooperative housing,33.3915
Wollishofen,2045,private housing,46.7831
Wollishofen,2046,cooperative housing,33.3587
Wollishofen,2046,private housing,46.7347
Wollishofen,2047,cooperative housing,33.3259
Wollishofen,2047,private housing,46.6864
Wollishofen,2048,cooperative housing,33.2931
Wollishofen,2048,private housing,46.6381
Wollishofen,2049,cooperative housing,33.2603
Wollishofen,2049,private housing,46.5897
Wollishofen,2050,cooperative housing,33.2276
Wollishofen,2050,private housing,46.5414
Leimbach,2021,cooperative housing,33.3108
Leimbach,2021,private housing,43.4748
Leimbach,2022,cooperative housing,33.2923
Leimbach,2022,private housing,43.4628
Leimbach,2023,cooperative housing,33.2738
Leimbach,2023,private housing,43.4508
Leimbach,2024,cooperative housing,33.2553
Leimbach,2024,private housing,43.4389
Leimbach,2025,cooperative housing,33.2367
Leimbach,2025,private housing,43.4269
Leimbach,2026,cooperative housing,33.2182
Leimbach,2026,private housing,43.4149
Leimbach,2027,cooperative housing,33.1997
Leimbach,2027,private housing,43.4029
Leimbach,2028,cooperative housing,33.1811
Leimbach,2028,private housing,43.3909
Leimbach,2029,cooperative housing,33.1626
Leimbach,2029,private housing,43.3789
Leimbach,2030,cooperative housing,33.1441
Leimbach,2030,private housing,43.367
Leimbach,2031,cooperative housing,33.1256
Leimbach,2031,private housing,43.355
Leimbach,2032,cooperative housing,33.107
Leimbach,2032,private housing,43.343
Leimbach,2033,cooperative housing,33.0885
Leimbach,2033,private housing,43.331
Leimbach,2034,cooperative housing,33.07
Leimbach,2034,private housing,43.319
Leimbach,2035,cooperative housing,33.0515
Leimbach,2035,private housing,43.307
Leimbach,2036,cooperative housing,33.0329
Leimbach,2036,private housing,43.295
Leimbach,2037,cooperative housing,33.0144
Leimbach,2037,private housing,43.2831
Leimbach,2038,cooperative housing,32.9959
Leimbach,2038,private housing,43.2711
Leimbach,2039,cooperative housing,32.9774
Leimbach,2039,private housing,43.2591
Leimbach,2040,cooperative housing,32.9588
Leimbach,2040,private housing,43.2471
Leimbach,2041,cooperative housing,32.9403
Leimbach,2041,private housing,43.2351
Leimbach,2042,cooperative housing,32.9218
Leimbach,2042,private housing,43.2231
Leimbach,2043,cooperative housing,32.9033
Leimbach,2043,private housing,43.2111
Leimbach,2044,cooperative housing,32.8847
Leimbach,2044,private housing,43.1992
Leimbach,2045,cooperative housing,32.8662
Leimbach,2045,private housing,43.1872
Leimbach,2046,cooperative housing,32.8477
Leimbach,2046,private housing,43.1752
Leimbach,2047,cooperative housing,32.8291
Leimbach,2047,private housing,43.1632
Leimbach,2048,cooperative housing,32.8106
Leimbach,2048,private housing,43.1512
Leimbach,2049,cooperative housing,32.7921
Leimbach,2049,private housing,43.1392
Leimbach,2050,cooperative housing,32.7736
Leimbach,2050,private housing,43.1272
Enge,2021,cooperative housing,34.0824
Enge,2021,private housing,52.2637
Enge,2022,cooperative housing,34.0864
Enge,2022,private housing,52.204
Enge,2023,cooperative housing,34.0904
Enge,2023,private housing,52.1443
Enge,2024,cooperative housing,34.0944
Enge,2024,private housing,52.0846
Enge,2025,cooperative housing,34.0984
Enge,2025,private housing,52.0248
Enge,2026,cooperative housing,34.1024
Enge,2026,private housing,51.9651
Enge,2027,cooperative housing,34.1064
Enge,2027,private housing,51.9054
Enge,2028,cooperative housing,34.1105
Enge,2028,private housing,51.8457
Enge,2029,cooperative housing,34.1145
Enge,2029,private housing,51.786
Enge,2030,cooperative housing,34.1185
Enge,2030,private housing,51.7263
Enge,2031,cooperative housing,34.1225
Enge,2031,private housing,51.6666
Enge,2032,cooperative housing,34.1265
Enge,2032,private housing,51.6069
Enge,2033,cooperative housing,34.1305
Enge,2033,private housing,51.5472
Enge,2034,cooperative housing,34.1345
Enge,2034,private housing,51.4875
Enge,2035,cooperative housing,34.1385
Enge,2035,private housing,51.4278
Enge,2036,cooperative housing,34.1425
Enge,2036,private housing,51.3681
Enge,2037,cooperative housing,34.1465
Enge,2037,private housing,51.3084
Enge,2038,cooperative housing,34.1505
Enge,2038,private housing,51.2487
Enge,2039,cooperative housing,34.1545
Enge,2039,private housing,51.189
Enge,2040,cooperative housing,34.1585
Enge,2040,private housing,51.1293
Enge,2041,cooperative housing,34.1625
Enge,2041,private housing,51.0696
Enge,2042,cooperative housing,34.1665
Enge,2042,private housing,51.0098
Enge,2043,cooperative housing,34.1705
Enge,2043,private housing,50.9501
Enge,2044,cooperative housing,34.1745
Enge,2044,private housing,50.8904
Enge,2045,cooperative housing,34.1785
Enge,2045,private housing,50.8307
Enge,2046,cooperative housing,34.1825
Enge,2046,private housing,50.771
Enge,2047,cooperative housing,34.1865
Enge,2047,private housing,50.7113
Enge,2048,cooperative housing,34.1906
Enge,2048,private housing,50.6516
Enge,2049,cooperative housing,34.1946
Enge,2049,private housing,50.5919
Enge,2050,cooperative housing,34.1986
Enge,2050,private housing,50.5322
Alt-Wiedikon,2021,cooperative housing,36.5418
Alt-Wiedikon,2021,private housing,42.4583
Alt-Wiedikon,2022,cooperative housing,36.4971
Alt-Wiedikon,2022,private housing,42.416
Alt-Wiedikon,2023,cooperative housing,36.4524
Alt-Wiedikon,2023,private housing,42.3737
Alt-Wiedikon,2024,cooperative housing,36.4077
Alt-Wiedikon,2024,private housing,42.3315
Alt-Wiedikon,2025,cooperative housing,36.3631
Alt-Wiedikon,2025,private housing,42.2892
Alt-Wiedikon,2026,cooperative housing,36.3184
Alt-Wiedikon,2026,private housing,42.2469
Alt-Wiedikon,2027,cooperative housing,36.2737
Alt-Wiedikon,2027,private housing,42.2047
Alt-Wiedikon,2028,cooperative housing,36.229
Alt-Wiedikon,2028,private housing,42.1624
Alt-Wiedikon,2029,cooperative housing,36.1843
Alt-Wiedikon,2029,private housing,42.1201
Alt-Wiedikon,2030,cooperative housing,36.1396
Alt-Wiedikon,2030,private housing,42.0779
Alt-Wiedikon,2031,cooperative housing,36.0949
Alt-Wiedikon,2031,private housing,42.0356
Alt-Wiedikon,2032,cooperative housing,36.0502
Alt-Wiedikon,2032,private housing,41.9933
Alt-Wiedikon,2033,cooperative housing,36.0056
Alt-Wiedikon,2033,private housing,41.9511
Alt-Wiedikon,2034,cooperative housing,35.9609
Alt-Wiedikon,2034,private housing,41.9088
Alt-Wiedikon,2035,cooperative housing,35.9162
Alt-Wiedikon,2035,private housing,41.8666
Alt-Wiedikon,2036,cooperative housing,35.8715
Alt-Wiedikon,2036,private housing,41.8243
Alt-Wiedikon,2037,cooperative housing,35.8268
Alt-Wiedikon,2037,private housing,41.782
Alt-Wiedikon,2038,cooperative housing,35.7821
Alt-Wiedikon,2038,private housing,41.7398
Alt-Wiedikon,2039,cooperative housing,35.7374
Alt-Wiedikon,2039,private housing,41.6975
Alt-Wiedikon,2040,cooperative housing,35.6927
Alt-Wiedikon,2040,private housing,41.6552
Alt-Wiedikon,2041,cooperative housing,35.6481
Alt-Wiedikon,2041,private housing,41.613
Alt-Wiedikon,2042,cooperative housing,35.6034
Alt-Wiedikon,2042,private housing,41.5707
Alt-Wiedikon,2043,cooperative housing,35.5587
Alt-Wiedikon,2043,private housing,41.5284
Alt-Wiedikon,2044,cooperative housing,35.514
Alt-Wiedikon,2044,private housing,41.4862
Alt-Wiedikon,2045,cooperative housing,35.4693
Alt-Wiedikon,2045,private housing,41.4439
Alt-Wiedikon,2046,cooperative housing,35.4246
Alt-Wiedikon,2046,private housing,41.4016
Alt-Wiedikon,2047,cooperative housing,35.3799
Alt-Wiedikon,2047,private housing,41.3594
Alt-Wiedikon,2048,cooperative housing,35.3352
Alt-Wiedikon,2048,private housing,41.3171
Alt-Wiedikon,2049,cooperative housing,35.2906
Alt-Wiedikon,2049,private housing,41.2748
Alt-Wiedikon,2050,cooperative housing,35.2459
Alt-Wiedikon,2050,private housing,41.2326
Friesenberg,2021,cooperative housing,29.6011
Friesenberg,2021,private housing,43.1601
Friesenberg,2022,cooperative housing,29.6173
Friesenberg,2022,private housing,43.1782
Friesenberg,2023,cooperative housing,29.6335
Friesenberg,2023,private housing,43.1964
Friesenberg,2024,cooperative housing,29.6497
Friesenberg,2024,private housing,43.2145
Friesenberg,2025,cooperative housing,29.6659
Friesenberg,2025,private housing,43.2327
Friesenberg,2026,cooperative housing,29.6821
Friesenberg,2026,private housing,43.2508
Friesenberg,2027,cooperative housing,29.6983
Friesenberg,2027,private housing,43.2689
Friesenberg,2028,cooperative housing,29.7145
Friesenberg,2028,private housing,43.2871
Friesenberg,2029,cooperative housing,29.7307
Friesenberg,2029,private housing,43.3052
Friesenberg,2030,cooperative housing,29.7469
Friesenberg,2030,private housing,43.3233
Friesenberg,2031,cooperative housing,29.7631
Friesenberg,2031,private housing,43.3415
Friesenberg,2032,cooperative housing,29.7793
Friesenberg,2032,private housing,43.3596
Friesenberg,2033,cooperative housing,29.7955
Friesenberg,2033,private housing,43.3778
Friesenberg,2034,cooperative housing,29.8117
Friesenberg,2034,private housing,43.3959
Friesenberg,2035,cooperative housing,29.8279
Friesenberg,2035,private housing,43.414
Friesenberg,2036,cooperative housing,29.8441
Friesenberg,2036,private housing,43.4322
Friesenberg,2037,cooperative housing,29.8603
Friesenberg,2037,private housing,43.4503
Friesenberg,2038,cooperative housing,29.8765
Friesenberg,2038,private housing,43.4684
Friesenberg,2039,cooperative housing,29.8927
Friesenberg,2039,private housing,43.4866
Friesenberg,2040,cooperative housing,29.9089
Friesenberg,2040,private housing,43.5047
Friesenberg,2041,cooperative housing,29.9251
Friesenberg,2041,private housing,43.5229
Friesenberg,2042,cooperative housing,29.9413
Friesenberg,2042,private housing,43.541
Friesenberg,2043,cooperative housing,29.9575
Friesenberg,2043,private housing,43.5591
Friesenberg,2044,cooperative housing,29.9737
Friesenberg,2044,private housing,43.5773
Friesenberg,2045,cooperative housing,29.9899
Friesenberg,2045,private housing,43.5954
Friesenberg,2046,cooperative housing,30.0061
Friesenberg,2046,private housing,43.6135
Friesenberg,2047,cooperative housing,30.0223
Friesenberg,2047,private housing,43.6317
Friesenberg,2048,cooperative housing,30.0385
Friesenberg,2048,private housing,43.6498
Friesenberg,2049,cooperative housing,30.0547
Friesenberg,2049,private housing,43.668
Friesenberg,2050,cooperative housing,30.0709
Friesenberg,2050,private housing,43.6861
Sihlfeld,2021,cooperative housing,35.065
Sihlfeld,2021,private housing,39.776
Sihlfeld,2022,cooperative housing,35.0594
Sihlfeld,2022,private housing,39.7863
Sihlfeld,2023,cooperative housing,35.0538
Sihlfeld,2023,private housing,39.7966
Sihlfeld,2024,cooperative housing,35.0482
Sihlfeld,2024,private housing,39.8069
Sihlfeld,2025,cooperative housing,35.0426
Sihlfeld,2025,private housing,39.8172
Sihlfeld,2026,cooperative housing,35.037
Sihlfeld,2026,private housing,39.8275
Sihlfeld,2027,cooperative housing,35.0314
Sihlfeld,2027,private housing,39.8377
Sihlfeld,2028,cooperative housing,35.0258
Sihlfeld,2028,private housing,39.848
Sihlfeld,2029,cooperative housing,35.0202
Sihlfeld,2029,private housing,39.8583
Sihlfeld,2030,cooperative housing,35.0146
Sihlfeld,2030,private housing,39.8686
Sihlfeld,2031,cooperative housing,35.009
Sihlfeld,2031,private housing,39.8789
Sihlfeld,2032,cooperative housing,35.0034
Sihlfeld,2032,private housing,39.8892
Sihlfeld,2033,cooperative housing,34.9978
Sihlfeld,2033,private housing,39.8995
Sihlfeld,2034,cooperative housing,34.9922
Sihlfeld,2034,private housing,39.9098
Sihlfeld,2035,cooperative housing,34.9866
Sihlfeld,2035,private housing,39.92
Sihlfeld,2036,cooperative housing,34.981
Sihlfeld,2036,private housing,39.9303
Sihlfeld,2037,cooperative housing,34.9754
Sihlfeld,2037,private housing,39.9406
Sihlfeld,2038,cooperative housing,34.9698
Sihlfeld,2038,private housing,39.9509
Sihlfeld,2039,cooperative housing,34.9642
Sihlfeld,2039,private housing,39.9612
Sihlfeld,2040,cooperative housing,34.9586
Sihlfeld,2040,private housing,39.9715
Sihlfeld,2041,cooperative housing,34.953
Sihlfeld,2041,private housing,39.9818
Sihlfeld,2042,cooperative housing,34.9474
Sihlfeld,2042,private housing,39.9921
Sihlfeld,2043,cooperative housing,34.9418
Sihlfeld,2043,private housing,40.0023
Sihlfeld,2044,cooperative housing,34.9362
Sihlfeld,2044,private housing,40.0126
Sihlfeld,2045,cooperative housing,34.9306
Sihlfeld,2045,private housing,40.0229
Sihlfeld,2046,cooperative housing,34.925
Sihlfeld,2046,private housing,40.0332
Sihlfeld,2047,cooperative housing,34.9194
Sihlfeld,2047,private housing,40.0435
Sihlfeld,2048,cooperative housing,34.9138
Sihlfeld,2048,private housing,40.0538
Sihlfeld,2049,cooperative housing,34.9082
Sihlfeld,2049,private housing,40.0641
Sihlfeld,2050,cooperative housing,34.9026
Sihlfeld,2050,private housing,40.0744
Werd,2021,cooperative housing,34.0824
Werd,2021,private housing,38.6477
Werd,2022,cooperative housing,34.0864
Werd,2022,private housing,38.6657
Werd,2023,cooperative housing,34.0904
Werd,2023,private housing,38.6836
Werd,2024,cooperative housing,34.0944
Werd,2024,private housing,38.7016
Werd,2025,cooperative housing,34.0984
Werd,2025,private housing,38.7196
Werd,2026,cooperative housing,34.1024
Werd,2026,private housing,38.7376
Werd,2027,cooperative housing,34.1064
Werd,2027,private housing,38.7555
Werd,2028,cooperative housing,34.1105
Werd,2028,private housing,38.7735
Werd,2029,cooperative housing,34.1145
Werd,2029,private housing,38.7915
Werd,2030,cooperative housing,34.1185
Werd,2030,private housing,38.8095
Werd,2031,cooperative housing,34.1225
Werd,2031,private housing,38.8275
Werd,2032,cooperative housing,34.1265
Werd,2032,private housing,38.8454
Werd,2033,cooperative housing,34.1305
Werd,2033,private housing,38.8634
Werd,2034,cooperative housing,34.1345
Werd,2034,private housing,38.8814
Werd,2035,cooperative housing,34.1385
Werd,2035,private housing,38.8994
Werd,2036,cooperative housing,34.1425
Werd,2036,private housing,38.9173
Werd,2037,cooperative housing,34.1465
Werd,2037,private housing,38.9353
Werd,2038,cooperative housing,34.1505
Werd,2038,private housing,38.9533
Werd,2039,cooperative housing,34.1545
Werd,2039,private housing,38.9713
Werd,2040,cooperative housing,34.1585
Werd,2040,private housing,38.9892
Werd,2041,cooperative housing,34.1625
Werd,2041,private housing,39.0072
Werd,2042,cooperative housing,34.1665
Werd,2042,private housing,39.0252
Werd,2043,cooperative housing,34.1705
Werd,2043,private housing,39.0432
Werd,2044,cooperative housing,34.1745
Werd,2044,private housing,39.0612
Werd,2045,cooperative housing,34.1785
Werd,2045,private housing,39.0791
Werd,2046,cooperative housing,34.1825
Werd,2046,private housing,39.0971
Werd,2047,cooperative housing,34.1865
Werd,2047,private housing,39.1151
Werd,2048,cooperative housing,34.1906
Werd,2048,private housing,39.1331
Werd,2049,cooperative housing,34.1946
Werd,2049,private housing,39.151
Werd,2050,cooperative housing,34.1986
Werd,2050,private housing,39.169
Langstrasse,2021,cooperative housing,36.0705
Langstrasse,2021,private housing,40.2366
Langstrasse,2022,cooperative housing,36.0372
Langstrasse,2022,private housing,40.3166
Langstrasse,2023,cooperative housing,36.0039
Langstrasse,2023,private housing,40.3966
Langstrasse,2024,cooperative housing,35.9706
Langstrasse,2024,private housing,40.4766
Langstrasse,2025,cooperative housing,35.9373
Langstrasse,2025,private housing,40.5566
Langstrasse,2026,cooperative housing,35.904
Langstrasse,2026,private housing,40.6366
Langstrasse,2027,cooperative housing,35.8707
Langstrasse,2027,private housing,40.7166
Langstrasse,2028,cooperative housing,35.8373
Langstrasse,2028,private housing,40.7966
Langstrasse,2029,cooperative housing,35.804
Langstrasse,2029,private housing,40.8766
Langstrasse,2030,cooperative housing,35.7707
Langstrasse,2030,private housing,40.9566
Langstrasse,2031,cooperative housing,35.7374
Langstrasse,2031,private housing,41.0366
Langstrasse,2032,cooperative housing,35.7041
Langstrasse,2032,private housing,41.1166
Langstrasse,2033,cooperative housing,35.6708
Langstrasse,2033,private housing,41.1966
Langstrasse,2034,cooperative housing,35.6375
Langstrasse,2034,private housing,41.2766
Langstrasse,2035,cooperative housing,35.6041
Langstrasse,2035,private housing,41.3566
Langstrasse,2036,cooperative housing,35.5708
Langstrasse,2036,private housing,41.4366
Langstrasse,2037,cooperative housing,35.5375
Langstrasse,2037,private housing,41.5166
Langstrasse,2038,cooperative housing,35.5042
Langstrasse,2038,private housing,41.5966
Langstrasse,2039,cooperative housing,35.4709
Langstrasse,2039,private housing,41.6766
Langstrasse,2040,cooperative housing,35.4376
Langstrasse,2040,private housing,41.7566
Langstrasse,2041,cooperative housing,35.4043
Langstrasse,2041,private housing,41.8366
Langstrasse,2042,cooperative housing,35.3709
Langstrasse,2042,private housing,41.9166
Langstrasse,2043,cooperative housing,35.3376
Langstrasse,2043,private housing,41.9966
Langstrasse,2044,cooperative housing,35.3043
Langstrasse,2044,private housing,42.0766
Langstrasse,2045,cooperative housing,35.271
Langstrasse,2045,private housing,42.1566
Langstrasse,2046,cooperative housing,35.2377
Langstrasse,2046,private housing,42.2366
Langstrasse,2047,cooperative housing,35.2044
Langstrasse,2047,private housing,42.3166
Langstrasse,2048,cooperative housing,35.1711
Langstrasse,2048,private housing,42.3966
Langstrasse,2049,cooperative housing,35.1377
Langstrasse,2049,private housing,42.4766
Langstrasse,2050,cooperative housing,35.1044
Langstrasse,2050,private housing,42.5566
Hard,2021,cooperative housing,33.4069
Hard,2021,private housing,37.3778
Hard,2022,cooperative housing,33.3855
Hard,2022,private housing,37.468
Hard,2023,cooperative housing,33.3641
Hard,2023,private housing,37.5582
Hard,2024,cooperative housing,33.3427
Hard,2024,private housing,37.6484
Hard,2025,cooperative housing,33.3213
Hard,2025,private housing,37.7386
Hard,2026,cooperative housing,33.2999
Hard,2026,private housing,37.8288
Hard,2027,cooperative housing,33.2785
Hard,2027,private housing,37.919
Hard,2028,cooperative housing,33.2571
Hard,2028,private housing,38.0092
Hard,2029,cooperative housing,33.2357
Hard,2029,private housing,38.0994
Hard,2030,cooperative housing,33.2143
Hard,2030,private housing,38.1896
Hard,2031,cooperative housing,33.1929
Hard,2031,private housing,38.2798
Hard,2032,cooperative housing,33.1715
Hard,2032,private housing,38.37
Hard,2033,cooperative housing,33.1502
Hard,2033,private housing,38.4602
Hard,2034,cooperative housing,33.1288
Hard,2034,private housing,38.5504
Hard,2035,cooperative housing,33.1074
Hard,2035,private housing,38.6406
Hard,2036,cooperative housing,33.086
Hard,2036,private housing,38.7308
Hard,2037,cooperative housing,33.0646
Hard,2037,private housing,38.821
Hard,2038,cooperative housing,33.0432
Hard,2038,private housing,38.9112
Hard,2039,cooperative housing,33.0218
Hard,2039,private housing,39.0014
Hard,2040,cooperative housing,33.0004
Hard,2040,private housing,39.0916
Hard,2041,cooperative housing,32.979
Hard,2041,private housing,39.1818
Hard,2042,cooperative housing,32.9576
Hard,2042,private housing,39.272
Hard,2043,cooperative housing,32.9362
Hard,2043,private housing,39.3622
Hard,2044,cooperative housing,32.9148
Hard,2044,private housing,39.4524
Hard,2045,cooperative housing,32.8934
Hard,2045,private housing,39.5426
Hard,2046,cooperative housing,32.872
Hard,2046,private housing,39.6328
Hard,2047,cooperative housing,32.8506
Hard,2047,private housing,39.723
Hard,2048,cooperative housing,32.8292
Hard,2048,private housing,39.8132
Hard,2049,cooperative housing,32.8078
Hard,2049,private housing,39.9034
Hard,2050,cooperative housing,32.7864
Hard,2050,private housing,39.9936
Gewerbeschule,2021,cooperative housing,34.1582
Gewerbeschule,2021,private housing,39.6746
Gewerbeschule,2022,cooperative housing,34.1954
Gewerbeschule,2022,private housing,39.7379
Gewerbeschule,2023,cooperative housing,34.2327
Gewerbeschule,2023,private housing,39.8013
Gewerbeschule,2024,cooperative housing,34.2699
Gewerbeschule,2024,private housing,39.8646
Gewerbeschule,2025,cooperative housing,34.3072
Gewerbeschule,2025,private housing,39.9279
Gewerbeschule,2026,cooperative housing,34.3444
Gewerbeschule,2026,private housing,39.9912
Gewerbeschule,2027,cooperative housing,34.3816
Gewerbeschule,2027,private housing,40.0546
Gewerbeschule,2028,cooperative housing,34.4189
Gewerbeschule,2028,private housing,40.1179
Gewerbeschule,2029,cooperative housing,34.4561
Gewerbeschule,2029,private housing,40.1812
Gewerbeschule,2030,cooperative housing,34.4934
Gewerbeschule,2030,private housing,40.2446
Gewerbeschule,2031,cooperative housing,34.5306
Gewerbeschule,2031,private housing,40.3079
Gewerbeschule,2032,cooperative housing,34.5679
Gewerbeschule,2032,private housing,40.3712
Gewerbeschule,2033,cooperative housing,34.6051
Gewerbeschule,2033,private housing,40.4346
Gewerbeschule,2034,cooperative housing,34.6424
Gewerbeschule,2034,private housing,40.4979
Gewerbeschule,2035,cooperative housing,34.6796
Gewerbeschule,2035,private housing,40.5612
Gewerbeschule,2036,cooperative housing,34.7169
Gewerbeschule,2036,private housing,40.6246
Gewerbeschule,2037,cooperative housing,34.7541
Gewerbeschule,2037,private housing,40.6879
Gewerbeschule,2038,cooperative housing,34.7914
Gewerbeschule,2038,private housing,40.7512
Gewerbeschule,2039,cooperative housing,34.8286
Gewerbeschule,2039,private housing,40.8146
Gewerbeschule,2040,cooperative housing,34.8659
Gewerbeschule,2040,private housing,40.8779
Gewerbeschule,2041,cooperative housing,34.9031
Gewerbeschule,2041,private housing,40.9412
Gewerbeschule,2042,cooperative housing,34.9404
Gewerbeschule,2042,private housing,41.0046
Gewerbeschule,2043,cooperative housing,34.9776
Gewerbeschule,2043,private housing,41.0679
Gewerbeschule,2044,cooperative housing,35.0149
Gewerbeschule,2044,private housing,41.1312
Gewerbeschule,2045,cooperative housing,35.0521
Gewerbeschule,2045,private housing,41.1946
Gewerbeschule,2046,cooperative housing,35.0894
Gewerbeschule,2046,private housing,41.2579
Gewerbeschule,2047,cooperative housing,35.1266
Gewerbeschule,2047,private housing,41.3212
Gewerbeschule,2048,cooperative housing,35.1639
Gewerbeschule,2048,private housing,41.3846
Gewerbeschule,2049,cooperative housing,35.2011
Gewerbeschule,2049,private housing,41.4479
Gewerbeschule,2050,cooperative housing,35.2383
Gewerbeschule,2050,private housing,41.5112
Escher Wyss,2021,cooperative housing,34.0824
Escher Wyss,2021,private housing,54.7652
Escher Wyss,2022,cooperative housing,34.0864
Escher Wyss,2022,private housing,54.7652
Escher Wyss,2023,cooperative housing,34.0904
Escher Wyss,2023,private housing,54.7652
Escher Wyss,2024,cooperative housing,34.0944
Escher Wyss,2024,private housing,54.7652
Escher Wyss,2025,cooperative housing,34.0984
Escher Wyss,2025,private housing,54.7652
Escher Wyss,2026,cooperative housing,34.1024
Escher Wyss,2026,private housing,54.7652
Escher Wyss,2027,cooperative housing,34.1064
Escher Wyss,2027,private housing,54.7652
Escher Wyss,2028,cooperative housing,34.1105
Escher Wyss,2028,private housing,54.7652
Escher Wyss,2029,cooperative housing,34.1145
Escher Wyss,2029,private housing,54.7652
Escher Wyss,2030,cooperative housing,34.1185
Escher Wyss,2030,private housing,54.7652
Escher Wyss,2031,cooperative housing,34.1225
Escher Wyss,2031,private housing,54.7652
Escher Wyss,2032,cooperative housing,34.1265
Escher Wyss,2032,private housing,54.7652
Escher Wyss,2033,cooperative housing,34.1305
Escher Wyss,2033,private housing,54.7652
Escher Wyss,2034,cooperative housing,34.1345
Escher Wyss,2034,private housing,54.7652
Escher Wyss,2035,cooperative housing,34.1385
Escher Wyss,2035,private housing,54.7652
Escher Wyss,2036,cooperative housing,34.1425
Escher Wyss,2036,private housing,54.7652
Escher Wyss,2037,cooperative housing,34.1465
Escher Wyss,2037,private housing,54.7652
Escher Wyss,2038,cooperative housing,34.1505
Escher Wyss,2038,private housing,54.7652
Escher Wyss,2039,cooperative housing,34.1545
Escher Wyss,2039,private housing,54.7652
Escher Wyss,2040,cooperative housing,34.1585
Escher Wyss,2040,private housing,54.7652
Escher Wyss,2041,cooperative housing,34.1625
Escher Wyss,2041,private housing,54.7652
Escher Wyss,2042,cooperative housing,34.1665
Escher Wyss,2042,private housing,54.7652
Escher Wyss,2043,cooperative housing,34.1705
Escher Wyss,2043,private housing,54.7652
Escher Wyss,2044,cooperative housing,34.1745
Escher Wyss,2044,private housing,54.7652
Escher Wyss,2045,cooperative housing,34.1785
Escher Wyss,2045,private housing,54.7652
Escher Wyss,2046,cooperative housing,34.1825
Escher Wyss,2046,private housing,54.7652
Escher Wyss,2047,cooperative housing,34.1865
Escher Wyss,2047,private housing,54.7652
Escher Wyss,2048,cooperative housing,34.1906
Escher Wyss,2048,private housing,54.7652
Escher Wyss,2049,cooperative housing,34.1946
Escher Wyss,2049,private housing,54.7652
Escher Wyss,2050,cooperative housing,34.1986
Escher Wyss,2050,private housing,54.7652
Unterstrass,2021,cooperative housing,34.1424
Unterstrass,2021,private housing,44.9482
Unterstrass,2022,cooperative housing,34.1376
Unterstrass,2022,private housing,44.8922
Unterstrass,2023,cooperative housing,34.1328
Unterstrass,2023,private housing,44.8362
Unterstrass,2024,cooperative housing,34.128
Unterstrass,2024,private housing,44.7803
Unterstrass,2025,cooperative housing,34.1232
Unterstrass,2025,private housing,44.7243
Unterstrass,2026,cooperative housing,34.1184
Unterstrass,2026,private housing,44.6684
Unterstrass,2027,cooperative housing,34.1136
Unterstrass,2027,private housing,44.6124
Unterstrass,2028,cooperative housing,34.1089
Unterstrass,2028,private housing,44.5565
Unterstrass,2029,cooperative housing,34.1041
Unterstrass,2029,private housing,44.5005
Unterstrass,2030,cooperative housing,34.0993
Unterstrass,2030,private housing,44.4446
Unterstrass,2031,cooperative housing,34.0945
Unterstrass,2031,private housing,44.3886
Unterstrass,2032,cooperative housing,34.0897
Unterstrass,2032,private housing,44.3327
Unterstrass,2033,cooperative housing,34.0849
Unterstrass,2033,private housing,44.2767
Unterstrass,2034,cooperative housing,34.0801
Unterstrass,2034,private housing,44.2208
Unterstrass,2035,cooperative housing,34.0753
Unterstrass,2035,private housing,44.1648
Unterstrass,2036,cooperative housing,34.0706
Unterstrass,2036,private housing,44.1089
Unterstrass,2037,cooperative housing,34.0658
Unterstrass,2037,private housing,44.0529
Unterstrass,2038,cooperative housing,34.061
Unterstrass,2038,private housing,43.9969
Unterstrass,2039,cooperative housing,34.0562
Unterstrass,2039,private housing,43.941
Unterstrass,2040,cooperative housing,34.0514
Unterstrass,2040,private housing,43.885
Unterstrass,2041,cooperative housing,34.0466
Unterstrass,2041,private housing,43.8291
Unterstrass,2042,cooperative housing,34.0418
Unterstrass,2042,private housing,43.7731
Unterstrass,2043,cooperative housing,34.0371
Unterstrass,2043,private housing,43.7172
Unterstrass,2044,cooperative housing,34.0323
Unterstrass,2044,private housing,43.6612
Unterstrass,2045,cooperative housing,34.0275
Unterstrass,2045,private housing,43.6053
Unterstrass,2046,cooperative housing,34.0227
Unterstrass,2046,private housing,43.5493
Unterstrass,2047,cooperative housing,34.0179
Unterstrass,2047,private housing,43.4934
Unterstrass,2048,cooperative housing,34.0131
Unterstrass,2048,private housing,43.4374
Unterstrass,2049,cooperative housing,34.0083
Unterstrass,2049,private housing,43.3815
Unterstrass,2050,cooperative housing,34.0036
Unterstrass,2050,private housing,43.3255
Oberstrass,2021,cooperative housing,34.2146
Oberstrass,2021,private housing,48.0965
Oberstrass,2022,cooperative housing,34.2445
Oberstrass,2022,private housing,48.0738
Oberstrass,2023,cooperative housing,34.2745
Oberstrass,2023,private housing,48.0511
Oberstrass,2024,cooperative housing,34.3045
Oberstrass,2024,private housing,48.0283
Oberstrass,2025,cooperative housing,34.3345
Oberstrass,2025,private housing,48.0056
Oberstrass,2026,cooperative housing,34.3645
Oberstrass,2026,private housing,47.9829
Oberstrass,2027,cooperative housing,34.3944
Oberstrass,2027,private housing,47.9602
Oberstrass,2028,cooperative housing,34.4244
Oberstrass,2028,private housing,47.9375
Oberstrass,2029,cooperative housing,34.4544
Oberstrass,2029,private housing,47.9148
Oberstrass,2030,cooperative housing,34.4844
Oberstrass,2030,private housing,47.8921
Oberstrass,2031,cooperative housing,34.5143
Oberstrass,2031,private housing,47.8694
Oberstrass,2032,cooperative housing,34.5443
Oberstrass,2032,private housing,47.8466
Oberstrass,2033,cooperative housing,34.5743
Oberstrass,2033,private housing,47.8239
Oberstrass,2034,cooperative housing,34.6043
Oberstrass,2034,private housing,47.8012
Oberstrass,2035,cooperative housing,34.6342
Oberstrass,2035,private housing,47.7785
Oberstrass,2036,cooperative housing,34.6642
Oberstrass,2036,private housing,47.7558
Oberstrass,2037,cooperative housing,34.6942
Oberstrass,2037,private housing,47.7331
Oberstrass,2038,cooperative housing,34.7242
Oberstrass,2038,private housing,47.7104
Oberstrass,2039,cooperative housing,34.7542
Oberstrass,2039,private housing,47.6877
Oberstrass,2040,cooperative housing,34.7841
Oberstrass,2040,private housing,47.6649
Oberstrass,2041,cooperative housing,34.8141
Oberstrass,2041,private housing,47.6422
Oberstrass,2042,cooperative housing,34.8441
Oberstrass,2042,private housing,47.6195
Oberstrass,2043,cooperative housing,34.8741
Oberstrass,2043,private housing,47.5968
Oberstrass,2044,cooperative housing,34.904
Oberstrass,2044,private housing,47.5741
Oberstrass,2045,cooperative housing,34.934
Oberstrass,2045,private housing,47.5514
Oberstrass,2046,cooperative housing,34.964
Oberstrass,2046,private housing,47.5287
Oberstrass,2047,cooperative housing,34.994
Oberstrass,2047,private housing,47.506
Oberstrass,2048,cooperative housing,35.024
Oberstrass,2048,private housing,47.4832
Oberstrass,2049,cooperative housing,35.0539
Oberstrass,2049,private housing,47.4605
Oberstrass,2050,cooperative housing,35.0839
Oberstrass,2050,private housing,47.4378
Fluntern,2021,cooperative housing,34.0824
Fluntern,2021,private housing,56.9712
Fluntern,2022,cooperative housing,34.0864
Fluntern,2022,private housing,56.9348
Fluntern,2023,cooperative housing,34.0904
Fluntern,2023,private housing,56.8984
Fluntern,2024,cooperative housing,34.0944
Fluntern,2024,private housing,56.862
Fluntern,2025,cooperative housing,34.0984
Fluntern,2025,private housing,56.8257
Fluntern,2026,cooperative housing,34.1024
Fluntern,2026,private housing,56.7893
Fluntern,2027,cooperative housing,34.1064
Fluntern,2027,private housing,56.7529
Fluntern,2028,cooperative housing,34.1105
Fluntern,2028,private housing,56.7166
Fluntern,2029,cooperative housing,34.1145
Fluntern,2029,private housing,56.6802
Fluntern,2030,cooperative housing,34.1185
Fluntern,2030,private housing,56.6438
Fluntern,2031,cooperative housing,34.1225
Fluntern,2031,private housing,56.6075
Fluntern,2032,cooperative housing,34.1265
Fluntern,2032,private housing,56.5711
Fluntern,2033,cooperative housing,34.1305
Fluntern,2033,private housing,56.5347
Fluntern,2034,cooperative housing,34.1345
Fluntern,2034,private housing,56.4983
Fluntern,2035,cooperative housing,34.1385
Fluntern,2035,private housing,56.462
Fluntern,2036,cooperative housing,34.1425
Fluntern,2036,private housing,56.4256
Fluntern,2037,cooperative housing,34.1465
Fluntern,2037,private housing,56.3892
Fluntern,2038,cooperative housing,34.1505
Fluntern,2038,private housing,56.3529
Fluntern,2039,cooperative housing,34.1545
Fluntern,2039,private housing,56.3165
Fluntern,2040,cooperative housing,34.1585
Fluntern,2040,private housing,56.2801
Fluntern,2041,cooperative housing,34.1625
Fluntern,2041,private housing,56.2438
Fluntern,2042,cooperative housing,34.1665
Fluntern,2042,private housing,56.2074
Fluntern,2043,cooperative housing,34.1705
Fluntern,2043,private housing,56.171
Fluntern,2044,cooperative housing,34.1745
Fluntern,2044,private housing,56.1346
Fluntern,2045,cooperative housing,34.1785
Fluntern,2045,private housing,56.0983
Fluntern,2046,cooperative housing,34.1825
Fluntern,2046,private housing,56.0619
Fluntern,2047,cooperative housing,34.1865
Fluntern,2047,private housing,56.0255
Fluntern,2048,cooperative housing,34.1906
Fluntern,2048,private housing,55.9892
Fluntern,2049,cooperative housing,34.1946
Fluntern,2049,private housing,55.9528
Fluntern,2050,cooperative housing,34.1986
Fluntern,2050,private housing,55.9164
Hottingen,2021,cooperative housing,34.0824
Hottingen,2021,private housing,52.3194
Hottingen,2022,cooperative housing,34.0864
Hottingen,2022,private housing,52.245
Hottingen,2023,cooperative housing,34.0904
Hottingen,2023,private housing,52.1706
Hottingen,2024,cooperative housing,34.0944
Hottingen,2024,private housing,52.0963
Hottingen,2025,cooperative housing,34.0984
Hottingen,2025,private housing,52.0219
Hottingen,2026,cooperative housing,34.1024
Hottingen,2026,private housing,51.9475
Hottingen,2027,cooperative housing,34.1064
Hottingen,2027,private housing,51.8731
Hottingen,2028,cooperative housing,34.1105
Hottingen,2028,private housing,51.7988
Hottingen,2029,cooperative housing,34.1145
Hottingen,2029,private housing,51.7244
Hottingen,2030,cooperative housing,34.1185
Hottingen,2030,private housing,51.65
Hottingen,2031,cooperative housing,34.1225
Hottingen,2031,private housing,51.5756
Hottingen,2032,cooperative housing,34.1265
Hottingen,2032,private housing,51.5013
Hottingen,2033,cooperative housing,34.1305
Hottingen,2033,private housing,51.4269
Hottingen,2034,cooperative housing,34.1345
Hottingen,2034,private housing,51.3525
Hottingen,2035,cooperative housing,34.1385
Hottingen,2035,private housing,51.2782
Hottingen,2036,cooperative housing,34.1425
Hottingen,2036,private housing,51.2038
Hottingen,2037,cooperative housing,34.1465
Hottingen,2037,private housing,51.1294
Hottingen,2038,cooperative housing,34.1505
Hottingen,2038,private housing,51.055
Hottingen,2039,cooperative housing,34.1545
Hottingen,2039,private housing,50.9807
Hottingen,2040,cooperative housing,34.1585
Hottingen,2040,private housing,50.9063
Hottingen,2041,cooperative housing,34.1625
Hottingen,2041,private housing,50.8319
Hottingen,2042,cooperative housing,34.1665
Hottingen,2042,private housing,50.7576
Hottingen,2043,cooperative housing,34.1705
Hottingen,2043,private housing,50.6832
Hottingen,2044,cooperative housing,34.1745
Hottingen,2044,private housing,50.6088
Hottingen,2045,cooperative housing,34.1785
Hottingen,2045,private housing,50.5344
Hottingen,2046,cooperative housing,34.1825
Hottingen,2046,private housing,50.4601
Hottingen,2047,cooperative housing,34.1865
Hottingen,2047,private housing,50.3857
Hottingen,2048,cooperative housing,34.1906
Hottingen,2048,private housing,50.3113
Hottingen,2049,cooperative housing,34.1946
Hottingen,2049,private housing,50.2369
Hottingen,2050,cooperative housing,34.1986
Hottingen,2050,private housing,50.1626
Hirslanden,2021,cooperative housing,34.0824
Hirslanden,2021,private housing,49.2367
Hirslanden,2022,cooperative housing,34.0864
Hirslanden,2022,private housing,49.2003
Hirslanden,2023,cooperative housing,34.0904
Hirslanden,2023,private housing,49.164
Hirslanden,2024,cooperative housing,34.0944
Hirslanden,2024,private housing,49.1276
Hirslanden,2025,cooperative housing,34.0984
Hirslanden,2025,private housing,49.0912
Hirslanden,2026,cooperative housing,34.1024
Hirslanden,2026,private housing,49.0549
Hirslanden,2027,cooperative housing,34.1064
Hirslanden,2027,private housing,49.0185
Hirslanden,2028,cooperative housing,34.1105
Hirslanden,2028,private housing,48.9822
Hirslanden,2029,cooperative housing,34.1145
Hirslanden,2029,private housing,48.9458
Hirslanden,2030,cooperative housing,34.1185
Hirslanden,2030,private housing,48.9094
Hirslanden,2031,cooperative housing,34.1225
Hirslanden,2031,private housing,48.8731
Hirslanden,2032,cooperative housing,34.1265
Hirslanden,2032,private housing,48.8367
Hirslanden,2033,cooperative housing,34.1305
Hirslanden,2033,private housing,48.8004
Hirslanden,2034,cooperative housing,34.1345
Hirslanden,2034,private housing,48.764
Hirslanden,2035,cooperative housing,34.1385
Hirslanden,2035,private housing,48.7276
Hirslanden,2036,cooperative housing,34.1425
Hirslanden,2036,private housing,48.6913
Hirslanden,2037,cooperative housing,34.1465
Hirslanden,2037,private housing,48.6549
Hirslanden,2038,cooperative housing,34.1505
Hirslanden,2038,private housing,48.6186
Hirslanden,2039,cooperative housing,34.1545
Hirslanden,2039,private housing,48.5822
Hirslanden,2040,cooperative housing,34.1585
Hirslanden,2040,private housing,48.5458
Hirslanden,2041,cooperative housing,34.1625
Hirslanden,2041,private housing,48.5095
Hirslanden,2042,cooperative housing,34.1665
Hirslanden,2042,private housing,48.4731
Hirslanden,2043,cooperative housing,34.1705
Hirslanden,2043,private housing,48.4368
Hirslanden,2044,cooperative housing,34.1745
Hirslanden,2044,private housing,48.4004
Hirslanden,2045,cooperative housing,34.1785
Hirslanden,2045,private housing,48.364
Hirslanden,2046,cooperative housing,34.1825
Hirslanden,2046,private housing,48.3277
Hirslanden,2047,cooperative housing,34.1865
Hirslanden,2047,private housing,48.2913
Hirslanden,2048,cooperative housing,34.1906
Hirslanden,2048,private housing,48.255
Hirslanden,2049,cooperative housing,34.1946
Hirslanden,2049,private housing,48.2186
Hirslanden,2050,cooperative housing,34.1986
Hirslanden,2050,private housing,48.1822
Witikon,2021,cooperative housing,34.0824
Witikon,2021,private housing,52.4484
Witikon,2022,cooperative housing,34.0864
Witikon,2022,private housing,52.4399
Witikon,2023,cooperative housing,34.0904
Witikon,2023,private housing,52.4315
Witikon,2024,cooperative housing,34.0944
Witikon,2024,private housing,52.423
Witikon,2025,cooperative housing,34.0984
Witikon,2025,private housing,52.4146
Witikon,2026,cooperative housing,34.1024
Witikon,2026,private housing,52.4062
Witikon,2027,cooperative housing,34.1064
Witikon,2027,private housing,52.3977
Witikon,2028,cooperative housing,34.1105
Witikon,2028,private housing,52.3893
Witikon,2029,cooperative housing,34.1145
Witikon,2029,private housing,52.3808
Witikon,2030,cooperative housing,34.1185
Witikon,2030,private housing,52.3724
Witikon,2031,cooperative housing,34.1225
Witikon,2031,private housing,52.364
Witikon,2032,cooperative housing,34.1265
Witikon,2032,private housing,52.3555
Witikon,2033,cooperative housing,34.1305
Witikon,2033,private housing,52.3471
Witikon,2034,cooperative housing,34.1345
Witikon,2034,private housing,52.3386
Witikon,2035,cooperative housing,34.1385
Witikon,2035,private housing,52.3302
Witikon,2036,cooperative housing,34.1425
Witikon,2036,private housing,52.3218
Witikon,2037,cooperative housing,34.1465
Witikon,2037,private housing,52.3133
Witikon,2038,cooperative housing,34.1505
Witikon,2038,private housing,52.3049
Witikon,2039,cooperative housing,34.1545
Witikon,2039,private housing,52.2964
Witikon,2040,cooperative housing,34.1585
Witikon,2040,private housing,52.288
Witikon,2041,cooperative housing,34.1625
Witikon,2041,private housing,52.2795
Witikon,2042,cooperative housing,34.1665
Witikon,2042,private housing,52.2711
Witikon,2043,cooperative housing,34.1705
Witikon,2043,private housing,52.2627
Witikon,2044,cooperative housing,34.1745
Witikon,2044,private housing,52.2542
Witikon,2045,cooperative housing,34.1785
Witikon,2045,private housing,52.2458
Witikon,2046,cooperative housing,34.1825
Witikon,2046,private housing,52.2373
Witikon,2047,cooperative housing,34.1865
Witikon,2047,private housing,52.2289
Witikon,2048,cooperative housing,34.1906
Witikon,2048,private housing,52.2205
Witikon,2049,cooperative housing,34.1946
Witikon,2049,private housing,52.212
Witikon,2050,cooperative housing,34.1986
Witikon,2050,private housing,52.2036
Seefeld,2021,cooperative housing,34.0824
Seefeld,2021,private housing,53.4843
Seefeld,2022,cooperative housing,34.0864
Seefeld,2022,private housing,53.4084
Seefeld,2023,cooperative housing,34.0904
Seefeld,2023,private housing,53.3325
Seefeld,2024,cooperative housing,34.0944
Seefeld,2024,private housing,53.2565
Seefeld,2025,cooperative housing,34.0984
Seefeld,2025,private housing,53.1806
Seefeld,2026,cooperative housing,34.1024
Seefeld,2026,private housing,53.1047
Seefeld,2027,cooperative housing,34.1064
Seefeld,2027,private housing,53.0287
Seefeld,2028,cooperative housing,34.1105
Seefeld,2028,private housing,52.9528
Seefeld,2029,cooperative housing,34.1145
Seefeld,2029,private housing,52.8769
Seefeld,2030,cooperative housing,34.1185
Seefeld,2030,private housing,52.8009
Seefeld,2031,cooperative housing,34.1225
Seefeld,2031,private housing,52.725
Seefeld,2032,cooperative housing,34.1265
Seefeld,2032,private housing,52.6491
Seefeld,2033,cooperative housing,34.1305
Seefeld,2033,private housing,52.5731
Seefeld,2034,cooperative housing,34.1345
Seefeld,2034,private housing,52.4972
Seefeld,2035,cooperative housing,34.1385
Seefeld,2035,private housing,52.4213
Seefeld,2036,cooperative housing,34.1425
Seefeld,2036,private housing,52.3453
Seefeld,2037,cooperative housing,34.1465
Seefeld,2037,private housing,52.2694
Seefeld,2038,cooperative housing,34.1505
Seefeld,2038,private housing,52.1935
Seefeld,2039,cooperative housing,34.1545
Seefeld,2039,private housing,52.1175
Seefeld,2040,cooperative housing,34.1585
Seefeld,2040,private housing,52.0416
Seefeld,2041,cooperative housing,34.1625
Seefeld,2041,private housing,51.9657
Seefeld,2042,cooperative housing,34.1665
Seefeld,2042,private housing,51.8897
Seefeld,2043,cooperative housing,34.1705
Seefeld,2043,private housing,51.8138
Seefeld,2044,cooperative housing,34.1745
Seefeld,2044,private housing,51.7379
Seefeld,2045,cooperative housing,34.1785
Seefeld,2045,private housing,51.6619
Seefeld,2046,cooperative housing,34.1825
Seefeld,2046,private housing,51.586
Seefeld,2047,cooperative housing,34.1865
Seefeld,2047,private housing,51.51
Seefeld,2048,cooperative housing,34.1906
Seefeld,2048,private housing,51.4341
Seefeld,2049,cooperative housing,34.1946
Seefeld,2049,private housing,51.3582
Seefeld,2050,cooperative housing,34.1986
Seefeld,2050,private housing,51.2822
Muehlebach,2021,cooperative housing,34.0824
Muehlebach,2021,private housing,51.1945
Muehlebach,2022,cooperative housing,34.0864
Muehlebach,2022,private housing,51.1474
Muehlebach,2023,cooperative housing,34.0904
Muehlebach,2023,private housing,51.1002
Muehlebach,2024,cooperative housing,34.0944
Muehlebach,2024,private housing,51.0531
Muehlebach,2025,cooperative housing,34.0984
Muehlebach,2025,private housing,51.0059
Muehlebach,2026,cooperative housing,34.1024
Muehlebach,2026,private housing,50.9588
Muehlebach,2027,cooperative housing,34.1064
Muehlebach,2027,private housing,50.9116
Muehlebach,2028,cooperative housing,34.1105
Muehlebach,2028,private housing,50.8645
Muehlebach,2029,cooperative housing,34.1145
Muehlebach,2029,private housing,50.8173
Muehlebach,2030,cooperative housing,34.1185
Muehlebach,2030,private housing,50.7702
Muehlebach,2031,cooperative housing,34.1225
Muehlebach,2031,private housing,50.7231
Muehlebach,2032,cooperative housing,34.1265
Muehlebach,2032,private housing,50.6759
Muehlebach,2033,cooperative housing,34.1305
Muehlebach,2033,private housing,50.6288
Muehlebach,2034,cooperative housing,34.1345
Muehlebach,2034,private housing,50.5816
Muehlebach,2035,cooperative housing,34.1385
Muehlebach,2035,private housing,50.5345
Muehlebach,2036,cooperative housing,34.1425
Muehlebach,2036,private housing,50.4873
Muehlebach,2037,cooperative housing,34.1465
Muehlebach,2037,private housing,50.4402
Muehlebach,2038,cooperative housing,34.1505
Muehlebach,2038,private housing,50.393
Muehlebach,2039,cooperative housing,34.1545
Muehlebach,2039,private housing,50.3459
Muehlebach,2040,cooperative housing,34.1585
Muehlebach,2040,private housing,50.2987
Muehlebach,2041,cooperative housing,34.1625
Muehlebach,2041,private housing,50.2516
Muehlebach,2042,cooperative housing,34.1665
Muehlebach,2042,private housing,50.2044
Muehlebach,2043,cooperative housing,34.1705
Muehlebach,2043,private housing,50.1573
Muehlebach,2044,cooperative housing,34.1745
Muehlebach,2044,private housing,50.1101
Muehlebach,2045,cooperative housing,34.1785
Muehlebach,2045,private housing,50.063
Muehlebach,2046,cooperative housing,34.1825
Muehlebach,2046,private housing,50.0158
Muehlebach,2047,cooperative housing,34.1865
Muehlebach,2047,private housing,49.9687
Muehlebach,2048,cooperative housing,34.1906
Muehlebach,2048,private housing,49.9216
Muehlebach,2049,cooperative housing,34.1946
Muehlebach,2049,private housing,49.8744
Muehlebach,2050,cooperative housing,34.1986
Muehlebach,2050,private housing,49.8273
Weinegg,2021,cooperative housing,34.0824
Weinegg,2021,private housing,46.9612
Weinegg,2022,cooperative housing,34.0864
Weinegg,2022,private housing,46.9601
Weinegg,2023,cooperative housing,34.0904
Weinegg,2023,private housing,46.959
Weinegg,2024,cooperative housing,34.0944
Weinegg,2024,private housing,46.9579
Weinegg,2025,cooperative housing,34.0984
Weinegg,2025,private housing,46.9568
Weinegg,2026,cooperative housing,34.1024
Weinegg,2026,private housing,46.9557
Weinegg,2027,cooperative housing,34.1064
Weinegg,2027,private housing,46.9546
Weinegg,2028,cooperative housing,34.1105
Weinegg,2028,private housing,46.9534
Weinegg,2029,cooperative housing,34.1145
Weinegg,2029,private housing,46.9523
Weinegg,2030,cooperative housing,34.1185
Weinegg,2030,private housing,46.9512
Weinegg,2031,cooperative housing,34.1225
Weinegg,2031,private housing,46.9501
Weinegg,2032,cooperative housing,34.1265
Weinegg,2032,private housing,46.949
Weinegg,2033,cooperative housing,34.1305
Weinegg,2033,private housing,46.9479
Weinegg,2034,cooperative housing,34.1345
Weinegg,2034,private housing,46.9468
Weinegg,2035,cooperative housing,34.1385
Weinegg,2035,private housing,46.9457
Weinegg,2036,cooperative housing,34.1425
Weinegg,2036,private housing,46.9446
Weinegg,2037,cooperative housing,34.1465
Weinegg,2037,private housing,46.9435
Weinegg,2038,cooperative housing,34.1505
Weinegg,2038,private housing,46.9424
Weinegg,2039,cooperative housing,34.1545
Weinegg,2039,private housing,46.9413
Weinegg,2040,cooperative housing,34.1585
Weinegg,2040,private housing,46.9402
Weinegg,2041,cooperative housing,34.1625
Weinegg,2041,private housing,46.939
Weinegg,2042,cooperative housing,34.1665
Weinegg,2042,private housing,46.9379
Weinegg,2043,cooperative housing,34.1705
Weinegg,2043,private housing,46.9368
Weinegg,2044,cooperative housing,34.1745
Weinegg,2044,private housing,46.9357
Weinegg,2045,cooperative housing,34.1785
Weinegg,2045,private housing,46.9346
Weinegg,2046,cooperative housing,34.1825
Weinegg,2046,private housing,46.9335
Weinegg,2047,cooperative housing,34.1865
Weinegg,2047,private housing,46.9324
Weinegg,2048,cooperative housing,34.1906
Weinegg,2048,private housing,46.9313
Weinegg,2049,cooperative housing,34.1946
Weinegg,2049,private housing,46.9302
Weinegg,2050,cooperative housing,34.1986
Weinegg,2050,private housing,46.9291
Albisrieden,2021,cooperative housing,36.2773
Albisrieden,2021,private housing,44.2658
Albisrieden,2022,cooperative housing,36.2731
Albisrieden,2022,private housing,44.2732
Albisrieden,2023,cooperative housing,36.2689
Albisrieden,2023,private housing,44.2806
Albisrieden,2024,cooperative housing,36.2647
Albisrieden,2024,private housing,44.2879
Albisrieden,2025,cooperative housing,36.2604
Albisrieden,2025,private housing,44.2953
Albisrieden,2026,cooperative housing,36.2562
Albisrieden,2026,private housing,44.3026
Albisrieden,2027,cooperative housing,36.252
Albisrieden,2027,private housing,44.31
Albisrieden,2028,cooperative housing,36.2478
Albisrieden,2028,private housing,44.3173
Albisrieden,2029,cooperative housing,36.2436
Albisrieden,2029,private housing,44.3247
Albisrieden,2030,cooperative housing,36.2394
Albisrieden,2030,private housing,44.332
Albisrieden,2031,cooperative housing,36.2351
Albisrieden,2031,private housing,44.3394
Albisrieden,2032,cooperative housing,36.2309
Albisrieden,2032,private housing,44.3467
Albisrieden,2033,cooperative housing,36.2267
Albisrieden,2033,private housing,44.3541
Albisrieden,2034,cooperative housing,36.2225
Albisrieden,2034,private housing,44.3615
Albisrieden,2035,cooperative housing,36.2183
Albisrieden,2035,private housing,44.3688
Albisrieden,2036,cooperative housing,36.2141
Albisrieden,2036,private housing,44.3762
Albisrieden,2037,cooperative housing,36.2099
Albisrieden,2037,private housing,44.3835
Albisrieden,2038,cooperative housing,36.2056
Albisrieden,2038,private housing,44.3909
Albisrieden,2039,cooperative housing,36.2014
Albisrieden,2039,private housing,44.3982
Albisrieden,2040,cooperative housing,36.1972
Albisrieden,2040,private housing,44.4056
Albisrieden,2041,cooperative housing,36.193
Albisrieden,2041,private housing,44.4129
Albisrieden,2042,cooperative housing,36.1888
Albisrieden,2042,private housing,44.4203
Albisrieden,2043,cooperative housing,36.1846
Albisrieden,2043,private housing,44.4276
Albisrieden,2044,cooperative housing,36.1804
Albisrieden,2044,private housing,44.435
Albisrieden,2045,cooperative housing,36.1761
Albisrieden,2045,private housing,44.4424
Albisrieden,2046,cooperative housing,36.1719
Albisrieden,2046,private housing,44.4497
Albisrieden,2047,cooperative housing,36.1677
Albisrieden,2047,private housing,44.4571
Albisrieden,2048,cooperative housing,36.1635
Albisrieden,2048,private housing,44.4644
Albisrieden,2049,cooperative housing,36.1593
Albisrieden,2049,private housing,44.4718
Albisrieden,2050,cooperative housing,36.1551
Albisrieden,2050,private housing,44.4791
Altstetten,2021,cooperative housing,32.6452
Altstetten,2021,private housing,40.8637
Altstetten,2022,cooperative housing,32.6483
Altstetten,2022,private housing,40.9259
Altstetten,2023,cooperative housing,32.6515
Altstetten,2023,private housing,40.9881
Altstetten,2024,cooperative housing,32.6546
Altstetten,2024,private housing,41.0503
Altstetten,2025,cooperative housing,32.6577
Altstetten,2025,private housing,41.1125
Altstetten,2026,cooperative housing,32.6609
Altstetten,2026,private housing,41.1747
Altstetten,2027,cooperative housing,32.664
Altstetten,2027,private housing,41.2369
Altstetten,2028,cooperative housing,32.6672
Altstetten,2028,private housing,41.2991
Altstetten,2029,cooperative housing,32.6703
Altstetten,2029,private housing,41.3613
Altstetten,2030,cooperative housing,32.6734
Altstetten,2030,private housing,41.4235
Altstetten,2031,cooperative housing,32.6766
Altstetten,2031,private housing,41.4857
Altstetten,2032,cooperative housing,32.6797
Altstetten,2032,private housing,41.5479
Altstetten,2033,cooperative housing,32.6829
Altstetten,2033,private housing,41.6101
Altstetten,2034,cooperative housing,32.686
Altstetten,2034,private housing,41.6723
Altstetten,2035,cooperative housing,32.6891
Altstetten,2035,private housing,41.7345
Altstetten,2036,cooperative housing,32.6923
Altstetten,2036,private housing,41.7967
Altstetten,2037,cooperative housing,32.6954
Altstetten,2037,private housing,41.8589
Altstetten,2038,cooperative housing,32.6985
Altstetten,2038,private housing,41.9211
Altstetten,2039,cooperative housing,32.7017
Altstetten,2039,private housing,41.9833
Altstetten,2040,cooperative housing,32.7048
Altstetten,2040,private housing,42.0455
Altstetten,2041,cooperative housing,32.708
Altstetten,2041,private housing,42.1077
Altstetten,2042,cooperative housing,32.7111
Altstetten,2042,private housing,42.1699
Altstetten,2043,cooperative housing,32.7142
Altstetten,2043,private housing,42.2322
Altstetten,2044,cooperative housing,32.7174
Altstetten,2044,private housing,42.2944
Altstetten,2045,cooperative housing,32.7205
Altstetten,2045,private housing,42.3566
Altstetten,2046,cooperative housing,32.7236
Altstetten,2046,private housing,42.4188
Altstetten,2047,cooperative housing,32.7268
Altstetten,2047,private housing,42.481
Altstetten,2048,cooperative housing,32.7299
Altstetten,2048,private housing,42.5432
Altstetten,2049,cooperative housing,32.7331
Altstetten,2049,private housing,42.6054
Altstetten,2050,cooperative housing,32.7362
Altstetten,2050,private housing,42.6676
Hoengg,2021,cooperative housing,36.399
Hoengg,2021,private housing,46.5903
Hoengg,2022,cooperative housing,36.3221
Hoengg,2022,private housing,46.5125
Hoengg,2023,cooperative housing,36.2451
Hoengg,2023,private housing,46.4346
Hoengg,2024,cooperative housing,36.1681
Hoengg,2024,private housing,46.3568
Hoengg,2025,cooperative housing,36.0912
Hoengg,2025,private housing,46.279
Hoengg,2026,cooperative housing,36.0142
Hoengg,2026,private housing,46.2012
Hoengg,2027,cooperative housing,35.9372
Hoengg,2027,private housing,46.1234
Hoengg,2028,cooperative housing,35.8603
Hoengg,2028,private housing,46.0456
Hoengg,2029,cooperative housing,35.7833
Hoengg,2029,private housing,45.9678
Hoengg,2030,cooperative housing,35.7063
Hoengg,2030,private housing,45.89
Hoengg,2031,cooperative housing,35.6294
Hoengg,2031,private housing,45.8122
Hoengg,2032,cooperative housing,35.5524
Hoengg,2032,private housing,45.7344
Hoengg,2033,cooperative housing,35.4754
Hoengg,2033,private housing,45.6566
Hoengg,2034,cooperative housing,35.3985
Hoengg,2034,private housing,45.5788
Hoengg,2035,cooperative housing,35.3215
Hoengg,2035,private housing,45.501
Hoengg,2036,cooperative housing,35.2445
Hoengg,2036,private housing,45.4232
Hoengg,2037,cooperative housing,35.1676
Hoengg,2037,private housing,45.3454
Hoengg,2038,cooperative housing,35.0906
Hoengg,2038,private housing,45.2676
Hoengg,2039,cooperative housing,35.0136
Hoengg,2039,private housing,45.1898
Hoengg,2040,cooperative housing,34.9367
Hoengg,2040,private housing,45.1119
Hoengg,2041,cooperative housing,34.8597
Hoengg,2041,private housing,45.0341
Hoengg,2042,cooperative housing,34.7827
Hoengg,2042,private housing,44.9563
Hoengg,2043,cooperative housing,34.7058
Hoengg,2043,private housing,44.8785
Hoengg,2044,cooperative housing,34.6288
Hoengg,2044,private housing,44.8007
Hoengg,2045,cooperative housing,34.5518
Hoengg,2045,private housing,44.7229
Hoengg,2046,cooperative housing,34.4749
Hoengg,2046,private housing,44.6451
Hoengg,2047,cooperative housing,34.3979
Hoengg,2047,private housing,44.5673
Hoengg,2048,cooperative housing,34.3209
Hoengg,2048,private housing,44.4895
Hoengg,2049,cooperative housing,34.244
Hoengg,2049,private housing,44.4117
Hoengg,2050,cooperative housing,34.167
Hoengg,2050,private housing,44.3339
Wipkingen,2021,cooperative housing,34.0907
Wipkingen,2021,private housing,41.95
Wipkingen,2022,cooperative housing,34.1713
Wipkingen,2022,private housing,41.9215
Wipkingen,2023,cooperative housing,34.252
Wipkingen,2023,private housing,41.8931
Wipkingen,2024,cooperative housing,34.3326
Wipkingen,2024,private housing,41.8646
Wipkingen,2025,cooperative housing,34.4133
Wipkingen,2025,private housing,41.8361
Wipkingen,2026,cooperative housing,34.4939
Wipkingen,2026,private housing,41.8076
Wipkingen,2027,cooperative housing,34.5745
Wipkingen,2027,private housing,41.7791
Wipkingen,2028,cooperative housing,34.6552
Wipkingen,2028,private housing,41.7506
Wipkingen,2029,cooperative housing,34.7358
Wipkingen,2029,private housing,41.7221
Wipkingen,2030,cooperative housing,34.8165
Wipkingen,2030,private housing,41.693600000000004
Wipkingen,2031,cooperative housing,34.8971
Wipkingen,2031,private housing,41.6651
Wipkingen,2032,cooperative housing,34.9777
Wipkingen,2032,private housing,41.6367
Wipkingen,2033,cooperative housing,35.0584
Wipkingen,2033,private housing,41.6082
Wipkingen,2034,cooperative housing,35.139
Wipkingen,2034,private housing,41.5797
Wipkingen,2035,cooperative housing,35.2197
Wipkingen,2035,private housing,41.5512
Wipkingen,2036,cooperative housing,35.3003
Wipkingen,2036,private housing,41.5227
Wipkingen,2037,cooperative housing,35.3809
Wipkingen,2037,private housing,41.4942
Wipkingen,2038,cooperative housing,35.4616
Wipkingen,2038,private housing,41.4657
Wipkingen,2039,cooperative housing,35.5422
Wipkingen,2039,private housing,41.4372
Wipkingen,2040,cooperative housing,35.6229
Wipkingen,2040,private housing,41.4087
Wipkingen,2041,cooperative housing,35.7035
Wipkingen,2041,private housing,41.3802
Wipkingen,2042,cooperative housing,35.7842
Wipkingen,2042,private housing,41.3518
Wipkingen,2043,cooperative housing,35.8648
Wipkingen,2043,private housing,41.3233
Wipkingen,2044,cooperative housing,35.9454
Wipkingen,2044,private housing,41.2948
Wipkingen,2045,cooperative housing,36.0261
Wipkingen,2045,private housing,41.2663
Wipkingen,2046,cooperative housing,36.1067
Wipkingen,2046,private housing,41.2378
Wipkingen,2047,cooperative housing,36.1874
Wipkingen,2047,private housing,41.2093
Wipkingen,2048,cooperative housing,36.268
Wipkingen,2048,private housing,41.1808
Wipkingen,2049,cooperative housing,36.3486
Wipkingen,2049,private housing,41.1523
Wipkingen,2050,cooperative housing,36.4293
Wipkingen,2050,private housing,41.1238
Affoltern,2021,cooperative housing,35.0925
Affoltern,2021,private housing,39.042
Affoltern,2022,cooperative housing,35.1133
Affoltern,2022,private housing,39.0138
Affoltern,2023,cooperative housing,35.1341
Affoltern,2023,private housing,38.9856
Affoltern,2024,cooperative housing,35.1549
Affoltern,2024,private housing,38.9574
Affoltern,2025,cooperative housing,35.1757
Affoltern,2025,private housing,38.9292
Affoltern,2026,cooperative housing,35.1965
Affoltern,2026,private housing,38.901
Affoltern,2027,cooperative housing,35.2172
Affoltern,2027,private housing,38.8728
Affoltern,2028,cooperative housing,35.238
Affoltern,2028,private housing,38.8447
Affoltern,2029,cooperative housing,35.2588
Affoltern,2029,private housing,38.8165
Affoltern,2030,cooperative housing,35.2796
Affoltern,2030,private housing,38.7883
Affoltern,2031,cooperative housing,35.3004
Affoltern,2031,private housing,38.7601
Affoltern,2032,cooperative housing,35.3212
Affoltern,2032,private housing,38.7319
Affoltern,2033,cooperative housing,35.342
Affoltern,2033,private housing,38.7037
Affoltern,2034,cooperative housing,35.3628
Affoltern,2034,private housing,38.6755
Affoltern,2035,cooperative housing,35.3835
Affoltern,2035,private housing,38.6473
Affoltern,2036,cooperative housing,35.4043
Affoltern,2036,private housing,38.6191
Affoltern,2037,cooperative housing,35.4251
Affoltern,2037,private housing,38.5909
Affoltern,2038,cooperative housing,35.4459
Affoltern,2038,private housing,38.5628
Affoltern,2039,cooperative housing,35.4667
Affoltern,2039,private housing,38.5346
Affoltern,2040,cooperative housing,35.4875
Affoltern,2040,private housing,38.5064
Affoltern,2041,cooperative housing,35.5083
Affoltern,2041,private housing,38.4782
Affoltern,2042,cooperative housing,35.529
Affoltern,2042,private housing,38.45
Affoltern,2043,cooperative housing,35.5498
Affoltern,2043,private housing,38.4218
Affoltern,2044,cooperative housing,35.5706
Affoltern,2044,private housing,38.3936
Affoltern,2045,cooperative housing,35.5914
Affoltern,2045,private housing,38.3654
Affoltern,2046,cooperative housing,35.6122
Affoltern,2046,private housing,38.3372
Affoltern,2047,cooperative housing,35.633
Affoltern,2047,private housing,38.309
Affoltern,2048,cooperative housing,35.6538
Affoltern,2048,private housing,38.2808
Affoltern,2049,cooperative housing,35.6746
Affoltern,2049,private housing,38.2527
Affoltern,2050,cooperative housing,35.6953
Affoltern,2050,private housing,38.2245
Oerlikon,2021,cooperative housing,35.409
Oerlikon,2021,private housing,41.24
Oerlikon,2022,cooperative housing,35.3876
Oerlikon,2022,private housing,41.2329
Oerlikon,2023,cooperative housing,35.3661
Oerlikon,2023,private housing,41.2257
Oerlikon,2024,cooperative housing,35.3447
Oerlikon,2024,private housing,41.2186
Oerlikon,2025,cooperative housing,35.3233
Oerlikon,2025,private housing,41.2115
Oerlikon,2026,cooperative housing,35.3019
Oerlikon,2026,private housing,41.2044
Oerlikon,2027,cooperative housing,35.2804
Oerlikon,2027,private housing,41.1972
Oerlikon,2028,cooperative housing,35.259
Oerlikon,2028,private housing,41.1901
Oerlikon,2029,cooperative housing,35.2376
Oerlikon,2029,private housing,41.183
Oerlikon,2030,cooperative housing,35.2161
Oerlikon,2030,private housing,41.1759
Oerlikon,2031,cooperative housing,35.1947
Oerlikon,2031,private housing,41.1688
Oerlikon,2032,cooperative housing,35.1733
Oerlikon,2032,private housing,41.1616
Oerlikon,2033,cooperative housing,35.1519
Oerlikon,2033,private housing,41.1545
Oerlikon,2034,cooperative housing,35.1304
Oerlikon,2034,private housing,41.1474
Oerlikon,2035,cooperative housing,35.109
Oerlikon,2035,private housing,41.1403
Oerlikon,2036,cooperative housing,35.0876
Oerlikon,2036,private housing,41.1331
Oerlikon,2037,cooperative housing,35.0662
Oerlikon,2037,private housing,41.126
Oerlikon,2038,cooperative housing,35.0447
Oerlikon,2038,private housing,41.1189
Oerlikon,2039,cooperative housing,35.0233
Oerlikon,2039,private housing,41.1118
Oerlikon,2040,cooperative housing,35.0019
Oerlikon,2040,private housing,41.1046
Oerlikon,2041,cooperative housing,34.9804
Oerlikon,2041,private housing,41.0975
Oerlikon,2042,cooperative housing,34.959
Oerlikon,2042,private housing,41.0904
Oerlikon,2043,cooperative housing,34.9376
Oerlikon,2043,private housing,41.0833
Oerlikon,2044,cooperative housing,34.9162
Oerlikon,2044,private housing,41.0761
Oerlikon,2045,cooperative housing,34.8947
Oerlikon,2045,private housing,41.069
Oerlikon,2046,cooperative housing,34.8733
Oerlikon,2046,private housing,41.0619
Oerlikon,2047,cooperative housing,34.8519
Oerlikon,2047,private housing,41.0548
Oerlikon,2048,cooperative housing,34.8305
Oerlikon,2048,private housing,41.0476
Oerlikon,2049,cooperative housing,34.809
Oerlikon,2049,private housing,41.0405
Oerlikon,2050,cooperative housing,34.7876
Oerlikon,2050,private housing,41.0334
Seebach,2021,cooperative housing,33.6027
Seebach,2021,private housing,39.5517
Seebach,2022,cooperative housing,33.6584
Seebach,2022,private housing,39.5529
Seebach,2023,cooperative housing,33.7141
Seebach,2023,private housing,39.554
Seebach,2024,cooperative housing,33.7697
Seebach,2024,private housing,39.5552
Seebach,2025,cooperative housing,33.8254
Seebach,2025,private housing,39.5564
Seebach,2026,cooperative housing,33.881100000000004
Seebach,2026,private housing,39.5576
Seebach,2027,cooperative housing,33.9368
Seebach,2027,private housing,39.5587
Seebach,2028,cooperative housing,33.9924
Seebach,2028,private housing,39.5599
Seebach,2029,cooperative housing,34.0481
Seebach,2029,private housing,39.5611
Seebach,2030,cooperative housing,34.1038
Seebach,2030,private housing,39.5622
Seebach,2031,cooperative housing,34.1595
Seebach,2031,private housing,39.5634
Seebach,2032,cooperative housing,34.2151
Seebach,2032,private housing,39.5646
Seebach,2033,cooperative housing,34.2708
Seebach,2033,private housing,39.5657
Seebach,2034,cooperative housing,34.3265
Seebach,2034,private housing,39.5669
Seebach,2035,cooperative housing,34.3822
Seebach,2035,private housing,39.5681
Seebach,2036,cooperative housing,34.4378
Seebach,2036,private housing,39.5692
Seebach,2037,cooperative housing,34.4935
Seebach,2037,private housing,39.5704
Seebach,2038,cooperative housing,34.5492
Seebach,2038,private housing,39.5716
Seebach,2039,cooperative housing,34.6049
Seebach,2039,private housing,39.5727
Seebach,2040,cooperative housing,34.6605
Seebach,2040,private housing,39.5739
Seebach,2041,cooperative housing,34.7162
Seebach,2041,private housing,39.5751
Seebach,2042,cooperative housing,34.7719
Seebach,2042,private housing,39.5762
Seebach,2043,cooperative housing,34.8276
Seebach,2043,private housing,39.5774
Seebach,2044,cooperative housing,34.8832
Seebach,2044,private housing,39.5786
Seebach,2045,cooperative housing,34.9389
Seebach,2045,private housing,39.5797
Seebach,2046,cooperative housing,34.9946
Seebach,2046,private housing,39.5809
Seebach,2047,cooperative housing,35.0503
Seebach,2047,private housing,39.5821
Seebach,2048,cooperative housing,35.1059
Seebach,2048,private housing,39.5832
Seebach,2049,cooperative housing,35.1616
Seebach,2049,private housing,39.5844
Seebach,2050,cooperative housing,35.2173
Seebach,2050,private housing,39.5856
Saatlen,2021,cooperative housing,33.027
Saatlen,2021,private housing,38.2111
Saatlen,2022,cooperative housing,33.0428
Saatlen,2022,private housing,38.2787
Saatlen,2023,cooperative housing,33.0586
Saatlen,2023,private housing,38.3463
Saatlen,2024,cooperative housing,33.0744
Saatlen,2024,private housing,38.4139
Saatlen,2025,cooperative housing,33.0902
Saatlen,2025,private housing,38.4816
Saatlen,2026,cooperative housing,33.1061
Saatlen,2026,private housing,38.5492
Saatlen,2027,cooperative housing,33.1219
Saatlen,2027,private housing,38.6168
Saatlen,2028,cooperative housing,33.1377
Saatlen,2028,private housing,38.6845
Saatlen,2029,cooperative housing,33.1535
Saatlen,2029,private housing,38.7521
Saatlen,2030,cooperative housing,33.1693
Saatlen,2030,private housing,38.8197
Saatlen,2031,cooperative housing,33.1852
Saatlen,2031,private housing,38.8873
Saatlen,2032,cooperative housing,33.201
Saatlen,2032,private housing,38.955
Saatlen,2033,cooperative housing,33.2168
Saatlen,2033,private housing,39.0226
Saatlen,2034,cooperative housing,33.2326
Saatlen,2034,private housing,39.0902
Saatlen,2035,cooperative housing,33.2484
Saatlen,2035,private housing,39.1579
Saatlen,2036,cooperative housing,33.2643
Saatlen,2036,private housing,39.2255
Saatlen,2037,cooperative housing,33.2801
Saatlen,2037,private housing,39.2931
Saatlen,2038,cooperative housing,33.2959
Saatlen,2038,private housing,39.3607
Saatlen,2039,cooperative housing,33.3117
Saatlen,2039,private housing,39.4284
Saatlen,2040,cooperative housing,33.3275
Saatlen,2040,private housing,39.496
Saatlen,2041,cooperative housing,33.3434
Saatlen,2041,private housing,39.5636
Saatlen,2042,cooperative housing,33.3592
Saatlen,2042,private housing,39.6313
Saatlen,2043,cooperative housing,33.375
Saatlen,2043,private housing,39.6989
Saatlen,2044,cooperative housing,33.3908
Saatlen,2044,private housing,39.7665
Saatlen,2045,cooperative housing,33.4066
Saatlen,2045,private housing,39.8341
Saatlen,2046,cooperative housing,33.4225
Saatlen,2046,private housing,39.9018
Saatlen,2047,cooperative housing,33.4383
Saatlen,2047,private housing,39.9694
Saatlen,2048,cooperative housing,33.4541
Saatlen,2048,private housing,40.037
Saatlen,2049,cooperative housing,33.4699
Saatlen,2049,private housing,40.1047
Saatlen,2050,cooperative housing,33.4857
Saatlen,2050,private housing,40.1723
Schwamendingen-Mitte,2021,cooperative housing,36.5034
Schwamendingen-Mitte,2021,private housing,36.9012
Schwamendingen-Mitte,2022,cooperative housing,36.5753
Schwamendingen-Mitte,2022,private housing,36.9134
Schwamendingen-Mitte,2023,cooperative housing,36.6472
Schwamendingen-Mitte,2023,private housing,36.9255
Schwamendingen-Mitte,2024,cooperative housing,36.7191
Schwamendingen-Mitte,2024,private housing,36.9376
Schwamendingen-Mitte,2025,cooperative housing,36.791
Schwamendingen-Mitte,2025,private housing,36.9497
Schwamendingen-Mitte,2026,cooperative housing,36.8629
Schwamendingen-Mitte,2026,private housing,36.9619
Schwamendingen-Mitte,2027,cooperative housing,36.9348
Schwamendingen-Mitte,2027,private housing,36.974
Schwamendingen-Mitte,2028,cooperative housing,37.0068
Schwamendingen-Mitte,2028,private housing,36.9861
Schwamendingen-Mitte,2029,cooperative housing,37.0787
Schwamendingen-Mitte,2029,private housing,36.9983
Schwamendingen-Mitte,2030,cooperative housing,37.1506
Schwamendingen-Mitte,2030,private housing,37.0104
Schwamendingen-Mitte,2031,cooperative housing,37.2225
Schwamendingen-Mitte,2031,private housing,37.0225
Schwamendingen-Mitte,2032,cooperative housing,37.2944
Schwamendingen-Mitte,2032,private housing,37.0347
Schwamendingen-Mitte,2033,cooperative housing,37.3663
Schwamendingen-Mitte,2033,private housing,37.0468
Schwamendingen-Mitte,2034,cooperative housing,37.4382
Schwamendingen-Mitte,2034,private housing,37.0589
Schwamendingen-Mitte,2035,cooperative housing,37.5102
Schwamendingen-Mitte,2035,private housing,37.071
Schwamendingen-Mitte,2036,cooperative housing,37.5821
Schwamendingen-Mitte,2036,private housing,37.0832
Schwamendingen-Mitte,2037,cooperative housing,37.654
Schwamendingen-Mitte,2037,private housing,37.0953
Schwamendingen-Mitte,2038,cooperative housing,37.7259
Schwamendingen-Mitte,2038,private housing,37.1074
Schwamendingen-Mitte,2039,cooperative housing,37.7978
Schwamendingen-Mitte,2039,private housing,37.1196
Schwamendingen-Mitte,2040,cooperative housing,37.8697
Schwamendingen-Mitte,2040,private housing,37.1317
Schwamendingen-Mitte,2041,cooperative housing,37.9417
Schwamendingen-Mitte,2041,private housing,37.1438
Schwamendingen-Mitte,2042,cooperative housing,38.0136
Schwamendingen-Mitte,2042,private housing,37.156
Schwamendingen-Mitte,2043,cooperative housing,38.0855
Schwamendingen-Mitte,2043,private housing,37.1681
Schwamendingen-Mitte,2044,cooperative housing,38.1574
Schwamendingen-Mitte,2044,private housing,37.1802
Schwamendingen-Mitte,2045,cooperative housing,38.2293
Schwamendingen-Mitte,2045,private housing,37.1923
Schwamendingen-Mitte,2046,cooperative housing,38.3012
Schwamendingen-Mitte,2046,private housing,37.2045
Schwamendingen-Mitte,2047,cooperative housing,38.3731
Schwamendingen-Mitte,2047,private housing,37.2166
Schwamendingen-Mitte,2048,cooperative housing,38.4451
Schwamendingen-Mitte,2048,private housing,37.2287
Schwamendingen-Mitte,2049,cooperative housing,38.517
Schwamendingen-Mitte,2049,private housing,37.2409
Schwamendingen-Mitte,2050,cooperative housing,38.5889
Schwamendingen-Mitte,2050,private housing,37.253
Hirzenbach,2021,cooperative housing,32.971
Hirzenbach,2021,private housing,34.6677
Hirzenbach,2022,cooperative housing,33.0077
Hirzenbach,2022,private housing,34.7231
Hirzenbach,2023,cooperative housing,33.0444
Hirzenbach,2023,private housing,34.7785
Hirzenbach,2024,cooperative housing,33.0811
Hirzenbach,2024,private housing,34.8339
Hirzenbach,2025,cooperative housing,33.1178
Hirzenbach,2025,private housing,34.8892
Hirzenbach,2026,cooperative housing,33.1544
Hirzenbach,2026,private housing,34.9446
Hirzenbach,2027,cooperative housing,33.1911
Hirzenbach,2027,private housing,35
Hirzenbach,2028,cooperative housing,33.2278
Hirzenbach,2028,private housing,35.0554
Hirzenbach,2029,cooperative housing,33.2645
Hirzenbach,2029,private housing,35.1108
Hirzenbach,2030,cooperative housing,33.3012
Hirzenbach,2030,private housing,35.1661
Hirzenbach,2031,cooperative housing,33.3379
Hirzenbach,2031,private housing,35.2215
Hirzenbach,2032,cooperative housing,33.3746
Hirzenbach,2032,private housing,35.2769
Hirzenbach,2033,cooperative housing,33.4113
Hirzenbach,2033,private housing,35.3323
Hirzenbach,2034,cooperative housing,33.448
Hirzenbach,2034,private housing,35.3876
Hirzenbach,2035,cooperative housing,33.4847
Hirzenbach,2035,private housing,35.443
Hirzenbach,2036,cooperative housing,33.5214
Hirzenbach,2036,private housing,35.4984
Hirzenbach,2037,cooperative housing,33.5581
Hirzenbach,2037,private housing,35.5538
Hirzenbach,2038,cooperative housing,33.5948
Hirzenbach,2038,private housing,35.6092
Hirzenbach,2039,cooperative housing,33.6315
Hirzenbach,2039,private housing,35.6645
Hirzenbach,2040,cooperative housing,33.6682
Hirzenbach,2040,private housing,35.7199
Hirzenbach,2041,cooperative housing,33.7048
Hirzenbach,2041,private housing,35.7753
Hirzenbach,2042,cooperative housing,33.7415
Hirzenbach,2042,private housing,35.8307
Hirzenbach,2043,cooperative housing,33.7782
Hirzenbach,2043,private housing,35.8861
Hirzenbach,2044,cooperative housing,33.8149
Hirzenbach,2044,private housing,35.9414
Hirzenbach,2045,cooperative housing,33.8516
Hirzenbach,2045,private housing,35.9968
Hirzenbach,2046,cooperative housing,33.8883
Hirzenbach,2046,private housing,36.0522
Hirzenbach,2047,cooperative housing,33.925
Hirzenbach,2047,private housing,36.1076
Hirzenbach,2048,cooperative housing,33.9617
Hirzenbach,2048,private housing,36.163
Hirzenbach,2049,cooperative housing,33.9984
Hirzenbach,2049,private housing,36.2183
Hirzenbach,2050,cooperative housing,34.0351
Hirzenbach,2050,private housing,36.2737
