district,year,owner,indicator,apartments
Kreis 1,2021,cooperative housing,new,0
Kreis 1,2021,cooperative housing,removed,0
Kreis 1,2021,private housing,new,0
Kreis 1,2021,private housing,removed,0
Kreis 1,2022,cooperative housing,new,0
Kreis 1,2022,cooperative housing,removed,0
Kreis 1,2022,private housing,new,0
Kreis 1,2022,private housing,removed,0
Kreis 1,2023,cooperative housing,new,0
Kreis 1,2023,cooperative housing,removed,0
Kreis 1,2023,private housing,new,0
Kreis 1,2023,private housing,removed,0
Kreis 1,2024,cooperative housing,new,0
Kreis 1,2024,cooperative housing,removed,0
Kreis 1,2024,private housing,new,0
Kreis 1,2024,private housing,removed,0
Kreis 1,2025,cooperative housing,new,0
Kreis 1,2025,cooperative housing,removed,0
Kreis 1,2025,private housing,new,0
Kreis 1,2025,private housing,removed,0
Kreis 1,2026,cooperative housing,new,0
Kreis 1,2026,cooperative housing,removed,0
Kreis 1,2026,private housing,new,0
Kreis 1,2026,private housing,removed,0
Kreis 1,2027,cooperative housing,new,0
Kreis 1,2027,cooperative housing,removed,0
Kreis 1,2027,private housing,new,0
Kreis 1,2027,private housing,removed,0
Kreis 1,2028,cooperative housing,new,0
Kreis 1,2028,cooperative housing,removed,0
Kreis 1,2028,private housing,new,0
Kreis 1,2028,private housing,removed,0
Kreis 1,2029,cooperative housing,new,0
Kreis 1,2029,cooperative housing,removed,0
Kreis 1,2029,private housing,new,0
Kreis 1,2029,private housing,removed,0
Kreis 1,2030,cooperative housing,new,0
Kreis 1,2030,cooperative housing,removed,0
Kreis 1,2030,private housing,new,0
Kreis 1,2030,private housing,removed,0
Kreis 1,2031,cooperative housing,new,0
Kreis 1,2031,cooperative housing,removed,0
Kreis 1,2031,private housing,new,0
Kreis 1,2031,private housing,removed,0
Kreis 1,2032,cooperative housing,new,0
Kreis 1,2032,cooperative housing,removed,0
Kreis 1,2032,private housing,new,0
Kreis 1,2032,private housing,removed,0
Kreis 1,2033,cooperative housing,new,0
Kreis 1,2033,cooperative housing,removed,0
Kreis 1,2033,private housing,new,0
Kreis 1,2033,private housing,removed,0
Wollishofen,2021,cooperative housing,new,0
Wollishofen,2021,cooperative housing,removed,0
Wollishofen,2021,private housing,new,212.55814436422514
Wollishofen,2021,private housing,removed,0
Wollishofen,2022,cooperative housing,new,283.9675474222398
Wollishofen,2022,cooperative housing,removed,0
Wollishofen,2022,private housing,new,28.14692251582997
Wollishofen,2022,private housing,removed,0
Wollishofen,2023,cooperative housing,new,112.16167301505493
Wollishofen,2023,cooperative housing,removed,80.64140767613634
Wollishofen,2023,private housing,new,507.74275927857377
Wollishofen,2023,private housing,removed,13.768045212998887
Wollishofen,2024,cooperative housing,new,78.78885000515649
Wollishofen,2024,cooperative housing,removed,53.933846425303805
Wollishofen,2024,private housing,new,52.24396945830562
Wollishofen,2024,private housing,removed,25.65025124433905
Wollishofen,2025,cooperative housing,new,18.338095227389914
Wollishofen,2025,cooperative housing,removed,1.3892143136615283
Wollishofen,2025,private housing,new,353.3427107266624
Wollishofen,2025,private housing,removed,0.664529943294541
Wollishofen,2026,cooperative housing,new,0.7167374097950407
Wollishofen,2026,cooperative housing,removed,0.03553158489832078
Wollishofen,2026,private housing,new,14.380518963843484
Wollishofen,2026,private housing,removed,0.01717359936752171
Wollishofen,2027,cooperative housing,new,0.027096920363795025
Wollishofen,2027,cooperative housing,removed,0
Wollishofen,2027,private housing,new,0.5849746925595749
Wollishofen,2027,private housing,removed,0
Wollishofen,2028,cooperative housing,new,0
Wollishofen,2028,cooperative housing,removed,0
Wollishofen,2028,private housing,new,0
Wollishofen,2028,private housing,removed,0
Wollishofen,2029,cooperative housing,new,0
Wollishofen,2029,cooperative housing,removed,0
Wollishofen,2029,private housing,new,0
Wollishofen,2029,private housing,removed,0
Wollishofen,2030,cooperative housing,new,0
Wollishofen,2030,cooperative housing,removed,0
Wollishofen,2030,private housing,new,0
Wollishofen,2030,private housing,removed,0
Wollishofen,2031,cooperative housing,new,0
Wollishofen,2031,cooperative housing,removed,0
Wollishofen,2031,private housing,new,0
Wollishofen,2031,private housing,removed,0
Wollishofen,2032,cooperative housing,new,0
Wollishofen,2032,cooperative housing,removed,0
Wollishofen,2032,private housing,new,0
Wollishofen,2032,private housing,removed,0
Wollishofen,2033,cooperative housing,new,0
Wollishofen,2033,cooperative housing,removed,0
Wollishofen,2033,private housing,new,0
Wollishofen,2033,private housing,removed,0
Leimbach,2021,cooperative housing,new,0
Leimbach,2021,cooperative housing,removed,0
Leimbach,2021,private housing,new,147.99609116948386
Leimbach,2021,private housing,removed,0
Leimbach,2022,cooperative housing,new,41.853056640978195
Leimbach,2022,cooperative housing,removed,0
Leimbach,2022,private housing,new,18.80700115495838
Leimbach,2022,private housing,removed,0
Leimbach,2023,cooperative housing,new,221.7144250125249
Leimbach,2023,cooperative housing,removed,167.2817493379365
Leimbach,2023,private housing,new,21.830418549002612
Leimbach,2023,private housing,removed,0
Leimbach,2024,cooperative housing,new,3.6717451591333425
Leimbach,2024,cooperative housing,removed,2.7723061324166633
Leimbach,2024,private housing,new,6.204702698451361
Leimbach,2024,private housing,removed,2.922077919552555
Leimbach,2025,cooperative housing,new,0.060773187363568335
Leimbach,2025,cooperative housing,removed,0.04594452964685766
Leimbach,2025,private housing,new,3.03574677938432
Leimbach,2025,private housing,removed,0.07594810350864968
Leimbach,2026,cooperative housing,new,0
Leimbach,2026,cooperative housing,removed,0
Leimbach,2026,private housing,new,0.12125783924348943
Leimbach,2026,private housing,removed,0.0019739769387955987
Leimbach,2027,cooperative housing,new,0
Leimbach,2027,cooperative housing,removed,0
Leimbach,2027,private housing,new,0.004781809475963827
Leimbach,2027,private housing,removed,0
Leimbach,2028,cooperative housing,new,0
Leimbach,2028,cooperative housing,removed,0
Leimbach,2028,private housing,new,0
Leimbach,2028,private housing,removed,0
Leimbach,2029,cooperative housing,new,0
Leimbach,2029,cooperative housing,removed,0
Leimbach,2029,private housing,new,0
Leimbach,2029,private housing,removed,0
Leimbach,2030,cooperative housing,new,0
Leimbach,2030,cooperative housing,removed,0
Leimbach,2030,private housing,new,0
Leimbach,2030,private housing,removed,0
Leimbach,2031,cooperative housing,new,0
Leimbach,2031,cooperative housing,removed,0
Leimbach,2031,private housing,new,0
Leimbach,2031,private housing,removed,0
Leimbach,2032,cooperative housing,new,0
Leimbach,2032,cooperative housing,removed,0
Leimbach,2032,private housing,new,0
Leimbach,2032,private housing,removed,0
Leimbach,2033,cooperative housing,new,0
Leimbach,2033,cooperative housing,removed,0
Leimbach,2033,private housing,new,0
Leimbach,2033,private housing,removed,0
Enge,2021,cooperative housing,new,0
Enge,2021,cooperative housing,removed,0
Enge,2021,private housing,new,17.878722423159125
Enge,2021,private housing,removed,0
Enge,2022,cooperative housing,new,0
Enge,2022,cooperative housing,removed,0
Enge,2022,private housing,new,45.63442818870848
Enge,2022,private housing,removed,39.577358525747705
Enge,2023,cooperative housing,new,0
Enge,2023,cooperative housing,removed,0
Enge,2023,private housing,new,173.5657639981486
Enge,2023,private housing,removed,15.169699050441986
Enge,2024,cooperative housing,new,0
Enge,2024,cooperative housing,removed,0
Enge,2024,private housing,new,40.860560206495904
Enge,2024,private housing,removed,2.196942824354434
Enge,2025,cooperative housing,new,0
Enge,2025,cooperative housing,removed,0
Enge,2025,private housing,new,10.627891167143963
Enge,2025,private housing,removed,0.05468361483000434
Enge,2026,cooperative housing,new,0
Enge,2026,cooperative housing,removed,0
Enge,2026,private housing,new,0.4166946514240035
Enge,2026,private housing,removed,0.0013159846258637324
Enge,2027,cooperative housing,new,0
Enge,2027,cooperative housing,removed,0
Enge,2027,private housing,new,0.015939364919879427
Enge,2027,private housing,removed,0
Enge,2028,cooperative housing,new,0
Enge,2028,cooperative housing,removed,0
Enge,2028,private housing,new,0
Enge,2028,private housing,removed,0
Enge,2029,cooperative housing,new,0
Enge,2029,cooperative housing,removed,0
Enge,2029,private housing,new,0
Enge,2029,private housing,removed,0
Enge,2030,cooperative housing,new,0
Enge,2030,cooperative housing,removed,0
Enge,2030,private housing,new,0
Enge,2030,private housing,removed,0
Enge,2031,cooperative housing,new,0
Enge,2031,cooperative housing,removed,0
Enge,2031,private housing,new,0
Enge,2031,private housing,removed,0
Enge,2032,cooperative housing,new,0
Enge,2032,cooperative housing,removed,0
Enge,2032,private housing,new,0
Enge,2032,private housing,removed,0
Enge,2033,cooperative housing,new,0
Enge,2033,cooperative housing,removed,0
Enge,2033,private housing,new,0
Enge,2033,private housing,removed,0
Alt-Wiedikon,2021,cooperative housing,new,0
Alt-Wiedikon,2021,cooperative housing,removed,0
Alt-Wiedikon,2021,private housing,new,6.952836497895214
Alt-Wiedikon,2021,private housing,removed,0
Alt-Wiedikon,2022,cooperative housing,new,88.15856611610302
Alt-Wiedikon,2022,cooperative housing,removed,84.59660384878572
Alt-Wiedikon,2022,private housing,new,72.27552715330569
Alt-Wiedikon,2022,private housing,removed,0
Alt-Wiedikon,2023,cooperative housing,new,0.9315895863362901
Alt-Wiedikon,2023,cooperative housing,removed,0.8939496030499755
Alt-Wiedikon,2023,private housing,new,419.7055180704654
Alt-Wiedikon,2023,private housing,removed,32.453249430640234
Alt-Wiedikon,2024,cooperative housing,new,0.009844297560684773
Alt-Wiedikon,2024,cooperative housing,removed,0.00944654816429347
Alt-Wiedikon,2024,private housing,new,15.717288135583008
Alt-Wiedikon,2024,private housing,removed,2.485889114914812
Alt-Wiedikon,2025,cooperative housing,new,0
Alt-Wiedikon,2025,cooperative housing,removed,0
Alt-Wiedikon,2025,private housing,new,30.65687569293336
Alt-Wiedikon,2025,private housing,removed,2.3618721139456
Alt-Wiedikon,2026,cooperative housing,new,0
Alt-Wiedikon,2026,cooperative housing,removed,0
Alt-Wiedikon,2026,private housing,new,373.52112965735483
Alt-Wiedikon,2026,private housing,removed,171.62839424413932
Alt-Wiedikon,2027,cooperative housing,new,0
Alt-Wiedikon,2027,cooperative housing,removed,0
Alt-Wiedikon,2027,private housing,new,23.849403386550513
Alt-Wiedikon,2027,private housing,removed,10.969577989813054
Alt-Wiedikon,2028,cooperative housing,new,0
Alt-Wiedikon,2028,cooperative housing,removed,0
Alt-Wiedikon,2028,private housing,new,1.5214214059120608
Alt-Wiedikon,2028,private housing,removed,0.7010171065470058
Alt-Wiedikon,2029,cooperative housing,new,0
Alt-Wiedikon,2029,cooperative housing,removed,0
Alt-Wiedikon,2029,private housing,new,0
Alt-Wiedikon,2029,private housing,removed,0
Alt-Wiedikon,2030,cooperative housing,new,0
Alt-Wiedikon,2030,cooperative housing,removed,0
Alt-Wiedikon,2030,private housing,new,0
Alt-Wiedikon,2030,private housing,removed,0
Alt-Wiedikon,2031,cooperative housing,new,0
Alt-Wiedikon,2031,cooperative housing,removed,0
Alt-Wiedikon,2031,private housing,new,0
Alt-Wiedikon,2031,private housing,removed,0
Alt-Wiedikon,2032,cooperative housing,new,0
Alt-Wiedikon,2032,cooperative housing,removed,0
Alt-Wiedikon,2032,private housing,new,0
Alt-Wiedikon,2032,private housing,removed,0
Alt-Wiedikon,2033,cooperative housing,new,0
Alt-Wiedikon,2033,cooperative housing,removed,0
Alt-Wiedikon,2033,private housing,new,0
Alt-Wiedikon,2033,private housing,removed,0
Friesenberg,2021,cooperative housing,new,0
Friesenberg,2021,cooperative housing,removed,0
Friesenberg,2021,private housing,new,35.75744484631825
Friesenberg,2021,private housing,removed,0
Friesenberg,2022,cooperative housing,new,0
Friesenberg,2022,cooperative housing,removed,0
Friesenberg,2022,private housing,new,12.114139325921554
Friesenberg,2022,private housing,removed,0
Friesenberg,2023,cooperative housing,new,0
Friesenberg,2023,cooperative housing,removed,0
Friesenberg,2023,private housing,new,0.12708999643889166
Friesenberg,2023,private housing,removed,0
Friesenberg,2024,cooperative housing,new,128.86363625226767
Friesenberg,2024,cooperative housing,removed,85.03246745897934
Friesenberg,2024,private housing,new,0.0013258313213043466
Friesenberg,2024,private housing,removed,0
Friesenberg,2025,cooperative housing,new,100.04703041804488
Friesenberg,2025,cooperative housing,removed,66.09965418661236
Friesenberg,2025,private housing,new,46.04653288253021
Friesenberg,2025,private housing,removed,0
Friesenberg,2026,cooperative housing,new,4.028664531295067
Friesenberg,2026,cooperative housing,removed,2.6617221840418925
Friesenberg,2026,private housing,new,1.8769581658543717
Friesenberg,2026,private housing,removed,0
Friesenberg,2027,cooperative housing,new,0.1606687983923846
Friesenberg,2027,cooperative housing,removed,0.10615617036639696
Friesenberg,2027,private housing,new,0.07650895161542123
Friesenberg,2027,private housing,removed,0
Friesenberg,2028,cooperative housing,new,0
Friesenberg,2028,cooperative housing,removed,0
Friesenberg,2028,private housing,new,0
Friesenberg,2028,private housing,removed,0
Friesenberg,2029,cooperative housing,new,0
Friesenberg,2029,cooperative housing,removed,0
Friesenberg,2029,private housing,new,0
Friesenberg,2029,private housing,removed,0
Friesenberg,2030,cooperative housing,new,0
Friesenberg,2030,cooperative housing,removed,0
Friesenberg,2030,private housing,new,0
Friesenberg,2030,private housing,removed,0
Friesenberg,2031,cooperative housing,new,0
Friesenberg,2031,cooperative housing,removed,0
Friesenberg,2031,private housing,new,0
Friesenberg,2031,private housing,removed,0
Friesenberg,2032,cooperative housing,new,0
Friesenberg,2032,cooperative housing,removed,0
Friesenberg,2032,private housing,new,0
Friesenberg,2032,private housing,removed,0
Friesenberg,2033,cooperative housing,new,0
Friesenberg,2033,cooperative housing,removed,0
Friesenberg,2033,private housing,new,0
Friesenberg,2033,private housing,removed,0
Sihlfeld,2021,cooperative housing,new,0
Sihlfeld,2021,cooperative housing,removed,0
Sihlfeld,2021,private housing,new,40.72375663052912
Sihlfeld,2021,private housing,removed,0
Sihlfeld,2022,cooperative housing,new,0
Sihlfeld,2022,cooperative housing,removed,0
Sihlfeld,2022,private housing,new,45.788356818390056
Sihlfeld,2022,private housing,removed,0
Sihlfeld,2023,cooperative housing,new,15.73490881485587
Sihlfeld,2023,cooperative housing,removed,0
Sihlfeld,2023,private housing,new,0.48280419768249067
Sihlfeld,2023,private housing,removed,0
Sihlfeld,2024,cooperative housing,new,131.7542759161299
Sihlfeld,2024,cooperative housing,removed,142.88961026611992
Sihlfeld,2024,private housing,new,29.22586154892388
Sihlfeld,2024,private housing,removed,13.636363624578589
Sihlfeld,2025,cooperative housing,new,3.4219863067684226
Sihlfeld,2025,cooperative housing,removed,3.713862261572969
Sihlfeld,2025,private housing,new,51.21880665219251
Sihlfeld,2025,private housing,removed,62.70910442813335
Sihlfeld,2026,cooperative housing,new,628.731901330202
Sihlfeld,2026,cooperative housing,removed,216.66659395831886
Sihlfeld,2026,private housing,new,2.0765730928033714
Sihlfeld,2026,private housing,removed,2.550926075308841
Sihlfeld,2027,cooperative housing,new,40.18780707890151
Sihlfeld,2027,cooperative housing,removed,13.844861151846766
Sihlfeld,2027,private housing,new,0.08384105947856578
Sihlfeld,2027,private housing,removed,0.10360587197921627
Sihlfeld,2028,cooperative housing,new,2.5691205531422474
Sihlfeld,2028,cooperative housing,removed,0.8850723621414981
Sihlfeld,2028,private housing,new,0
Sihlfeld,2028,private housing,removed,0
Sihlfeld,2029,cooperative housing,new,0
Sihlfeld,2029,cooperative housing,removed,0
Sihlfeld,2029,private housing,new,0
Sihlfeld,2029,private housing,removed,0
Sihlfeld,2030,cooperative housing,new,0
Sihlfeld,2030,cooperative housing,removed,0
Sihlfeld,2030,private housing,new,0
Sihlfeld,2030,private housing,removed,0
Sihlfeld,2031,cooperative housing,new,0
Sihlfeld,2031,cooperative housing,removed,0
Sihlfeld,2031,private housing,new,0
Sihlfeld,2031,private housing,removed,0
Sihlfeld,2032,cooperative housing,new,0
Sihlfeld,2032,cooperative housing,removed,0
Sihlfeld,2032,private housing,new,0
Sihlfeld,2032,private housing,removed,0
Sihlfeld,2033,cooperative housing,new,0
Sihlfeld,2033,cooperative housing,removed,0
Sihlfeld,2033,private housing,new,0
Sihlfeld,2033,private housing,removed,0
Werd,2021,cooperative housing,new,23.838296564212165
Werd,2021,cooperative housing,removed,0
Werd,2021,private housing,new,79.46098854737389
Werd,2021,private housing,removed,0
Werd,2022,cooperative housing,new,0.16062117879816104
Werd,2022,cooperative housing,removed,0
Werd,2022,private housing,new,2.514271855614589
Werd,2022,private housing,removed,0
Werd,2023,cooperative housing,new,0.0010822569896727626
Werd,2023,cooperative housing,removed,0
Werd,2023,private housing,new,72.79847189383304
Werd,2023,private housing,removed,0
Werd,2024,cooperative housing,new,0
Werd,2024,cooperative housing,removed,0
Werd,2024,private housing,new,10.94653980895409
Werd,2024,private housing,removed,7.792207785473479
Werd,2025,cooperative housing,new,0
Werd,2025,cooperative housing,removed,0
Werd,2025,private housing,new,0.27314797109507255
Werd,2025,private housing,removed,0.2025282760230658
Werd,2026,cooperative housing,new,0
Werd,2026,cooperative housing,removed,0
Werd,2026,private housing,new,0.006579923129318663
Werd,2026,private housing,removed,0.00526393850345493
Werd,2027,cooperative housing,new,0
Werd,2027,cooperative housing,removed,0
Werd,2027,private housing,new,0
Werd,2027,private housing,removed,0
Werd,2028,cooperative housing,new,0
Werd,2028,cooperative housing,removed,0
Werd,2028,private housing,new,0
Werd,2028,private housing,removed,0
Werd,2029,cooperative housing,new,0
Werd,2029,cooperative housing,removed,0
Werd,2029,private housing,new,0
Werd,2029,private housing,removed,0
Werd,2030,cooperative housing,new,0
Werd,2030,cooperative housing,removed,0
Werd,2030,private housing,new,0
Werd,2030,private housing,removed,0
Werd,2031,cooperative housing,new,0
Werd,2031,cooperative housing,removed,0
Werd,2031,private housing,new,0
Werd,2031,private housing,removed,0
Werd,2032,cooperative housing,new,0
Werd,2032,cooperative housing,removed,0
Werd,2032,private housing,new,0
Werd,2032,private housing,removed,0
Werd,2033,cooperative housing,new,0
Werd,2033,cooperative housing,removed,0
Werd,2033,private housing,new,0
Werd,2033,private housing,removed,0
Langstrasse,2021,cooperative housing,new,0
Langstrasse,2021,cooperative housing,removed,0
Langstrasse,2021,private housing,new,56.61595434000389
Langstrasse,2021,private housing,removed,0
Langstrasse,2022,cooperative housing,new,0
Langstrasse,2022,cooperative housing,removed,0
Langstrasse,2022,private housing,new,12.254682857369946
Langstrasse,2022,private housing,removed,0
Langstrasse,2023,cooperative housing,new,0
Langstrasse,2023,cooperative housing,removed,0
Langstrasse,2023,private housing,new,0.12803697130485533
Langstrasse,2023,private housing,removed,0
Langstrasse,2024,cooperative housing,new,0
Langstrasse,2024,cooperative housing,removed,0
Langstrasse,2024,private housing,new,49.676650463714736
Langstrasse,2024,private housing,removed,14.610389597762774
Langstrasse,2025,cooperative housing,new,0
Langstrasse,2025,cooperative housing,removed,0
Langstrasse,2025,private housing,new,1.2911177596470447
Langstrasse,2025,private housing,removed,0.3797405175432484
Langstrasse,2026,cooperative housing,new,0
Langstrasse,2026,cooperative housing,removed,0
Langstrasse,2026,private housing,new,0.033557607959525185
Langstrasse,2026,private housing,removed,0.009869884693977994
Langstrasse,2027,cooperative housing,new,0
Langstrasse,2027,cooperative housing,removed,0
Langstrasse,2027,private housing,new,0
Langstrasse,2027,private housing,removed,0
Langstrasse,2028,cooperative housing,new,0
Langstrasse,2028,cooperative housing,removed,0
Langstrasse,2028,private housing,new,0
Langstrasse,2028,private housing,removed,0
Langstrasse,2029,cooperative housing,new,0
Langstrasse,2029,cooperative housing,removed,0
Langstrasse,2029,private housing,new,0
Langstrasse,2029,private housing,removed,0
Langstrasse,2030,cooperative housing,new,0
Langstrasse,2030,cooperative housing,removed,0
Langstrasse,2030,private housing,new,0
Langstrasse,2030,private housing,removed,0
Langstrasse,2031,cooperative housing,new,0
Langstrasse,2031,cooperative housing,removed,0
Langstrasse,2031,private housing,new,0
Langstrasse,2031,private housing,removed,0
Langstrasse,2032,cooperative housing,new,0
Langstrasse,2032,cooperative housing,removed,0
Langstrasse,2032,private housing,new,0
Langstrasse,2032,private housing,removed,0
Langstrasse,2033,cooperative housing,new,0
Langstrasse,2033,cooperative housing,removed,0
Langstrasse,2033,private housing,new,0
Langstrasse,2033,private housing,removed,0
Hard,2021,cooperative housing,new,45.69006841473998
Hard,2021,cooperative housing,removed,0
Hard,2021,private housing,new,33.770920132633904
Hard,2021,private housing,removed,0
Hard,2022,cooperative housing,new,0.30785725936314196
Hard,2022,cooperative housing,removed,0
Hard,2022,private housing,new,175.35735814639767
Hard,2022,private housing,removed,0
Hard,2023,cooperative housing,new,44.256505367679004
Hard,2023,cooperative housing,removed,22.618931421355313
Hard,2023,private housing,new,148.3835040473245
Hard,2023,private housing,removed,0
Hard,2024,cooperative housing,new,119.5645830492157
Hard,2024,cooperative housing,removed,78.29693406311564
Hard,2024,private housing,new,2.44797231845651
Hard,2024,private housing,removed,0
Hard,2025,cooperative housing,new,266.4293207687941
Hard,2025,cooperative housing,removed,271.4037124932962
Hard,2025,private housing,new,0.04024535518742969
Hard,2025,private housing,removed,0
Hard,2026,cooperative housing,new,175.13772087577328
Hard,2026,cooperative housing,removed,107.09894418604269
Hard,2026,private housing,new,0
Hard,2026,private housing,removed,0
Hard,2027,cooperative housing,new,10.942391304833256
Hard,2027,cooperative housing,removed,6.588877644423098
Hard,2027,private housing,new,0
Hard,2027,private housing,removed,0
Hard,2028,cooperative housing,new,0.6715529596015257
Hard,2028,cooperative housing,removed,0.3926001917670458
Hard,2028,private housing,new,0
Hard,2028,private housing,removed,0
Hard,2029,cooperative housing,new,0
Hard,2029,cooperative housing,removed,0
Hard,2029,private housing,new,0
Hard,2029,private housing,removed,0
Hard,2030,cooperative housing,new,0
Hard,2030,cooperative housing,removed,0
Hard,2030,private housing,new,0
Hard,2030,private housing,removed,0
Hard,2031,cooperative housing,new,0
Hard,2031,cooperative housing,removed,0
Hard,2031,private housing,new,0
Hard,2031,private housing,removed,0
Hard,2032,cooperative housing,new,0
Hard,2032,cooperative housing,removed,0
Hard,2032,private housing,new,0
Hard,2032,private housing,removed,0
Hard,2033,cooperative housing,new,0
Hard,2033,cooperative housing,removed,0
Hard,2033,private housing,new,0
Hard,2033,private housing,removed,0
Gewerbeschule,2021,cooperative housing,new,54.62942962631954
Gewerbeschule,2021,cooperative housing,removed,0
Gewerbeschule,2021,private housing,new,33.770920132633904
Gewerbeschule,2021,private housing,removed,0
Gewerbeschule,2022,cooperative housing,new,0.36809020141245236
Gewerbeschule,2022,cooperative housing,removed,0
Gewerbeschule,2022,private housing,new,0.22754666996406148
Gewerbeschule,2022,private housing,removed,0
Gewerbeschule,2023,cooperative housing,new,0.002480172268000081
Gewerbeschule,2023,cooperative housing,removed,0
Gewerbeschule,2023,private housing,new,29.504487225256792
Gewerbeschule,2023,private housing,removed,0
Gewerbeschule,2024,cooperative housing,new,0
Gewerbeschule,2024,cooperative housing,removed,0
Gewerbeschule,2024,private housing,new,0.48894288049676604
Gewerbeschule,2024,private housing,removed,0
Gewerbeschule,2025,cooperative housing,new,0
Gewerbeschule,2025,cooperative housing,removed,0
Gewerbeschule,2025,private housing,new,0.008103091648475778
Gewerbeschule,2025,private housing,removed,0
Gewerbeschule,2026,cooperative housing,new,126.40276254047377
Gewerbeschule,2026,cooperative housing,removed,0
Gewerbeschule,2026,private housing,new,252.80552508094755
Gewerbeschule,2026,private housing,removed,0
Gewerbeschule,2027,cooperative housing,new,8.080658259832743
Gewerbeschule,2027,cooperative housing,removed,0
Gewerbeschule,2027,private housing,new,16.161316519665487
Gewerbeschule,2027,private housing,removed,0
Gewerbeschule,2028,cooperative housing,new,0.5165791996934813
Gewerbeschule,2028,cooperative housing,removed,0
Gewerbeschule,2028,private housing,new,1.0331583993869626
Gewerbeschule,2028,private housing,removed,0
Gewerbeschule,2029,cooperative housing,new,0
Gewerbeschule,2029,cooperative housing,removed,0
Gewerbeschule,2029,private housing,new,0
Gewerbeschule,2029,private housing,removed,0
Gewerbeschule,2030,cooperative housing,new,0
Gewerbeschule,2030,cooperative housing,removed,0
Gewerbeschule,2030,private housing,new,0
Gewerbeschule,2030,private housing,removed,0
Gewerbeschule,2031,cooperative housing,new,0
Gewerbeschule,2031,cooperative housing,removed,0
Gewerbeschule,2031,private housing,new,0
Gewerbeschule,2031,private housing,removed,0
Gewerbeschule,2032,cooperative housing,new,0
Gewerbeschule,2032,cooperative housing,removed,0
Gewerbeschule,2032,private housing,new,0
Gewerbeschule,2032,private housing,removed,0
Gewerbeschule,2033,cooperative housing,new,0
Gewerbeschule,2033,cooperative housing,removed,0
Gewerbeschule,2033,private housing,new,0
Gewerbeschule,2033,private housing,removed,0
Escher Wyss,2021,cooperative housing,new,0
Escher Wyss,2021,cooperative housing,removed,0
Escher Wyss,2021,private housing,new,0
Escher Wyss,2021,private housing,removed,0
Escher Wyss,2022,cooperative housing,new,0
Escher Wyss,2022,cooperative housing,removed,0
Escher Wyss,2022,private housing,new,0
Escher Wyss,2022,private housing,removed,0
Escher Wyss,2023,cooperative housing,new,0
Escher Wyss,2023,cooperative housing,removed,0
Escher Wyss,2023,private housing,new,0
Escher Wyss,2023,private housing,removed,0
Escher Wyss,2024,cooperative housing,new,0
Escher Wyss,2024,cooperative housing,removed,0
Escher Wyss,2024,private housing,new,0
Escher Wyss,2024,private housing,removed,0
Escher Wyss,2025,cooperative housing,new,150.2268135292548
Escher Wyss,2025,cooperative housing,removed,0
Escher Wyss,2025,private housing,new,582.776431794523
Escher Wyss,2025,private housing,removed,7.770352423926973
Escher Wyss,2026,cooperative housing,new,183.08744357276316
Escher Wyss,2026,cooperative housing,removed,0
Escher Wyss,2026,private housing,new,23.75525178659439
Escher Wyss,2026,private housing,removed,0.31673669048792524
Escher Wyss,2027,cooperative housing,new,11.562532018411153
Escher Wyss,2027,cooperative housing,removed,0
Escher Wyss,2027,private housing,new,0.9683164188826752
Escher Wyss,2027,private housing,removed,0.012910885585102333
Escher Wyss,2028,cooperative housing,new,0.7232108795708738
Escher Wyss,2028,cooperative housing,removed,0
Escher Wyss,2028,private housing,new,0
Escher Wyss,2028,private housing,removed,0
Escher Wyss,2029,cooperative housing,new,0
Escher Wyss,2029,cooperative housing,removed,0
Escher Wyss,2029,private housing,new,0
Escher Wyss,2029,private housing,removed,0
Escher Wyss,2030,cooperative housing,new,0
Escher Wyss,2030,cooperative housing,removed,0
Escher Wyss,2030,private housing,new,0
Escher Wyss,2030,private housing,removed,0
Escher Wyss,2031,cooperative housing,new,0
Escher Wyss,2031,cooperative housing,removed,0
Escher Wyss,2031,private housing,new,0
Escher Wyss,2031,private housing,removed,0
Escher Wyss,2032,cooperative housing,new,0
Escher Wyss,2032,cooperative housing,removed,0
Escher Wyss,2032,private housing,new,0
Escher Wyss,2032,private housing,removed,0
Escher Wyss,2033,cooperative housing,new,0
Escher Wyss,2033,cooperative housing,removed,0
Escher Wyss,2033,private housing,new,0
Escher Wyss,2033,private housing,removed,0
Unterstrass,2021,cooperative housing,new,148.98935352632603
Unterstrass,2021,cooperative housing,removed,0
Unterstrass,2021,private housing,new,55.622691983161715
Unterstrass,2021,private housing,removed,0
Unterstrass,2022,cooperative housing,new,82.1374673452713
Unterstrass,2022,cooperative housing,removed,0
Unterstrass,2022,private housing,new,30.057801644839824
Unterstrass,2022,private housing,removed,0
Unterstrass,2023,cooperative housing,new,132.64398060545832
Unterstrass,2023,cooperative housing,removed,71.79052146777991
Unterstrass,2023,private housing,new,146.35581423157623
Unterstrass,2023,private housing,removed,112.99631392668373
Unterstrass,2024,cooperative housing,new,94.2384591794866
Unterstrass,2024,cooperative housing,removed,41.514436299034045
Unterstrass,2024,private housing,new,24.826179219998505
Unterstrass,2024,private housing,removed,6.7427810982235385
Unterstrass,2025,cooperative housing,new,2.4285590698856567
Unterstrass,2025,cooperative housing,removed,1.0678013514306566
Unterstrass,2025,private housing,new,156.98873034415175
Unterstrass,2025,private housing,removed,0.15761501352807836
Unterstrass,2026,cooperative housing,new,0.062180273572061365
Unterstrass,2026,cooperative housing,removed,0.027240881755379264
Unterstrass,2026,private housing,new,6.388970928077903
Unterstrass,2026,private housing,removed,0.0032899615646593315
Unterstrass,2027,cooperative housing,new,0
Unterstrass,2027,cooperative housing,removed,0
Unterstrass,2027,private housing,new,0.25981164819403463
Unterstrass,2027,private housing,removed,0
Unterstrass,2028,cooperative housing,new,67.00730445904475
Unterstrass,2028,cooperative housing,removed,7.61446641580054
Unterstrass,2028,private housing,new,0
Unterstrass,2028,private housing,removed,0
Unterstrass,2029,cooperative housing,new,10.536038675455657
Unterstrass,2029,cooperative housing,removed,1.1972771222108702
Unterstrass,2029,private housing,new,0
Unterstrass,2029,private housing,removed,0
Unterstrass,2030,cooperative housing,new,1.656656865499585
Unterstrass,2030,cooperative housing,removed,0.1882564619885892
Unterstrass,2030,private housing,new,0
Unterstrass,2030,private housing,removed,0
Unterstrass,2031,cooperative housing,new,0
Unterstrass,2031,cooperative housing,removed,0
Unterstrass,2031,private housing,new,0
Unterstrass,2031,private housing,removed,0
Unterstrass,2032,cooperative housing,new,0
Unterstrass,2032,cooperative housing,removed,0
Unterstrass,2032,private housing,new,0
Unterstrass,2032,private housing,removed,0
Unterstrass,2033,cooperative housing,new,0
Unterstrass,2033,cooperative housing,removed,0
Unterstrass,2033,private housing,new,0
Unterstrass,2033,private housing,removed,0
Oberstrass,2021,cooperative housing,new,0
Oberstrass,2021,cooperative housing,removed,0
Oberstrass,2021,private housing,new,42.71028134421346
Oberstrass,2021,private housing,removed,1.9865247136843471
Oberstrass,2022,cooperative housing,new,0
Oberstrass,2022,cooperative housing,removed,0
Oberstrass,2022,private housing,new,29.97079850632415
Oberstrass,2022,private housing,removed,0.013385098233180086
Oberstrass,2023,cooperative housing,new,0
Oberstrass,2023,cooperative housing,removed,0
Oberstrass,2023,private housing,new,2.2824691730161035
Oberstrass,2023,private housing,removed,9.018808247273021e-5
Oberstrass,2024,cooperative housing,new,0
Oberstrass,2024,cooperative housing,removed,0
Oberstrass,2024,private housing,new,0.0359107703363786
Oberstrass,2024,private housing,removed,0
Oberstrass,2025,cooperative housing,new,0
Oberstrass,2025,cooperative housing,removed,0
Oberstrass,2025,private housing,new,53.72149523572847
Oberstrass,2025,private housing,removed,0
Oberstrass,2026,cooperative housing,new,0
Oberstrass,2026,cooperative housing,removed,0
Oberstrass,2026,private housing,new,2.1897845268301004
Oberstrass,2026,private housing,removed,0
Oberstrass,2027,cooperative housing,new,0
Oberstrass,2027,cooperative housing,removed,0
Oberstrass,2027,private housing,new,0.08926044355132479
Oberstrass,2027,private housing,removed,0
Oberstrass,2028,cooperative housing,new,0
Oberstrass,2028,cooperative housing,removed,0
Oberstrass,2028,private housing,new,0
Oberstrass,2028,private housing,removed,0
Oberstrass,2029,cooperative housing,new,0
Oberstrass,2029,cooperative housing,removed,0
Oberstrass,2029,private housing,new,0
Oberstrass,2029,private housing,removed,0
Oberstrass,2030,cooperative housing,new,0
Oberstrass,2030,cooperative housing,removed,0
Oberstrass,2030,private housing,new,0
Oberstrass,2030,private housing,removed,0
Oberstrass,2031,cooperative housing,new,0
Oberstrass,2031,cooperative housing,removed,0
Oberstrass,2031,private housing,new,0
Oberstrass,2031,private housing,removed,0
Oberstrass,2032,cooperative housing,new,0
Oberstrass,2032,cooperative housing,removed,0
Oberstrass,2032,private housing,new,0
Oberstrass,2032,private housing,removed,0
Oberstrass,2033,cooperative housing,new,0
Oberstrass,2033,cooperative housing,removed,0
Oberstrass,2033,private housing,new,0
Oberstrass,2033,private housing,removed,0
Fluntern,2021,cooperative housing,new,0
Fluntern,2021,cooperative housing,removed,0
Fluntern,2021,private housing,new,64.56205319474128
Fluntern,2021,private housing,removed,0
Fluntern,2022,cooperative housing,new,0
Fluntern,2022,cooperative housing,removed,0
Fluntern,2022,private housing,new,23.19199684488328
Fluntern,2022,private housing,removed,0.9894339631436927
Fluntern,2023,cooperative housing,new,0
Fluntern,2023,cooperative housing,removed,0
Fluntern,2023,private housing,new,81.8682482607411
Fluntern,2023,private housing,removed,10.828205361126276
Fluntern,2024,cooperative housing,new,0
Fluntern,2024,cooperative housing,removed,0
Fluntern,2024,private housing,new,11.0955428779154
Fluntern,2024,private housing,removed,1.1534155153097745
Fluntern,2025,cooperative housing,new,0
Fluntern,2025,cooperative housing,removed,0
Fluntern,2025,private housing,new,14.665120424380303
Fluntern,2025,private housing,removed,0.028287168107324345
Fluntern,2026,cooperative housing,new,0
Fluntern,2026,cooperative housing,removed,0
Fluntern,2026,private housing,new,0.5931293499588097
Fluntern,2026,private housing,removed,6.579923129318662e-4
Fluntern,2027,cooperative housing,new,0
Fluntern,2027,cooperative housing,removed,0
Fluntern,2027,private housing,new,0.023909047379819137
Fluntern,2027,private housing,removed,0
Fluntern,2028,cooperative housing,new,0
Fluntern,2028,cooperative housing,removed,0
Fluntern,2028,private housing,new,0
Fluntern,2028,private housing,removed,0
Fluntern,2029,cooperative housing,new,0
Fluntern,2029,cooperative housing,removed,0
Fluntern,2029,private housing,new,0
Fluntern,2029,private housing,removed,0
Fluntern,2030,cooperative housing,new,0
Fluntern,2030,cooperative housing,removed,0
Fluntern,2030,private housing,new,0
Fluntern,2030,private housing,removed,0
Fluntern,2031,cooperative housing,new,0
Fluntern,2031,cooperative housing,removed,0
Fluntern,2031,private housing,new,0
Fluntern,2031,private housing,removed,0
Fluntern,2032,cooperative housing,new,0
Fluntern,2032,cooperative housing,removed,0
Fluntern,2032,private housing,new,0
Fluntern,2032,private housing,removed,0
Fluntern,2033,cooperative housing,new,0
Fluntern,2033,cooperative housing,removed,0
Fluntern,2033,private housing,new,0
Fluntern,2033,private housing,removed,0
Hottingen,2021,cooperative housing,new,0
Hottingen,2021,cooperative housing,removed,0
Hottingen,2021,private housing,new,19.86524713684347
Hottingen,2021,private housing,removed,0
Hottingen,2022,cooperative housing,new,0
Hottingen,2022,cooperative housing,removed,0
Hottingen,2022,private housing,new,39.711209508079506
Hottingen,2022,private housing,removed,0
Hottingen,2023,cooperative housing,new,0
Hottingen,2023,cooperative housing,removed,0
Hottingen,2023,private housing,new,31.888941547051076
Hottingen,2023,private housing,removed,3.9337272037139677
Hottingen,2024,cooperative housing,new,0
Hottingen,2024,cooperative housing,removed,0
Hottingen,2024,private housing,new,0.5259585102675649
Hottingen,2024,private housing,removed,0.06519238406623547
Hottingen,2025,cooperative housing,new,0
Hottingen,2025,cooperative housing,removed,0
Hottingen,2025,private housing,new,6.723762676460696
Hottingen,2025,private housing,removed,0.0010804122197967704
Hottingen,2026,cooperative housing,new,0
Hottingen,2026,cooperative housing,removed,0
Hottingen,2026,private housing,new,0.27372306585376255
Hottingen,2026,private housing,removed,0
Hottingen,2027,cooperative housing,new,0
Hottingen,2027,cooperative housing,removed,0
Hottingen,2027,private housing,new,0.011157555443915598
Hottingen,2027,private housing,removed,0
Hottingen,2028,cooperative housing,new,0
Hottingen,2028,cooperative housing,removed,0
Hottingen,2028,private housing,new,0
Hottingen,2028,private housing,removed,0
Hottingen,2029,cooperative housing,new,0
Hottingen,2029,cooperative housing,removed,0
Hottingen,2029,private housing,new,0
Hottingen,2029,private housing,removed,0
Hottingen,2030,cooperative housing,new,0
Hottingen,2030,cooperative housing,removed,0
Hottingen,2030,private housing,new,0
Hottingen,2030,private housing,removed,0
Hottingen,2031,cooperative housing,new,0
Hottingen,2031,cooperative housing,removed,0
Hottingen,2031,private housing,new,0
Hottingen,2031,private housing,removed,0
Hottingen,2032,cooperative housing,new,0
Hottingen,2032,cooperative housing,removed,0
Hottingen,2032,private housing,new,0
Hottingen,2032,private housing,removed,0
Hottingen,2033,cooperative housing,new,0
Hottingen,2033,cooperative housing,removed,0
Hottingen,2033,private housing,new,0
Hottingen,2033,private housing,removed,0
Hirslanden,2021,cooperative housing,new,0
Hirslanden,2021,cooperative housing,removed,0
Hirslanden,2021,private housing,new,1.9865247136843471
Hirslanden,2021,private housing,removed,0
Hirslanden,2022,cooperative housing,new,0
Hirslanden,2022,cooperative housing,removed,0
Hirslanden,2022,private housing,new,109.84055500718307
Hirslanden,2022,private housing,removed,45.51396230460986
Hirslanden,2023,cooperative housing,new,0
Hirslanden,2023,cooperative housing,removed,0
Hirslanden,2023,private housing,new,25.74645136262281
Hirslanden,2023,private housing,removed,0.4809553419917997
Hirslanden,2024,cooperative housing,new,0
Hirslanden,2024,cooperative housing,removed,0
Hirslanden,2024,private housing,new,8.211924125609515
Hirslanden,2024,private housing,removed,3.901186246135073
Hirslanden,2025,cooperative housing,new,0
Hirslanden,2025,cooperative housing,removed,0
Hirslanden,2025,private housing,new,33.7848777459084
Hirslanden,2025,private housing,removed,0.1012641380115329
Hirslanden,2026,cooperative housing,new,0
Hirslanden,2026,cooperative housing,removed,0
Hirslanden,2026,private housing,new,1.3738792677722675
Hirslanden,2026,private housing,removed,0.002631969251727465
Hirslanden,2027,cooperative housing,new,0
Hirslanden,2027,cooperative housing,removed,0
Hirslanden,2027,private housing,new,0.05578777721957799
Hirslanden,2027,private housing,removed,0
Hirslanden,2028,cooperative housing,new,0
Hirslanden,2028,cooperative housing,removed,0
Hirslanden,2028,private housing,new,0
Hirslanden,2028,private housing,removed,0
Hirslanden,2029,cooperative housing,new,0
Hirslanden,2029,cooperative housing,removed,0
Hirslanden,2029,private housing,new,0
Hirslanden,2029,private housing,removed,0
Hirslanden,2030,cooperative housing,new,0
Hirslanden,2030,cooperative housing,removed,0
Hirslanden,2030,private housing,new,0
Hirslanden,2030,private housing,removed,0
Hirslanden,2031,cooperative housing,new,0
Hirslanden,2031,cooperative housing,removed,0
Hirslanden,2031,private housing,new,0
Hirslanden,2031,private housing,removed,0
Hirslanden,2032,cooperative housing,new,0
Hirslanden,2032,cooperative housing,removed,0
Hirslanden,2032,private housing,new,0
Hirslanden,2032,private housing,removed,0
Hirslanden,2033,cooperative housing,new,0
Hirslanden,2033,cooperative housing,removed,0
Hirslanden,2033,private housing,new,0
Hirslanden,2033,private housing,removed,0
Witikon,2021,cooperative housing,new,0
Witikon,2021,cooperative housing,removed,0
Witikon,2021,private housing,new,88.40034975895345
Witikon,2021,private housing,removed,0
Witikon,2022,cooperative housing,new,0
Witikon,2022,cooperative housing,removed,0
Witikon,2022,private housing,new,61.94054258628545
Witikon,2022,private housing,removed,5.936603778862157
Witikon,2023,cooperative housing,new,0
Witikon,2023,cooperative housing,removed,0
Witikon,2023,private housing,new,230.77529894353478
Witikon,2023,private housing,removed,26.713735110639323
Witikon,2024,cooperative housing,new,0
Witikon,2024,cooperative housing,removed,0
Witikon,2024,private housing,new,127.52190319075966
Witikon,2024,private housing,removed,58.883899708760495
Witikon,2025,cooperative housing,new,0
Witikon,2025,cooperative housing,removed,0
Witikon,2025,private housing,new,68.51092874697541
Witikon,2025,private housing,removed,1.5262818629621167
Witikon,2026,cooperative housing,new,0
Witikon,2026,cooperative housing,removed,0
Witikon,2026,private housing,new,331.38977169726786
Witikon,2026,private housing,removed,0.039479538775911975
Witikon,2027,cooperative housing,new,0
Witikon,2027,cooperative housing,removed,0
Witikon,2027,private housing,new,21.118099157020314
Witikon,2027,private housing,removed,0
Witikon,2028,cooperative housing,new,0
Witikon,2028,cooperative housing,removed,0
Witikon,2028,private housing,new,1.3431059192030514
Witikon,2028,private housing,removed,0
Witikon,2029,cooperative housing,new,0
Witikon,2029,cooperative housing,removed,0
Witikon,2029,private housing,new,0
Witikon,2029,private housing,removed,0
Witikon,2030,cooperative housing,new,0
Witikon,2030,cooperative housing,removed,0
Witikon,2030,private housing,new,0
Witikon,2030,private housing,removed,0
Witikon,2031,cooperative housing,new,0
Witikon,2031,cooperative housing,removed,0
Witikon,2031,private housing,new,0
Witikon,2031,private housing,removed,0
Witikon,2032,cooperative housing,new,0
Witikon,2032,cooperative housing,removed,0
Witikon,2032,private housing,new,0
Witikon,2032,private housing,removed,0
Witikon,2033,cooperative housing,new,0
Witikon,2033,cooperative housing,removed,0
Witikon,2033,private housing,new,0
Witikon,2033,private housing,removed,0
Seefeld,2021,cooperative housing,new,120.18474517790298
Seefeld,2021,cooperative housing,removed,0
Seefeld,2021,private housing,new,14.898935352632602
Seefeld,2021,private housing,removed,0
Seefeld,2022,cooperative housing,new,0.8097984431073952
Seefeld,2022,cooperative housing,removed,0
Seefeld,2022,private housing,new,0.10038823674885064
Seefeld,2022,private housing,removed,0
Seefeld,2023,cooperative housing,new,0.005456378989600178
Seefeld,2023,cooperative housing,removed,0
Seefeld,2023,private housing,new,6.764106185454766e-4
Seefeld,2023,private housing,removed,0
Seefeld,2024,cooperative housing,new,0
Seefeld,2024,cooperative housing,removed,0
Seefeld,2024,private housing,new,0
Seefeld,2024,private housing,removed,0
Seefeld,2025,cooperative housing,new,0
Seefeld,2025,cooperative housing,removed,0
Seefeld,2025,private housing,new,10.744191005923716
Seefeld,2025,private housing,removed,5.372095502961858
Seefeld,2026,cooperative housing,new,0
Seefeld,2026,cooperative housing,removed,0
Seefeld,2026,private housing,new,0.43795690536602
Seefeld,2026,private housing,removed,0.21897845268301
Seefeld,2027,cooperative housing,new,0
Seefeld,2027,cooperative housing,removed,0
Seefeld,2027,private housing,new,0.017852088710264957
Seefeld,2027,private housing,removed,0.008926044355132478
Seefeld,2028,cooperative housing,new,0
Seefeld,2028,cooperative housing,removed,0
Seefeld,2028,private housing,new,0
Seefeld,2028,private housing,removed,0
Seefeld,2029,cooperative housing,new,0
Seefeld,2029,cooperative housing,removed,0
Seefeld,2029,private housing,new,0
Seefeld,2029,private housing,removed,0
Seefeld,2030,cooperative housing,new,0
Seefeld,2030,cooperative housing,removed,0
Seefeld,2030,private housing,new,0
Seefeld,2030,private housing,removed,0
Seefeld,2031,cooperative housing,new,0
Seefeld,2031,cooperative housing,removed,0
Seefeld,2031,private housing,new,0
Seefeld,2031,private housing,removed,0
Seefeld,2032,cooperative housing,new,0
Seefeld,2032,cooperative housing,removed,0
Seefeld,2032,private housing,new,0
Seefeld,2032,private housing,removed,0
Seefeld,2033,cooperative housing,new,0
Seefeld,2033,cooperative housing,removed,0
Seefeld,2033,private housing,new,0
Seefeld,2033,private housing,removed,0
Muehlebach,2021,cooperative housing,new,0
Muehlebach,2021,cooperative housing,removed,0
Muehlebach,2021,private housing,new,1.9865247136843471
Muehlebach,2021,private housing,removed,0
Muehlebach,2022,cooperative housing,new,0
Muehlebach,2022,cooperative housing,removed,0
Muehlebach,2022,private housing,new,12.876026619101184
Muehlebach,2022,private housing,removed,0
Muehlebach,2023,cooperative housing,new,0
Muehlebach,2023,cooperative housing,removed,0
Muehlebach,2023,private housing,new,53.24132960008829
Muehlebach,2023,private housing,removed,12.784613412070396
Muehlebach,2024,cooperative housing,new,0
Muehlebach,2024,cooperative housing,removed,0
Muehlebach,2024,private housing,new,0.8815335021589251
Muehlebach,2024,private housing,removed,0.21187524821526527
Muehlebach,2025,cooperative housing,new,0
Muehlebach,2025,cooperative housing,removed,0
Muehlebach,2025,private housing,new,0.014585564967256402
Muehlebach,2025,private housing,removed,0.003511339714339504
Muehlebach,2026,cooperative housing,new,0
Muehlebach,2026,cooperative housing,removed,0
Muehlebach,2026,private housing,new,0
Muehlebach,2026,private housing,removed,0
Muehlebach,2027,cooperative housing,new,0
Muehlebach,2027,cooperative housing,removed,0
Muehlebach,2027,private housing,new,0
Muehlebach,2027,private housing,removed,0
Muehlebach,2028,cooperative housing,new,0
Muehlebach,2028,cooperative housing,removed,0
Muehlebach,2028,private housing,new,0
Muehlebach,2028,private housing,removed,0
Muehlebach,2029,cooperative housing,new,0
Muehlebach,2029,cooperative housing,removed,0
Muehlebach,2029,private housing,new,0
Muehlebach,2029,private housing,removed,0
Muehlebach,2030,cooperative housing,new,0
Muehlebach,2030,cooperative housing,removed,0
Muehlebach,2030,private housing,new,0
Muehlebach,2030,private housing,removed,0
Muehlebach,2031,cooperative housing,new,0
Muehlebach,2031,cooperative housing,removed,0
Muehlebach,2031,private housing,new,0
Muehlebach,2031,private housing,removed,0
Muehlebach,2032,cooperative housing,new,0
Muehlebach,2032,cooperative housing,removed,0
Muehlebach,2032,private housing,new,0
Muehlebach,2032,private housing,removed,0
Muehlebach,2033,cooperative housing,new,0
Muehlebach,2033,cooperative housing,removed,0
Muehlebach,2033,private housing,new,0
Muehlebach,2033,private housing,removed,0
Weinegg,2021,cooperative housing,new,0
Weinegg,2021,cooperative housing,removed,0
Weinegg,2021,private housing,new,23.838296564212165
Weinegg,2021,private housing,removed,0
Weinegg,2022,cooperative housing,new,0
Weinegg,2022,cooperative housing,removed,0
Weinegg,2022,private housing,new,10.054960810235087
Weinegg,2022,private housing,removed,1.9788679262873854
Weinegg,2023,cooperative housing,new,0
Weinegg,2023,cooperative housing,removed,0
Weinegg,2023,private housing,new,22.72456918747364
Weinegg,2023,private housing,removed,2.971206504611206
Weinegg,2024,cooperative housing,new,0
Weinegg,2024,cooperative housing,removed,0
Weinegg,2024,private housing,new,0.3759610678152743
Weinegg,2024,private housing,removed,0.049115259936560664
Weinegg,2025,cooperative housing,new,0
Weinegg,2025,cooperative housing,removed,0
Weinegg,2025,private housing,new,33.58180926377544
Weinegg,2025,private housing,removed,8.103091648475778e-4
Weinegg,2026,cooperative housing,new,0
Weinegg,2026,cooperative housing,removed,0
Weinegg,2026,private housing,new,1.3686153292688126
Weinegg,2026,private housing,removed,0
Weinegg,2027,cooperative housing,new,0
Weinegg,2027,cooperative housing,removed,0
Weinegg,2027,private housing,new,0.05578777721957799
Weinegg,2027,private housing,removed,0
Weinegg,2028,cooperative housing,new,0
Weinegg,2028,cooperative housing,removed,0
Weinegg,2028,private housing,new,0
Weinegg,2028,private housing,removed,0
Weinegg,2029,cooperative housing,new,0
Weinegg,2029,cooperative housing,removed,0
Weinegg,2029,private housing,new,0
Weinegg,2029,private housing,removed,0
Weinegg,2030,cooperative housing,new,0
Weinegg,2030,cooperative housing,removed,0
Weinegg,2030,private housing,new,0
Weinegg,2030,private housing,removed,0
Weinegg,2031,cooperative housing,new,0
Weinegg,2031,cooperative housing,removed,0
Weinegg,2031,private housing,new,0
Weinegg,2031,private housing,removed,0
Weinegg,2032,cooperative housing,new,0
Weinegg,2032,cooperative housing,removed,0
Weinegg,2032,private housing,new,0
Weinegg,2032,private housing,removed,0
Weinegg,2033,cooperative housing,new,0
Weinegg,2033,cooperative housing,removed,0
Weinegg,2033,private housing,new,0
Weinegg,2033,private housing,removed,0
Albisrieden,2021,cooperative housing,new,108.26559689579692
Albisrieden,2021,cooperative housing,removed,0
Albisrieden,2021,private housing,new,216.53119379159384
Albisrieden,2021,private housing,removed,0
Albisrieden,2022,cooperative housing,new,74.93703508948526
Albisrieden,2022,cooperative housing,removed,0
Albisrieden,2022,private housing,new,66.76161727490035
Albisrieden,2022,private housing,removed,0
Albisrieden,2023,cooperative housing,new,445.10356922845233
Albisrieden,2023,cooperative housing,removed,111.521166225291
Albisrieden,2023,private housing,new,220.98862026922083
Albisrieden,2023,private housing,removed,201.60351919034085
Albisrieden,2024,cooperative housing,new,30.748389582459886
Albisrieden,2024,cooperative housing,removed,1.8482040882777755
Albisrieden,2024,private housing,new,88.39832524700044
Albisrieden,2024,private housing,removed,4.315135656578753
Albisrieden,2025,cooperative housing,new,0.7296173882952427
Albisrieden,2025,cooperative housing,removed,0.03062968643123844
Albisrieden,2025,private housing,new,137.52468842849194
Albisrieden,2025,private housing,removed,15.429531454944204
Albisrieden,2026,cooperative housing,new,0.01579181551036479
Albisrieden,2026,cooperative housing,removed,0
Albisrieden,2026,private housing,new,5.570809943422289
Albisrieden,2026,private housing,removed,0.6263107142643891
Albisrieden,2027,cooperative housing,new,81.05839353285177
Albisrieden,2027,cooperative housing,removed,119.15583849329211
Albisrieden,2027,private housing,new,0.22474504537029988
Albisrieden,2027,private housing,removed,0.02550298387180708
Albisrieden,2028,cooperative housing,new,8.126820809632079
Albisrieden,2028,cooperative housing,removed,11.946426590159158
Albisrieden,2028,private housing,new,0
Albisrieden,2028,private housing,removed,0
Albisrieden,2029,cooperative housing,new,193.5627171580344
Albisrieden,2029,cooperative housing,removed,77.60852204711135
Albisrieden,2029,private housing,new,0
Albisrieden,2029,private housing,removed,0
Albisrieden,2030,cooperative housing,new,47.53105471405359
Albisrieden,2030,cooperative housing,removed,18.842668118785532
Albisrieden,2030,private housing,new,0
Albisrieden,2030,private housing,removed,0
Albisrieden,2031,cooperative housing,new,11.721013785428262
Albisrieden,2031,cooperative housing,removed,4.646544750651919
Albisrieden,2031,private housing,new,0
Albisrieden,2031,private housing,removed,0
Albisrieden,2032,cooperative housing,new,0
Albisrieden,2032,cooperative housing,removed,0
Albisrieden,2032,private housing,new,0
Albisrieden,2032,private housing,removed,0
Albisrieden,2033,cooperative housing,new,0
Albisrieden,2033,cooperative housing,removed,0
Albisrieden,2033,private housing,new,0
Albisrieden,2033,private housing,removed,0
Altstetten,2021,cooperative housing,new,171.83438773369602
Altstetten,2021,cooperative housing,removed,0
Altstetten,2021,private housing,new,371.4801214589729
Altstetten,2021,private housing,removed,0
Altstetten,2022,cooperative housing,new,1.1578109971700774
Altstetten,2022,cooperative housing,removed,0
Altstetten,2022,private housing,new,262.72414567639584
Altstetten,2022,private housing,removed,8.904905668293233
Altstetten,2023,cooperative housing,new,0.007801269133891163
Altstetten,2023,cooperative housing,removed,0
Altstetten,2023,private housing,new,381.3879184189754
Altstetten,2023,private housing,removed,93.52012104642253
Altstetten,2024,cooperative housing,new,153.8961037631012
Altstetten,2024,cooperative housing,removed,83.7662336938399
Altstetten,2024,private housing,new,161.17395450578582
Altstetten,2024,private housing,removed,19.0817810123794
Altstetten,2025,cooperative housing,new,520.6804045041799
Altstetten,2025,cooperative housing,removed,192.11912710768505
Altstetten,2025,private housing,new,100.25137655439569
Altstetten,2025,private housing,removed,20.43484599370183
Altstetten,2026,cooperative housing,new,214.98256676686063
Altstetten,2026,cooperative housing,removed,117.34810064147204
Altstetten,2026,private housing,new,4.0227709489771675
Altstetten,2026,private housing,removed,0.825192400169668
Altstetten,2027,cooperative housing,new,13.248836859661576
Altstetten,2027,cooperative housing,removed,7.318836583935323
Altstetten,2027,private housing,new,0.15971243649719186
Altstetten,2027,private housing,removed,0.0331538790333492
Altstetten,2028,cooperative housing,new,0.7920881061966715
Altstetten,2028,cooperative housing,removed,0.4477019730676839
Altstetten,2028,private housing,new,0
Altstetten,2028,private housing,removed,0
Altstetten,2029,cooperative housing,new,0
Altstetten,2029,cooperative housing,removed,0
Altstetten,2029,private housing,new,0
Altstetten,2029,private housing,removed,0
Altstetten,2030,cooperative housing,new,234.3277617998034
Altstetten,2030,cooperative housing,removed,113.06314506840513
Altstetten,2030,private housing,new,0
Altstetten,2030,private housing,removed,0
Altstetten,2031,cooperative housing,new,90.62415842226471
Altstetten,2031,cooperative housing,removed,43.72615643874272
Altstetten,2031,private housing,new,0
Altstetten,2031,private housing,removed,0
Altstetten,2032,cooperative housing,new,35.04807977793191
Altstetten,2032,cooperative housing,removed,16.910698492852145
Altstetten,2032,private housing,new,0
Altstetten,2032,private housing,removed,0
Altstetten,2033,cooperative housing,new,0
Altstetten,2033,cooperative housing,removed,0
Altstetten,2033,private housing,new,0
Altstetten,2033,private housing,removed,0
Hoengg,2021,cooperative housing,new,0
Hoengg,2021,cooperative housing,removed,0
Hoengg,2021,private housing,new,116.2116957505343
Hoengg,2021,private housing,removed,0
Hoengg,2022,cooperative housing,new,0
Hoengg,2022,cooperative housing,removed,0
Hoengg,2022,private housing,new,33.43434903038289
Hoengg,2022,private housing,removed,2.9683018894310784
Hoengg,2023,cooperative housing,new,106.21063450027714
Hoengg,2023,cooperative housing,removed,71.69217828768707
Hoengg,2023,private housing,new,34.77042221544642
Hoengg,2023,private housing,removed,0.03136665273859563
Hoengg,2024,cooperative housing,new,1.7601943697883575
Hoengg,2024,cooperative housing,removed,1.1881311996071415
Hoengg,2024,private housing,new,2.522131343081517
Hoengg,2024,private housing,removed,3.3145783032608665e-4
Hoengg,2025,cooperative housing,new,261.63103606880924
Hoengg,2025,cooperative housing,removed,0.01969051270579614
Hoengg,2025,private housing,new,147.98457256105726
Hoengg,2025,private housing,removed,23.79070865597394
Hoengg,2026,cooperative housing,new,10.66346857976015
Hoengg,2026,cooperative housing,removed,0
Hoengg,2026,private housing,new,6.031044092433033
Hoengg,2026,private housing,removed,0.9697617190247587
Hoengg,2027,cooperative housing,new,0.4346664813651119
Hoengg,2027,cooperative housing,removed,0
Hoengg,2027,private housing,new,0.24578500706454076
Hoengg,2027,private housing,removed,0.03952962500130098
Hoengg,2028,cooperative housing,new,0
Hoengg,2028,cooperative housing,removed,0
Hoengg,2028,private housing,new,0
Hoengg,2028,private housing,removed,0
Hoengg,2029,cooperative housing,new,220.28335028630653
Hoengg,2029,cooperative housing,removed,114.96037343066622
Hoengg,2029,private housing,new,0
Hoengg,2029,private housing,removed,0
Hoengg,2030,cooperative housing,new,54.32120538748982
Hoengg,2030,cooperative housing,removed,28.348879061596254
Hoengg,2030,private housing,new,0
Hoengg,2030,private housing,removed,0
Hoengg,2031,cooperative housing,new,13.39544432620373
Hoengg,2031,cooperative housing,removed,6.990747507737572
Hoengg,2031,private housing,new,0
Hoengg,2031,private housing,removed,0
Hoengg,2032,cooperative housing,new,0
Hoengg,2032,cooperative housing,removed,0
Hoengg,2032,private housing,new,0
Hoengg,2032,private housing,removed,0
Hoengg,2033,cooperative housing,new,0
Hoengg,2033,cooperative housing,removed,0
Hoengg,2033,private housing,new,0
Hoengg,2033,private housing,removed,0
Wipkingen,2021,cooperative housing,new,0
Wipkingen,2021,cooperative housing,removed,0
Wipkingen,2021,private housing,new,22.84503420736999
Wipkingen,2021,private housing,removed,0
Wipkingen,2022,cooperative housing,new,0
Wipkingen,2022,cooperative housing,removed,0
Wipkingen,2022,private housing,new,52.59392867629728
Wipkingen,2022,private housing,removed,11.873207557724314
Wipkingen,2023,cooperative housing,new,0
Wipkingen,2023,cooperative housing,removed,0
Wipkingen,2023,private housing,new,30.058135389185047
Wipkingen,2023,private housing,removed,7.992921018382318
Wipkingen,2024,cooperative housing,new,105.19480510389195
Wipkingen,2024,cooperative housing,removed,0
Wipkingen,2024,private housing,new,44.325967428787514
Wipkingen,2024,private housing,removed,39.092749526821166
Wipkingen,2025,cooperative housing,new,19.617860449905802
Wipkingen,2025,cooperative housing,removed,12.27907543534139
Wipkingen,2025,private housing,new,27.815941605410302
Wipkingen,2025,private housing,removed,6.3868977075167805
Wipkingen,2026,cooperative housing,new,0.7592811639432445
Wipkingen,2026,cooperative housing,removed,0.5005221775611658
Wipkingen,2026,private housing,new,1.116681258472591
Wipkingen,2026,private housing,removed,0.24529814520028465
Wipkingen,2027,cooperative housing,new,0.028053282258987792
Wipkingen,2027,cooperative housing,removed,0.020402387097445667
Wipkingen,2027,private housing,new,0.0443114344772648
Wipkingen,2027,private housing,removed,0.008926044355132478
Wipkingen,2028,cooperative housing,new,0
Wipkingen,2028,cooperative housing,removed,0
Wipkingen,2028,private housing,new,0
Wipkingen,2028,private housing,removed,0
Wipkingen,2029,cooperative housing,new,0
Wipkingen,2029,cooperative housing,removed,0
Wipkingen,2029,private housing,new,0
Wipkingen,2029,private housing,removed,0
Wipkingen,2030,cooperative housing,new,0
Wipkingen,2030,cooperative housing,removed,0
Wipkingen,2030,private housing,new,0
Wipkingen,2030,private housing,removed,0
Wipkingen,2031,cooperative housing,new,0
Wipkingen,2031,cooperative housing,removed,0
Wipkingen,2031,private housing,new,0
Wipkingen,2031,private housing,removed,0
Wipkingen,2032,cooperative housing,new,0
Wipkingen,2032,cooperative housing,removed,0
Wipkingen,2032,private housing,new,0
Wipkingen,2032,private housing,removed,0
Wipkingen,2033,cooperative housing,new,0
Wipkingen,2033,cooperative housing,removed,0
Wipkingen,2033,private housing,new,0
Wipkingen,2033,private housing,removed,0
Affoltern,2021,cooperative housing,new,0
Affoltern,2021,cooperative housing,removed,0
Affoltern,2021,private housing,new,58.60247905368824
Affoltern,2021,private housing,removed,0
Affoltern,2022,cooperative housing,new,56.9913962770767
Affoltern,2022,cooperative housing,removed,55.21041514341805
Affoltern,2022,private housing,new,143.86278505371425
Affoltern,2022,private housing,removed,0
Affoltern,2023,cooperative housing,new,188.437713709923
Affoltern,2023,cooperative housing,removed,0.5834197409378787
Affoltern,2023,private housing,new,53.64060088000848
Affoltern,2023,private housing,removed,26.552658625069284
Affoltern,2024,cooperative housing,new,178.44397550265825
Affoltern,2024,cooperative housing,removed,21.045126136422457
Affoltern,2024,private housing,new,20.360339014360413
Affoltern,2024,private housing,removed,16.024464163394047
Affoltern,2025,cooperative housing,new,106.29456934293515
Affoltern,2025,cooperative housing,removed,0.5468263452622777
Affoltern,2025,private housing,new,8.19505829905834
Affoltern,2025,private housing,removed,0.4123493345297598
Affoltern,2026,cooperative housing,new,766.4252301803351
Affoltern,2026,cooperative housing,removed,343.36156836426846
Affoltern,2026,private housing,new,0.32598620723436594
Affoltern,2026,private housing,removed,0.01052787700690986
Affoltern,2027,cooperative housing,new,48.89233373854963
Affoltern,2027,cooperative housing,removed,21.94946210281975
Affoltern,2027,private housing,new,0.01275149193590354
Affoltern,2027,private housing,removed,0
Affoltern,2028,cooperative housing,new,3.1147812485221764
Affoltern,2028,cooperative housing,removed,1.4031821668711082
Affoltern,2028,private housing,new,0
Affoltern,2028,private housing,removed,0
Affoltern,2029,cooperative housing,new,0
Affoltern,2029,cooperative housing,removed,0
Affoltern,2029,private housing,new,0
Affoltern,2029,private housing,removed,0
Affoltern,2030,cooperative housing,new,0
Affoltern,2030,cooperative housing,removed,0
Affoltern,2030,private housing,new,0
Affoltern,2030,private housing,removed,0
Affoltern,2031,cooperative housing,new,0
Affoltern,2031,cooperative housing,removed,0
Affoltern,2031,private housing,new,0
Affoltern,2031,private housing,removed,0
Affoltern,2032,cooperative housing,new,0
Affoltern,2032,cooperative housing,removed,0
Affoltern,2032,private housing,new,0
Affoltern,2032,private housing,removed,0
Affoltern,2033,cooperative housing,new,0
Affoltern,2033,cooperative housing,removed,0
Affoltern,2033,private housing,new,0
Affoltern,2033,private housing,removed,0
Oerlikon,2021,cooperative housing,new,42.71028134421346
Oerlikon,2021,cooperative housing,removed,0
Oerlikon,2021,private housing,new,99.32623568421735
Oerlikon,2021,private housing,removed,0
Oerlikon,2022,cooperative housing,new,0.2877796120133718
Oerlikon,2022,cooperative housing,removed,0
Oerlikon,2022,private housing,new,55.0881228845621
Oerlikon,2022,private housing,removed,0
Oerlikon,2023,cooperative housing,new,0.0019390437731636994
Oerlikon,2023,cooperative housing,removed,0
Oerlikon,2023,private housing,new,23.198496125686535
Oerlikon,2023,private housing,removed,4.91715900464246
Oerlikon,2024,cooperative housing,new,0
Oerlikon,2024,cooperative housing,removed,0
Oerlikon,2024,private housing,new,74.40690689726821
Oerlikon,2024,private housing,removed,6.899672292372089
Oerlikon,2025,cooperative housing,new,388.5176211963486
Oerlikon,2025,cooperative housing,removed,135.5494811729483
Oerlikon,2025,private housing,new,814.2678152617866
Oerlikon,2025,private housing,removed,262.5478699103785
Oerlikon,2026,cooperative housing,new,15.836834524396261
Oerlikon,2026,cooperative housing,removed,5.525295600733807
Oerlikon,2026,private housing,new,33.162677725063695
Oerlikon,2026,private housing,removed,10.699357162048246
Oerlikon,2027,cooperative housing,new,0.6455442792551167
Oerlikon,2027,cooperative housing,removed,0.22522322631789632
Oerlikon,2027,private housing,new,1.3497454214153897
Oerlikon,2027,private housing,removed,0.4359416305587022
Oerlikon,2028,cooperative housing,new,0
Oerlikon,2028,cooperative housing,removed,0
Oerlikon,2028,private housing,new,0
Oerlikon,2028,private housing,removed,0
Oerlikon,2029,cooperative housing,new,0
Oerlikon,2029,cooperative housing,removed,0
Oerlikon,2029,private housing,new,0
Oerlikon,2029,private housing,removed,0
Oerlikon,2030,cooperative housing,new,0
Oerlikon,2030,cooperative housing,removed,0
Oerlikon,2030,private housing,new,0
Oerlikon,2030,private housing,removed,0
Oerlikon,2031,cooperative housing,new,0
Oerlikon,2031,cooperative housing,removed,0
Oerlikon,2031,private housing,new,0
Oerlikon,2031,private housing,removed,0
Oerlikon,2032,cooperative housing,new,0
Oerlikon,2032,cooperative housing,removed,0
Oerlikon,2032,private housing,new,0
Oerlikon,2032,private housing,removed,0
Oerlikon,2033,cooperative housing,new,0
Oerlikon,2033,cooperative housing,removed,0
Oerlikon,2033,private housing,new,0
Oerlikon,2033,private housing,removed,0
Seebach,2021,cooperative housing,new,0
Seebach,2021,cooperative housing,removed,0
Seebach,2021,private housing,new,416.1769275168707
Seebach,2021,private housing,removed,0
Seebach,2022,cooperative housing,new,34.630188710029245
Seebach,2022,cooperative housing,removed,0
Seebach,2022,private housing,new,156.16644236712358
Seebach,2022,private housing,removed,35.619622673172934
Seebach,2023,cooperative housing,new,221.93312903113952
Seebach,2023,cooperative housing,removed,71.00377602703712
Seebach,2023,private housing,new,163.90575194797333
Seebach,2023,private housing,removed,6.276990638434099
Seebach,2024,cooperative housing,new,1204.1628399900592
Seebach,2024,cooperative housing,removed,412.11828061880317
Seebach,2024,private housing,new,386.4725445985345
Seebach,2024,private housing,removed,1.075792043247451
Seebach,2025,cooperative housing,new,687.4259603191391
Seebach,2025,cooperative housing,removed,10.700336397333764
Seebach,2025,private housing,new,101.15284759487699
Seebach,2025,private housing,removed,0.02693665283257838
Seebach,2026,cooperative housing,new,27.557629389113327
Seebach,2026,cooperative housing,removed,0.2776069568259544
Seebach,2026,private housing,new,126.16339913033991
Seebach,2026,private housing,removed,6.579923129318662e-4
Seebach,2027,cooperative housing,new,1.0902525605197528
Seebach,2027,cooperative housing,removed,0
Seebach,2027,private housing,new,7.962726951243839
Seebach,2027,private housing,removed,0
Seebach,2028,cooperative housing,new,0
Seebach,2028,cooperative housing,removed,0
Seebach,2028,private housing,new,0.49935989303703204
Seebach,2028,private housing,removed,0
Seebach,2029,cooperative housing,new,0
Seebach,2029,cooperative housing,removed,0
Seebach,2029,private housing,new,206.51564089341235
Seebach,2029,private housing,removed,0
Seebach,2030,cooperative housing,new,0
Seebach,2030,cooperative housing,removed,0
Seebach,2030,private housing,new,50.92613005077171
Seebach,2030,private housing,removed,0
Seebach,2031,cooperative housing,new,0
Seebach,2031,cooperative housing,removed,0
Seebach,2031,private housing,new,18.635993748483845
Seebach,2031,private housing,removed,0
Seebach,2032,cooperative housing,new,0
Seebach,2032,cooperative housing,removed,0
Seebach,2032,private housing,new,3.6863506286219803
Seebach,2032,private housing,removed,0
Seebach,2033,cooperative housing,new,0
Seebach,2033,cooperative housing,removed,0
Seebach,2033,private housing,new,2.2358846787101707
Seebach,2033,private housing,removed,0
Saatlen,2021,cooperative housing,new,0
Saatlen,2021,cooperative housing,removed,0
Saatlen,2021,private housing,new,0
Saatlen,2021,private housing,removed,0
Saatlen,2022,cooperative housing,new,48.086490608783464
Saatlen,2022,cooperative housing,removed,46.305509475124815
Saatlen,2022,private housing,new,0
Saatlen,2022,private housing,removed,0
Saatlen,2023,cooperative housing,new,0.5081397743652493
Saatlen,2023,cooperative housing,removed,0.4893197827220918
Saatlen,2023,private housing,new,0
Saatlen,2023,private housing,removed,0
Saatlen,2024,cooperative housing,new,837.1806935686582
Saatlen,2024,cooperative housing,removed,272.6350406364064
Saatlen,2024,private housing,new,0
Saatlen,2024,private housing,removed,0
Saatlen,2025,cooperative housing,new,21.759131655228135
Saatlen,2025,cooperative housing,removed,7.085958057357015
Saatlen,2025,private housing,new,0
Saatlen,2025,private housing,removed,0
Saatlen,2026,cooperative housing,new,0.5655443929649391
Saatlen,2026,cooperative housing,removed,0.18417204838962933
Saatlen,2026,private housing,new,0
Saatlen,2026,private housing,removed,0
Saatlen,2027,cooperative housing,new,0
Saatlen,2027,cooperative housing,removed,0
Saatlen,2027,private housing,new,0
Saatlen,2027,private housing,removed,0
Saatlen,2028,cooperative housing,new,228.4339924740162
Saatlen,2028,cooperative housing,removed,0
Saatlen,2028,private housing,new,0
Saatlen,2028,private housing,removed,0
Saatlen,2029,cooperative housing,new,35.9183136663261
Saatlen,2029,cooperative housing,removed,0
Saatlen,2029,private housing,new,0
Saatlen,2029,private housing,removed,0
Saatlen,2030,cooperative housing,new,5.647693859657676
Saatlen,2030,cooperative housing,removed,0
Saatlen,2030,private housing,new,0
Saatlen,2030,private housing,removed,0
Saatlen,2031,cooperative housing,new,0
Saatlen,2031,cooperative housing,removed,0
Saatlen,2031,private housing,new,0
Saatlen,2031,private housing,removed,0
Saatlen,2032,cooperative housing,new,0
Saatlen,2032,cooperative housing,removed,0
Saatlen,2032,private housing,new,0
Saatlen,2032,private housing,removed,0
Saatlen,2033,cooperative housing,new,0
Saatlen,2033,cooperative housing,removed,0
Saatlen,2033,private housing,new,0
Saatlen,2033,private housing,removed,0
Schwamendingen-Mitte,2021,cooperative housing,new,0
Schwamendingen-Mitte,2021,cooperative housing,removed,0
Schwamendingen-Mitte,2021,private housing,new,35.75744484631824
Schwamendingen-Mitte,2021,private housing,removed,0
Schwamendingen-Mitte,2022,cooperative housing,new,0
Schwamendingen-Mitte,2022,cooperative housing,removed,0
Schwamendingen-Mitte,2022,private housing,new,116.8951960228386
Schwamendingen-Mitte,2022,private housing,removed,41.8530566409782
Schwamendingen-Mitte,2023,cooperative housing,new,0
Schwamendingen-Mitte,2023,cooperative housing,removed,0
Schwamendingen-Mitte,2023,private housing,new,12.052082648324728
Schwamendingen-Mitte,2023,private housing,removed,3.3925652063996745
Schwamendingen-Mitte,2024,cooperative housing,new,127.11038950053613
Schwamendingen-Mitte,2024,cooperative housing,removed,88.53896096244242
Schwamendingen-Mitte,2024,private housing,new,202.98451296586123
Schwamendingen-Mitte,2024,private housing,removed,2.0016197898256443
Schwamendingen-Mitte,2025,cooperative housing,new,288.21666471328194
Schwamendingen-Mitte,2025,cooperative housing,removed,88.63847669105621
Schwamendingen-Mitte,2025,private housing,new,17.744705506123328
Schwamendingen-Mitte,2025,private housing,removed,0.05144237817061403
Schwamendingen-Mitte,2026,cooperative housing,new,260.75980469077285
Schwamendingen-Mitte,2026,cooperative housing,removed,144.96293875564126
Schwamendingen-Mitte,2026,private housing,new,0.6453368361379735
Schwamendingen-Mitte,2026,private housing,removed,0.0013159846258637324
Schwamendingen-Mitte,2027,cooperative housing,new,16.395288746383454
Schwamendingen-Mitte,2027,cooperative housing,removed,9.181820189721465
Schwamendingen-Mitte,2027,private housing,new,0.020721174395843252
Schwamendingen-Mitte,2027,private housing,removed,0
Schwamendingen-Mitte,2028,cooperative housing,new,419.8135052180554
Schwamendingen-Mitte,2028,cooperative housing,removed,0.5778034011386347
Schwamendingen-Mitte,2028,private housing,new,0
Schwamendingen-Mitte,2028,private housing,removed,0
Schwamendingen-Mitte,2029,cooperative housing,new,65.85024172159785
Schwamendingen-Mitte,2029,cooperative housing,removed,0
Schwamendingen-Mitte,2029,private housing,new,0
Schwamendingen-Mitte,2029,private housing,removed,0
Schwamendingen-Mitte,2030,cooperative housing,new,10.354105409372405
Schwamendingen-Mitte,2030,cooperative housing,removed,0
Schwamendingen-Mitte,2030,private housing,new,0
Schwamendingen-Mitte,2030,private housing,removed,0
Schwamendingen-Mitte,2031,cooperative housing,new,0
Schwamendingen-Mitte,2031,cooperative housing,removed,0
Schwamendingen-Mitte,2031,private housing,new,0
Schwamendingen-Mitte,2031,private housing,removed,0
Schwamendingen-Mitte,2032,cooperative housing,new,0
Schwamendingen-Mitte,2032,cooperative housing,removed,0
Schwamendingen-Mitte,2032,private housing,new,0
Schwamendingen-Mitte,2032,private housing,removed,0
Schwamendingen-Mitte,2033,cooperative housing,new,0
Schwamendingen-Mitte,2033,cooperative housing,removed,0
Schwamendingen-Mitte,2033,private housing,new,0
Schwamendingen-Mitte,2033,private housing,removed,0
Hirzenbach,2021,cooperative housing,new,0
Hirzenbach,2021,cooperative housing,removed,0
Hirzenbach,2021,private housing,new,0
Hirzenbach,2021,private housing,removed,0
Hirzenbach,2022,cooperative housing,new,0
Hirzenbach,2022,cooperative housing,removed,0
Hirzenbach,2022,private housing,new,28.693584931167088
Hirzenbach,2022,private housing,removed,0
Hirzenbach,2023,cooperative housing,new,271.42717705626376
Hirzenbach,2023,cooperative housing,removed,0
Hirzenbach,2023,private housing,new,177.32093514360162
Hirzenbach,2023,private housing,removed,0
Hirzenbach,2024,cooperative housing,new,4.498274500570248
Hirzenbach,2024,cooperative housing,removed,0
Hirzenbach,2024,private housing,new,353.5862117216469
Hirzenbach,2024,private housing,removed,57.85714280714058
Hirzenbach,2025,cooperative housing,new,117.49320729361801
Hirzenbach,2025,cooperative housing,removed,37.12501713653998
Hirzenbach,2025,private housing,new,395.7614066305054
Hirzenbach,2025,private housing,removed,189.71897560681347
Hirzenbach,2026,cooperative housing,new,4.786243322928648
Hirzenbach,2026,cooperative housing,removed,1.5132975212200872
Hirzenbach,2026,private housing,new,15.995505166807801
Hirzenbach,2026,private housing,removed,7.711151246317896
Hirzenbach,2027,cooperative housing,new,0.1950978266193242
Hirzenbach,2027,cooperative housing,removed,0.061685342239933376
Hirzenbach,2027,private housing,new,0.6423564062711408
Hirzenbach,2027,private housing,removed,0.3127303397280343
Hirzenbach,2028,cooperative housing,new,72.33743095010513
Hirzenbach,2028,cooperative housing,removed,54.824158193763886
Hirzenbach,2028,private housing,new,0
Hirzenbach,2028,private housing,removed,0
Hirzenbach,2029,cooperative housing,new,11.374132661003266
Hirzenbach,2029,cooperative housing,removed,8.620395279918263
Hirzenbach,2029,private housing,new,0
Hirzenbach,2029,private housing,removed,0
Hirzenbach,2030,cooperative housing,new,1.7884363888915973
Hirzenbach,2030,cooperative housing,removed,1.3554465263178421
Hirzenbach,2030,private housing,new,0
Hirzenbach,2030,private housing,removed,0
Hirzenbach,2031,cooperative housing,new,0
Hirzenbach,2031,cooperative housing,removed,0
Hirzenbach,2031,private housing,new,0
Hirzenbach,2031,private housing,removed,0
Hirzenbach,2032,cooperative housing,new,0
Hirzenbach,2032,cooperative housing,removed,0
Hirzenbach,2032,private housing,new,0
Hirzenbach,2032,private housing,removed,0
Hirzenbach,2033,cooperative housing,new,0
Hirzenbach,2033,cooperative housing,removed,0
Hirzenbach,2033,private housing,new,0
Hirzenbach,2033,private housing,removed,0
