district,year,owner,usage_ha
Kreis 1,2021,cooperative housing,1.4863
Kreis 1,2021,private housing,0.8939
Kreis 1,2022,cooperative housing,1.428
Kreis 1,2022,private housing,0.8588
Kreis 1,2023,cooperative housing,1.372
Kreis 1,2023,private housing,0.8251
Kreis 1,2024,cooperative housing,1.3182
Kreis 1,2024,private housing,0.7928
Kreis 1,2025,cooperative housing,1.2666
Kreis 1,2025,private housing,0.7617
Kreis 1,2026,cooperative housing,1.2169
Kreis 1,2026,private housing,0.7318
Kreis 1,2027,cooperative housing,1.1692
Kreis 1,2027,private housing,0.7031
Kreis 1,2028,cooperative housing,1.1233
Kreis 1,2028,private housing,0.6756
Kreis 1,2029,cooperative housing,1.0793
Kreis 1,2029,private housing,0.6491
Kreis 1,2030,cooperative housing,1.037
Kreis 1,2030,private housing,0.6236
Kreis 1,2031,cooperative housing,0.9963
Kreis 1,2031,private housing,0.5992
Kreis 1,2032,cooperative housing,0.9572
Kreis 1,2032,private housing,0.5757
Kreis 1,2033,cooperative housing,0.9197
Kreis 1,2033,private housing,0.5531
Kreis 1,2034,cooperative housing,0.8836
Kreis 1,2034,private housing,0.5314
Kreis 1,2035,cooperative housing,0.849
Kreis 1,2035,private housing,0.5106
Kreis 1,2036,cooperative housing,0.8157
Kreis 1,2036,private housing,0.4906
Kreis 1,2037,cooperative housing,0.7837
Kreis 1,2037,private housing,0.4713
Kreis 1,2038,cooperative housing,0.753
Kreis 1,2038,private housing,0.4529
Kreis 1,2039,cooperative housing,0.7235
Kreis 1,2039,private housing,0.4351
Kreis 1,2040,cooperative housing,0.6951
Kreis 1,2040,private housing,0.418
Kreis 1,2041,cooperative housing,0.6678
Kreis 1,2041,private housing,0.4016
Kreis 1,2042,cooperative housing,0.6417
Kreis 1,2042,private housing,0.3859
Kreis 1,2043,cooperative housing,0.6165
Kreis 1,2043,private housing,0.3708
Kreis 1,2044,cooperative housing,0.5923
Kreis 1,2044,private housing,0.3562
Kreis 1,2045,cooperative housing,0.5691
Kreis 1,2045,private housing,0.3423
Kreis 1,2046,cooperative housing,0.5468
Kreis 1,2046,private housing,0.3288
Kreis 1,2047,cooperative housing,0.5253
Kreis 1,2047,private housing,0.3159
Kreis 1,2048,cooperative housing,0.5047
Kreis 1,2048,private housing,0.3036
Kreis 1,2049,cooperative housing,0.485
Kreis 1,2049,private housing,0.2917
Kreis 1,2050,cooperative housing,0.4659
Kreis 1,2050,private housing,0.2802
Wollishofen,2021,cooperative housing,29.145
Wollishofen,2021,private housing,79.3939
Wollishofen,2022,cooperative housing,28.0022
Wollishofen,2022,private housing,76.2808
Wollishofen,2023,cooperative housing,26.9042
Wollishofen,2023,private housing,73.2898
Wollishofen,2024,cooperative housing,25.8493
Wollishofen,2024,private housing,70.4161
Wollishofen,2025,cooperative housing,24.8357
Wollishofen,2025,private housing,67.655
Wollishofen,2026,cooperative housing,23.8619
Wollishofen,2026,private housing,65.0022
Wollishofen,2027,cooperative housing,22.9262
Wollishofen,2027,private housing,62.4534
Wollishofen,2028,cooperative housing,22.0273
Wollishofen,2028,private housing,60.0046
Wollishofen,2029,cooperative housing,21.1636
Wollishofen,2029,private housing,57.6518
Wollishofen,2030,cooperative housing,20.3338
Wollishofen,2030,private housing,55.3912
Wollishofen,2031,cooperative housing,19.5365
Wollishofen,2031,private housing,53.2193
Wollishofen,2032,cooperative housing,18.7704
Wollishofen,2032,private housing,51.1326
Wollishofen,2033,cooperative housing,18.0344
Wollishofen,2033,private housing,49.1276
Wollishofen,2034,cooperative housing,17.3273
Wollishofen,2034,private housing,47.2013
Wollishofen,2035,cooperative housing,16.6479
Wollishofen,2035,private housing,45.3505
Wollishofen,2036,cooperative housing,15.9951
Wollishofen,2036,private housing,43.5723
Wollishofen,2037,cooperative housing,15.3679
Wollishofen,2037,private housing,41.8638
Wollishofen,2038,cooperative housing,14.7653
Wollishofen,2038,private housing,40.2223
Wollishofen,2039,cooperative housing,14.1864
Wollishofen,2039,private housing,38.6452
Wollishofen,2040,cooperative housing,13.6301
Wollishofen,2040,private housing,37.1299
Wollishofen,2041,cooperative housing,13.0957
Wollishofen,2041,private housing,35.674
Wollishofen,2042,cooperative housing,12.5822
Wollishofen,2042,private housing,34.2752
Wollishofen,2043,cooperative housing,12.0888
Wollishofen,2043,private housing,32.9312
Wollishofen,2044,cooperative housing,11.6148
Wollishofen,2044,private housing,31.64
Wollishofen,2045,cooperative housing,11.1594
Wollishofen,2045,private housing,30.3994
Wollishofen,2046,cooperative housing,10.7218
Wollishofen,2046,private housing,29.2074
Wollishofen,2047,cooperative housing,10.3014
Wollishofen,2047,private housing,28.0621
Wollishofen,2048,cooperative housing,9.8975
Wollishofen,2048,private housing,26.9618
Wollishofen,2049,cooperative housing,9.5094
Wollishofen,2049,private housing,25.9046
Wollishofen,2050,cooperative housing,9.1365
Wollishofen,2050,private housing,24.8889
Leimbach,2021,cooperative housing,16.6397
Leimbach,2021,private housing,17.1213
Leimbach,2022,cooperative housing,15.9872
Leimbach,2022,private housing,16.45
Leimbach,2023,cooperative housing,15.3604
Leimbach,2023,private housing,15.805
Leimbach,2024,cooperative housing,14.7581
Leimbach,2024,private housing,15.1852
Leimbach,2025,cooperative housing,14.1794
Leimbach,2025,private housing,14.5898
Leimbach,2026,cooperative housing,13.6234
Leimbach,2026,private housing,14.0177
Leimbach,2027,cooperative housing,13.0892
Leimbach,2027,private housing,13.4681
Leimbach,2028,cooperative housing,12.576
Leimbach,2028,private housing,12.94
Leimbach,2029,cooperative housing,12.0829
Leimbach,2029,private housing,12.4326
Leimbach,2030,cooperative housing,11.6091
Leimbach,2030,private housing,11.9451
Leimbach,2031,cooperative housing,11.1539
Leimbach,2031,private housing,11.4768
Leimbach,2032,cooperative housing,10.7166
Leimbach,2032,private housing,11.0267
Leimbach,2033,cooperative housing,10.2964
Leimbach,2033,private housing,10.5944
Leimbach,2034,cooperative housing,9.8926
Leimbach,2034,private housing,10.179
Leimbach,2035,cooperative housing,9.5047
Leimbach,2035,private housing,9.7798
Leimbach,2036,cooperative housing,9.132
Leimbach,2036,private housing,9.3964
Leimbach,2037,cooperative housing,8.774
Leimbach,2037,private housing,9.0279
Leimbach,2038,cooperative housing,8.4299
Leimbach,2038,private housing,8.6739
Leimbach,2039,cooperative housing,8.0994
Leimbach,2039,private housing,8.3338
Leimbach,2040,cooperative housing,7.7818
Leimbach,2040,private housing,8.0071
Leimbach,2041,cooperative housing,7.4767
Leimbach,2041,private housing,7.6931
Leimbach,2042,cooperative housing,7.1835
Leimbach,2042,private housing,7.3914
Leimbach,2043,cooperative housing,6.9019
Leimbach,2043,private housing,7.1016
Leimbach,2044,cooperative housing,6.6312
Leimbach,2044,private housing,6.8232
Leimbach,2045,cooperative housing,6.3712
Leimbach,2045,private housing,6.5556
Leimbach,2046,cooperative housing,6.1214
Leimbach,2046,private housing,6.2986
Leimbach,2047,cooperative housing,5.8814
Leimbach,2047,private housing,6.0516
Leimbach,2048,cooperative housing,5.6508
Leimbach,2048,private housing,5.8143
Leimbach,2049,cooperative housing,5.4292
Leimbach,2049,private housing,5.5863
Leimbach,2050,cooperative housing,5.2163
Leimbach,2050,private housing,5.3673
Enge,2021,cooperative housing,6.4093
Enge,2021,private housing,37.9787
Enge,2022,cooperative housing,6.158
Enge,2022,private housing,36.4896
Enge,2023,cooperative housing,5.9166
Enge,2023,private housing,35.0588
Enge,2024,cooperative housing,5.6846
Enge,2024,private housing,33.6841
Enge,2025,cooperative housing,5.4617000000000004
Enge,2025,private housing,32.3633
Enge,2026,cooperative housing,5.2475
Enge,2026,private housing,31.0943
Enge,2027,cooperative housing,5.0418
Enge,2027,private housing,29.8751
Enge,2028,cooperative housing,4.8441
Enge,2028,private housing,28.7037
Enge,2029,cooperative housing,4.6541
Enge,2029,private housing,27.5782
Enge,2030,cooperative housing,4.4716
Enge,2030,private housing,26.4969
Enge,2031,cooperative housing,4.2963
Enge,2031,private housing,25.4579
Enge,2032,cooperative housing,4.1278
Enge,2032,private housing,24.4597
Enge,2033,cooperative housing,3.966
Enge,2033,private housing,23.5006
Enge,2034,cooperative housing,3.8105
Enge,2034,private housing,22.5791
Enge,2035,cooperative housing,3.6611
Enge,2035,private housing,21.6938
Enge,2036,cooperative housing,3.5175
Enge,2036,private housing,20.8432
Enge,2037,cooperative housing,3.3796
Enge,2037,private housing,20.0259
Enge,2038,cooperative housing,3.2471
Enge,2038,private housing,19.2407
Enge,2039,cooperative housing,3.1198
Enge,2039,private housing,18.4862
Enge,2040,cooperative housing,2.9974
Enge,2040,private housing,17.7614
Enge,2041,cooperative housing,2.8799
Enge,2041,private housing,17.0649
Enge,2042,cooperative housing,2.767
Enge,2042,private housing,16.3958
Enge,2043,cooperative housing,2.6585
Enge,2043,private housing,15.7529
Enge,2044,cooperative housing,2.5542
Enge,2044,private housing,15.1352
Enge,2045,cooperative housing,2.4541
Enge,2045,private housing,14.5418
Enge,2046,cooperative housing,2.3579
Enge,2046,private housing,13.9716
Enge,2047,cooperative housing,2.2654
Enge,2047,private housing,13.4238
Enge,2048,cooperative housing,2.1766
Enge,2048,private housing,12.8974
Enge,2049,cooperative housing,2.0912
Enge,2049,private housing,12.3917
Enge,2050,cooperative housing,2.0092
Enge,2050,private housing,11.9058
Alt-Wiedikon,2021,cooperative housing,4.3504
Alt-Wiedikon,2021,private housing,48.9794
Alt-Wiedikon,2022,cooperative housing,4.1798
Alt-Wiedikon,2022,private housing,47.0589
Alt-Wiedikon,2023,cooperative housing,4.0159
Alt-Wiedikon,2023,private housing,45.2137
Alt-Wiedikon,2024,cooperative housing,3.8585
Alt-Wiedikon,2024,private housing,43.4408
Alt-Wiedikon,2025,cooperative housing,3.7072
Alt-Wiedikon,2025,private housing,41.7375
Alt-Wiedikon,2026,cooperative housing,3.5618
Alt-Wiedikon,2026,private housing,40.1009
Alt-Wiedikon,2027,cooperative housing,3.4222
Alt-Wiedikon,2027,private housing,38.5286
Alt-Wiedikon,2028,cooperative housing,3.288
Alt-Wiedikon,2028,private housing,37.0178
Alt-Wiedikon,2029,cooperative housing,3.159
Alt-Wiedikon,2029,private housing,35.5663
Alt-Wiedikon,2030,cooperative housing,3.0352
Alt-Wiedikon,2030,private housing,34.1718
Alt-Wiedikon,2031,cooperative housing,2.9162
Alt-Wiedikon,2031,private housing,32.8319
Alt-Wiedikon,2032,cooperative housing,2.8018
Alt-Wiedikon,2032,private housing,31.5445
Alt-Wiedikon,2033,cooperative housing,2.692
Alt-Wiedikon,2033,private housing,30.3076
Alt-Wiedikon,2034,cooperative housing,2.5864
Alt-Wiedikon,2034,private housing,29.1193
Alt-Wiedikon,2035,cooperative housing,2.485
Alt-Wiedikon,2035,private housing,27.9775
Alt-Wiedikon,2036,cooperative housing,2.3876
Alt-Wiedikon,2036,private housing,26.8805
Alt-Wiedikon,2037,cooperative housing,2.2939
Alt-Wiedikon,2037,private housing,25.8265
Alt-Wiedikon,2038,cooperative housing,2.204
Alt-Wiedikon,2038,private housing,24.8138
Alt-Wiedikon,2039,cooperative housing,2.1176
Alt-Wiedikon,2039,private housing,23.8408
Alt-Wiedikon,2040,cooperative housing,2.0345
Alt-Wiedikon,2040,private housing,22.906
Alt-Wiedikon,2041,cooperative housing,1.9548
Alt-Wiedikon,2041,private housing,22.0079
Alt-Wiedikon,2042,cooperative housing,1.8781
Alt-Wiedikon,2042,private housing,21.1449
Alt-Wiedikon,2043,cooperative housing,1.8045
Alt-Wiedikon,2043,private housing,20.3158
Alt-Wiedikon,2044,cooperative housing,1.7337
Alt-Wiedikon,2044,private housing,19.5192
Alt-Wiedikon,2045,cooperative housing,1.6657
Alt-Wiedikon,2045,private housing,18.7539
Alt-Wiedikon,2046,cooperative housing,1.6004
Alt-Wiedikon,2046,private housing,18.0185
Alt-Wiedikon,2047,cooperative housing,1.5377
Alt-Wiedikon,2047,private housing,17.312
Alt-Wiedikon,2048,cooperative housing,1.4774
Alt-Wiedikon,2048,private housing,16.6332
Alt-Wiedikon,2049,cooperative housing,1.4195
Alt-Wiedikon,2049,private housing,15.981
Alt-Wiedikon,2050,cooperative housing,1.3638
Alt-Wiedikon,2050,private housing,15.3544
Friesenberg,2021,cooperative housing,45.1421
Friesenberg,2021,private housing,17.4334
Friesenberg,2022,cooperative housing,43.3721
Friesenberg,2022,private housing,16.7498
Friesenberg,2023,cooperative housing,41.6714
Friesenberg,2023,private housing,16.0931
Friesenberg,2024,cooperative housing,40.0375
Friesenberg,2024,private housing,15.462
Friesenberg,2025,cooperative housing,38.4676
Friesenberg,2025,private housing,14.8558
Friesenberg,2026,cooperative housing,36.9593
Friesenberg,2026,private housing,14.2733
Friesenberg,2027,cooperative housing,35.5101
Friesenberg,2027,private housing,13.7136
Friesenberg,2028,cooperative housing,34.1177
Friesenberg,2028,private housing,13.1759
Friesenberg,2029,cooperative housing,32.7799
Friesenberg,2029,private housing,12.6593
Friesenberg,2030,cooperative housing,31.4946
Friesenberg,2030,private housing,12.1629
Friesenberg,2031,cooperative housing,30.2597
Friesenberg,2031,private housing,11.686
Friesenberg,2032,cooperative housing,29.0732
Friesenberg,2032,private housing,11.2277
Friesenberg,2033,cooperative housing,27.9332
Friesenberg,2033,private housing,10.7875
Friesenberg,2034,cooperative housing,26.8379
Friesenberg,2034,private housing,10.3645
Friesenberg,2035,cooperative housing,25.7856
Friesenberg,2035,private housing,9.9581
Friesenberg,2036,cooperative housing,24.7745
Friesenberg,2036,private housing,9.5677
Friesenberg,2037,cooperative housing,23.8031
Friesenberg,2037,private housing,9.1925
Friesenberg,2038,cooperative housing,22.8698
Friesenberg,2038,private housing,8.8321
Friesenberg,2039,cooperative housing,21.973
Friesenberg,2039,private housing,8.4858
Friesenberg,2040,cooperative housing,21.1115
Friesenberg,2040,private housing,8.153
Friesenberg,2041,cooperative housing,20.2837
Friesenberg,2041,private housing,7.8333
Friesenberg,2042,cooperative housing,19.4883
Friesenberg,2042,private housing,7.5262
Friesenberg,2043,cooperative housing,18.7242
Friesenberg,2043,private housing,7.2311
Friesenberg,2044,cooperative housing,17.99
Friesenberg,2044,private housing,6.9475
Friesenberg,2045,cooperative housing,17.2846
Friesenberg,2045,private housing,6.6751
Friesenberg,2046,cooperative housing,16.6069
Friesenberg,2046,private housing,6.4134
Friesenberg,2047,cooperative housing,15.9557
Friesenberg,2047,private housing,6.1619
Friesenberg,2048,cooperative housing,15.3301
Friesenberg,2048,private housing,5.9203
Friesenberg,2049,cooperative housing,14.729
Friesenberg,2049,private housing,5.6882
Friesenberg,2050,cooperative housing,14.1514
Friesenberg,2050,private housing,5.4651
Sihlfeld,2021,cooperative housing,24.9265
Sihlfeld,2021,private housing,28.9935
Sihlfeld,2022,cooperative housing,23.9491
Sihlfeld,2022,private housing,27.8566
Sihlfeld,2023,cooperative housing,23.01
Sihlfeld,2023,private housing,26.7644
Sihlfeld,2024,cooperative housing,22.1078
Sihlfeld,2024,private housing,25.7149
Sihlfeld,2025,cooperative housing,21.2409
Sihlfeld,2025,private housing,24.7066
Sihlfeld,2026,cooperative housing,20.4081
Sihlfeld,2026,private housing,23.7379
Sihlfeld,2027,cooperative housing,19.6079
Sihlfeld,2027,private housing,22.8071
Sihlfeld,2028,cooperative housing,18.839
Sihlfeld,2028,private housing,21.9128
Sihlfeld,2029,cooperative housing,18.1003
Sihlfeld,2029,private housing,21.0536
Sihlfeld,2030,cooperative housing,17.3906
Sihlfeld,2030,private housing,20.2281
Sihlfeld,2031,cooperative housing,16.7087
Sihlfeld,2031,private housing,19.4349
Sihlfeld,2032,cooperative housing,16.0536
Sihlfeld,2032,private housing,18.6729
Sihlfeld,2033,cooperative housing,15.4241
Sihlfeld,2033,private housing,17.9407
Sihlfeld,2034,cooperative housing,14.8193
Sihlfeld,2034,private housing,17.2372
Sihlfeld,2035,cooperative housing,14.2382
Sihlfeld,2035,private housing,16.5613
Sihlfeld,2036,cooperative housing,13.6799
Sihlfeld,2036,private housing,15.912
Sihlfeld,2037,cooperative housing,13.1435
Sihlfeld,2037,private housing,15.2881
Sihlfeld,2038,cooperative housing,12.6282
Sihlfeld,2038,private housing,14.6886
Sihlfeld,2039,cooperative housing,12.133
Sihlfeld,2039,private housing,14.1126
Sihlfeld,2040,cooperative housing,11.6573
Sihlfeld,2040,private housing,13.5593
Sihlfeld,2041,cooperative housing,11.2002
Sihlfeld,2041,private housing,13.0276
Sihlfeld,2042,cooperative housing,10.761
Sihlfeld,2042,private housing,12.5168
Sihlfeld,2043,cooperative housing,10.3391
Sihlfeld,2043,private housing,12.026
Sihlfeld,2044,cooperative housing,9.9337
Sihlfeld,2044,private housing,11.5545
Sihlfeld,2045,cooperative housing,9.5442
Sihlfeld,2045,private housing,11.1014
Sihlfeld,2046,cooperative housing,9.1699
Sihlfeld,2046,private housing,10.6661
Sihlfeld,2047,cooperative housing,8.8104
Sihlfeld,2047,private housing,10.2479
Sihlfeld,2048,cooperative housing,8.4649
Sihlfeld,2048,private housing,9.8461
Sihlfeld,2049,cooperative housing,8.133
Sihlfeld,2049,private housing,9.46
Sihlfeld,2050,cooperative housing,7.8141
Sihlfeld,2050,private housing,9.0891
Werd,2021,cooperative housing,1.8935
Werd,2021,private housing,11.0126
Werd,2022,cooperative housing,1.8192
Werd,2022,private housing,10.5808
Werd,2023,cooperative housing,1.7479
Werd,2023,private housing,10.1659
Werd,2024,cooperative housing,1.6794
Werd,2024,private housing,9.7673
Werd,2025,cooperative housing,1.6135
Werd,2025,private housing,9.3843
Werd,2026,cooperative housing,1.5502
Werd,2026,private housing,9.0164
Werd,2027,cooperative housing,1.4895
Werd,2027,private housing,8.6628
Werd,2028,cooperative housing,1.4311
Werd,2028,private housing,8.3232
Werd,2029,cooperative housing,1.3749
Werd,2029,private housing,7.9968
Werd,2030,cooperative housing,1.321
Werd,2030,private housing,7.6833
Werd,2031,cooperative housing,1.2692
Werd,2031,private housing,7.382
Werd,2032,cooperative housing,1.2195
Werd,2032,private housing,7.0925
Werd,2033,cooperative housing,1.1716
Werd,2033,private housing,6.8144
Werd,2034,cooperative housing,1.1257
Werd,2034,private housing,6.5472
Werd,2035,cooperative housing,1.0816
Werd,2035,private housing,6.2905
Werd,2036,cooperative housing,1.0392
Werd,2036,private housing,6.0439
Werd,2037,cooperative housing,0.9984
Werd,2037,private housing,5.8069
Werd,2038,cooperative housing,0.9593
Werd,2038,private housing,5.5792
Werd,2039,cooperative housing,0.9217
Werd,2039,private housing,5.3604
Werd,2040,cooperative housing,0.8855
Werd,2040,private housing,5.1502
Werd,2041,cooperative housing,0.8508
Werd,2041,private housing,4.9483
Werd,2042,cooperative housing,0.8174
Werd,2042,private housing,4.7543
Werd,2043,cooperative housing,0.7854
Werd,2043,private housing,4.5679
Werd,2044,cooperative housing,0.7546
Werd,2044,private housing,4.3887
Werd,2045,cooperative housing,0.725
Werd,2045,private housing,4.2167
Werd,2046,cooperative housing,0.6966
Werd,2046,private housing,4.0513
Werd,2047,cooperative housing,0.6693
Werd,2047,private housing,3.8925
Werd,2048,cooperative housing,0.643
Werd,2048,private housing,3.7398
Werd,2049,cooperative housing,0.6178
Werd,2049,private housing,3.5932
Werd,2050,cooperative housing,0.5936
Werd,2050,private housing,3.4523
Langstrasse,2021,cooperative housing,0.705
Langstrasse,2021,private housing,25.2101
Langstrasse,2022,cooperative housing,0.6774
Langstrasse,2022,private housing,24.2216
Langstrasse,2023,cooperative housing,0.6508
Langstrasse,2023,private housing,23.2719
Langstrasse,2024,cooperative housing,0.6253
Langstrasse,2024,private housing,22.3594
Langstrasse,2025,cooperative housing,0.6008
Langstrasse,2025,private housing,21.4826
Langstrasse,2026,cooperative housing,0.5772
Langstrasse,2026,private housing,20.6403
Langstrasse,2027,cooperative housing,0.5546
Langstrasse,2027,private housing,19.831
Langstrasse,2028,cooperative housing,0.5329
Langstrasse,2028,private housing,19.0534
Langstrasse,2029,cooperative housing,0.512
Langstrasse,2029,private housing,18.3063
Langstrasse,2030,cooperative housing,0.4919
Langstrasse,2030,private housing,17.5885
Langstrasse,2031,cooperative housing,0.4726
Langstrasse,2031,private housing,16.8988
Langstrasse,2032,cooperative housing,0.4541
Langstrasse,2032,private housing,16.2362
Langstrasse,2033,cooperative housing,0.4363
Langstrasse,2033,private housing,15.5996
Langstrasse,2034,cooperative housing,0.4192
Langstrasse,2034,private housing,14.9879
Langstrasse,2035,cooperative housing,0.4027
Langstrasse,2035,private housing,14.4002
Langstrasse,2036,cooperative housing,0.3869
Langstrasse,2036,private housing,13.8356
Langstrasse,2037,cooperative housing,0.3718
Langstrasse,2037,private housing,13.2931
Langstrasse,2038,cooperative housing,0.3572
Langstrasse,2038,private housing,12.7719
Langstrasse,2039,cooperative housing,0.3432
Langstrasse,2039,private housing,12.2711
Langstrasse,2040,cooperative housing,0.3297
Langstrasse,2040,private housing,11.7899
Langstrasse,2041,cooperative housing,0.3168
Langstrasse,2041,private housing,11.3276
Langstrasse,2042,cooperative housing,0.3044
Langstrasse,2042,private housing,10.8835
Langstrasse,2043,cooperative housing,0.2924
Langstrasse,2043,private housing,10.4567
Langstrasse,2044,cooperative housing,0.281
Langstrasse,2044,private housing,10.0467
Langstrasse,2045,cooperative housing,0.27
Langstrasse,2045,private housing,9.6528
Langstrasse,2046,cooperative housing,0.2594
Langstrasse,2046,private housing,9.2743
Langstrasse,2047,cooperative housing,0.2492
Langstrasse,2047,private housing,8.9106
Langstrasse,2048,cooperative housing,0.2394
Langstrasse,2048,private housing,8.5612
Langstrasse,2049,cooperative housing,0.23
Langstrasse,2049,private housing,8.2255
Langstrasse,2050,cooperative housing,0.221
Langstrasse,2050,private housing,7.903
Hard,2021,cooperative housing,19.5211
Hard,2021,private housing,18.5868
Hard,2022,cooperative housing,18.7556
Hard,2022,private housing,17.858
Hard,2023,cooperative housing,18.0202
Hard,2023,private housing,17.1578
Hard,2024,cooperative housing,17.3136
Hard,2024,private housing,16.485
Hard,2025,cooperative housing,16.6347
Hard,2025,private housing,15.8386
Hard,2026,cooperative housing,15.9825
Hard,2026,private housing,15.2176
Hard,2027,cooperative housing,15.3558
Hard,2027,private housing,14.6209
Hard,2028,cooperative housing,14.7537
Hard,2028,private housing,14.0476
Hard,2029,cooperative housing,14.1752
Hard,2029,private housing,13.4968
Hard,2030,cooperative housing,13.6194
Hard,2030,private housing,12.9676
Hard,2031,cooperative housing,13.0854
Hard,2031,private housing,12.4591
Hard,2032,cooperative housing,12.5723
Hard,2032,private housing,11.9706
Hard,2033,cooperative housing,12.0793
Hard,2033,private housing,11.5012
Hard,2034,cooperative housing,11.6057
Hard,2034,private housing,11.0502
Hard,2035,cooperative housing,11.1506
Hard,2035,private housing,10.6169
Hard,2036,cooperative housing,10.7134
Hard,2036,private housing,10.2006
Hard,2037,cooperative housing,10.2933
Hard,2037,private housing,9.8007
Hard,2038,cooperative housing,9.8897
Hard,2038,private housing,9.4164
Hard,2039,cooperative housing,9.5019
Hard,2039,private housing,9.0472
Hard,2040,cooperative housing,9.1293
Hard,2040,private housing,8.6924
Hard,2041,cooperative housing,8.7714
Hard,2041,private housing,8.3516
Hard,2042,cooperative housing,8.4274
Hard,2042,private housing,8.0241
Hard,2043,cooperative housing,8.097
Hard,2043,private housing,7.7095
Hard,2044,cooperative housing,7.7795
Hard,2044,private housing,7.4072
Hard,2045,cooperative housing,7.4745
Hard,2045,private housing,7.1167
Hard,2046,cooperative housing,7.1814
Hard,2046,private housing,6.8377
Hard,2047,cooperative housing,6.8998
Hard,2047,private housing,6.5696
Hard,2048,cooperative housing,6.6293
Hard,2048,private housing,6.312
Hard,2049,cooperative housing,6.3693
Hard,2049,private housing,6.0645
Hard,2050,cooperative housing,6.1196
Hard,2050,private housing,5.8267
Gewerbeschule,2021,cooperative housing,13.9202
Gewerbeschule,2021,private housing,10.8055
Gewerbeschule,2022,cooperative housing,13.3744
Gewerbeschule,2022,private housing,10.3818
Gewerbeschule,2023,cooperative housing,12.85
Gewerbeschule,2023,private housing,9.9747
Gewerbeschule,2024,cooperative housing,12.3461
Gewerbeschule,2024,private housing,9.5836
Gewerbeschule,2025,cooperative housing,11.862
Gewerbeschule,2025,private housing,9.2078
Gewerbeschule,2026,cooperative housing,11.3969
Gewerbeschule,2026,private housing,8.8468
Gewerbeschule,2027,cooperative housing,10.95
Gewerbeschule,2027,private housing,8.4999
Gewerbeschule,2028,cooperative housing,10.5207
Gewerbeschule,2028,private housing,8.1666
Gewerbeschule,2029,cooperative housing,10.1081
Gewerbeschule,2029,private housing,7.8464
Gewerbeschule,2030,cooperative housing,9.7118
Gewerbeschule,2030,private housing,7.5387
Gewerbeschule,2031,cooperative housing,9.331
Gewerbeschule,2031,private housing,7.2431
Gewerbeschule,2032,cooperative housing,8.9651
Gewerbeschule,2032,private housing,6.9591
Gewerbeschule,2033,cooperative housing,8.6136
Gewerbeschule,2033,private housing,6.6863
Gewerbeschule,2034,cooperative housing,8.2758
Gewerbeschule,2034,private housing,6.4241
Gewerbeschule,2035,cooperative housing,7.9513
Gewerbeschule,2035,private housing,6.1722
Gewerbeschule,2036,cooperative housing,7.6396
Gewerbeschule,2036,private housing,5.9302
Gewerbeschule,2037,cooperative housing,7.34
Gewerbeschule,2037,private housing,5.6977
Gewerbeschule,2038,cooperative housing,7.0522
Gewerbeschule,2038,private housing,5.4742
Gewerbeschule,2039,cooperative housing,6.7757
Gewerbeschule,2039,private housing,5.2596
Gewerbeschule,2040,cooperative housing,6.51
Gewerbeschule,2040,private housing,5.0534
Gewerbeschule,2041,cooperative housing,6.2547
Gewerbeschule,2041,private housing,4.8552
Gewerbeschule,2042,cooperative housing,6.0095
Gewerbeschule,2042,private housing,4.6648
Gewerbeschule,2043,cooperative housing,5.7739
Gewerbeschule,2043,private housing,4.4819
Gewerbeschule,2044,cooperative housing,5.5475
Gewerbeschule,2044,private housing,4.3062
Gewerbeschule,2045,cooperative housing,5.3299
Gewerbeschule,2045,private housing,4.1373
Gewerbeschule,2046,cooperative housing,5.121
Gewerbeschule,2046,private housing,3.9751
Gewerbeschule,2047,cooperative housing,4.9202
Gewerbeschule,2047,private housing,3.8193
Gewerbeschule,2048,cooperative housing,4.7272
Gewerbeschule,2048,private housing,3.6695
Gewerbeschule,2049,cooperative housing,4.5419
Gewerbeschule,2049,private housing,3.5256
Gewerbeschule,2050,cooperative housing,4.3638
Gewerbeschule,2050,private housing,3.3874
Escher Wyss,2021,cooperative housing,22.7133
Escher Wyss,2021,private housing,47.5089
Escher Wyss,2022,cooperative housing,21.8227
Escher Wyss,2022,private housing,45.646
Escher Wyss,2023,cooperative housing,20.967
Escher Wyss,2023,private housing,43.8562
Escher Wyss,2024,cooperative housing,20.1449
Escher Wyss,2024,private housing,42.1366
Escher Wyss,2025,cooperative housing,19.355
Escher Wyss,2025,private housing,40.4844
Escher Wyss,2026,cooperative housing,18.5961
Escher Wyss,2026,private housing,38.897
Escher Wyss,2027,cooperative housing,17.8669
Escher Wyss,2027,private housing,37.3718
Escher Wyss,2028,cooperative housing,17.1663
Escher Wyss,2028,private housing,35.9064
Escher Wyss,2029,cooperative housing,16.4932
Escher Wyss,2029,private housing,34.4985
Escher Wyss,2030,cooperative housing,15.8465
Escher Wyss,2030,private housing,33.1458
Escher Wyss,2031,cooperative housing,15.2252
Escher Wyss,2031,private housing,31.8461
Escher Wyss,2032,cooperative housing,14.6282
Escher Wyss,2032,private housing,30.5974
Escher Wyss,2033,cooperative housing,14.0546
Escher Wyss,2033,private housing,29.3977
Escher Wyss,2034,cooperative housing,13.5035
Escher Wyss,2034,private housing,28.245
Escher Wyss,2035,cooperative housing,12.974
Escher Wyss,2035,private housing,27.1375
Escher Wyss,2036,cooperative housing,12.4653
Escher Wyss,2036,private housing,26.0734
Escher Wyss,2037,cooperative housing,11.9765
Escher Wyss,2037,private housing,25.0511
Escher Wyss,2038,cooperative housing,11.5069
Escher Wyss,2038,private housing,24.0688
Escher Wyss,2039,cooperative housing,11.0557
Escher Wyss,2039,private housing,23.125
Escher Wyss,2040,cooperative housing,10.6222
Escher Wyss,2040,private housing,22.2183
Escher Wyss,2041,cooperative housing,10.2057
Escher Wyss,2041,private housing,21.3471
Escher Wyss,2042,cooperative housing,9.8056
Escher Wyss,2042,private housing,20.5101
Escher Wyss,2043,cooperative housing,9.4211
Escher Wyss,2043,private housing,19.7059
Escher Wyss,2044,cooperative housing,9.0517
Escher Wyss,2044,private housing,18.9332
Escher Wyss,2045,cooperative housing,8.6967
Escher Wyss,2045,private housing,18.1908
Escher Wyss,2046,cooperative housing,8.3557
Escher Wyss,2046,private housing,17.4775
Escher Wyss,2047,cooperative housing,8.0281
Escher Wyss,2047,private housing,16.7922
Escher Wyss,2048,cooperative housing,7.7133
Escher Wyss,2048,private housing,16.1338
Escher Wyss,2049,cooperative housing,7.4109
Escher Wyss,2049,private housing,15.5012
Escher Wyss,2050,cooperative housing,7.1203
Escher Wyss,2050,private housing,14.8934
Unterstrass,2021,cooperative housing,44.6798
Unterstrass,2021,private housing,69.6884
Unterstrass,2022,cooperative housing,42.9279
Unterstrass,2022,private housing,66.9559
Unterstrass,2023,cooperative housing,41.2447
Unterstrass,2023,private housing,64.3305
Unterstrass,2024,cooperative housing,39.6275
Unterstrass,2024,private housing,61.8081
Unterstrass,2025,cooperative housing,38.0736
Unterstrass,2025,private housing,59.3845
Unterstrass,2026,cooperative housing,36.5807
Unterstrass,2026,private housing,57.056
Unterstrass,2027,cooperative housing,35.1464
Unterstrass,2027,private housing,54.8188
Unterstrass,2028,cooperative housing,33.7683
Unterstrass,2028,private housing,52.6694
Unterstrass,2029,cooperative housing,32.4442
Unterstrass,2029,private housing,50.6042
Unterstrass,2030,cooperative housing,31.1721
Unterstrass,2030,private housing,48.6199
Unterstrass,2031,cooperative housing,29.9498
Unterstrass,2031,private housing,46.7135
Unterstrass,2032,cooperative housing,28.7754
Unterstrass,2032,private housing,44.8819
Unterstrass,2033,cooperative housing,27.6471
Unterstrass,2033,private housing,43.122
Unterstrass,2034,cooperative housing,26.5631
Unterstrass,2034,private housing,41.4312
Unterstrass,2035,cooperative housing,25.5215
Unterstrass,2035,private housing,39.8066
Unterstrass,2036,cooperative housing,24.5208
Unterstrass,2036,private housing,38.2458
Unterstrass,2037,cooperative housing,23.5593
Unterstrass,2037,private housing,36.7462
Unterstrass,2038,cooperative housing,22.6356
Unterstrass,2038,private housing,35.3053
Unterstrass,2039,cooperative housing,21.748
Unterstrass,2039,private housing,33.921
Unterstrass,2040,cooperative housing,20.8953
Unterstrass,2040,private housing,32.5909
Unterstrass,2041,cooperative housing,20.0759
Unterstrass,2041,private housing,31.313
Unterstrass,2042,cooperative housing,19.2888
Unterstrass,2042,private housing,30.0852
Unterstrass,2043,cooperative housing,18.5324
Unterstrass,2043,private housing,28.9056
Unterstrass,2044,cooperative housing,17.8058
Unterstrass,2044,private housing,27.7722
Unterstrass,2045,cooperative housing,17.1076
Unterstrass,2045,private housing,26.6832
Unterstrass,2046,cooperative housing,16.4368
Unterstrass,2046,private housing,25.6369
Unterstrass,2047,cooperative housing,15.7923
Unterstrass,2047,private housing,24.6317
Unterstrass,2048,cooperative housing,15.1731
Unterstrass,2048,private housing,23.6659
Unterstrass,2049,cooperative housing,14.5781
Unterstrass,2049,private housing,22.7379
Unterstrass,2050,cooperative housing,14.0065
Unterstrass,2050,private housing,21.8463
Oberstrass,2021,cooperative housing,9.0455
Oberstrass,2021,private housing,20.0515
Oberstrass,2022,cooperative housing,8.6908
Oberstrass,2022,private housing,19.2653
Oberstrass,2023,cooperative housing,8.35
Oberstrass,2023,private housing,18.5099
Oberstrass,2024,cooperative housing,8.0226
Oberstrass,2024,private housing,17.7841
Oberstrass,2025,cooperative housing,7.708
Oberstrass,2025,private housing,17.0867
Oberstrass,2026,cooperative housing,7.4058
Oberstrass,2026,private housing,16.4168
Oberstrass,2027,cooperative housing,7.1154
Oberstrass,2027,private housing,15.7731
Oberstrass,2028,cooperative housing,6.8364
Oberstrass,2028,private housing,15.1546
Oberstrass,2029,cooperative housing,6.5683
Oberstrass,2029,private housing,14.5604
Oberstrass,2030,cooperative housing,6.3108
Oberstrass,2030,private housing,13.9894
Oberstrass,2031,cooperative housing,6.0634
Oberstrass,2031,private housing,13.4409
Oberstrass,2032,cooperative housing,5.8256
Oberstrass,2032,private housing,12.9139
Oberstrass,2033,cooperative housing,5.5972
Oberstrass,2033,private housing,12.4075
Oberstrass,2034,cooperative housing,5.3777
Oberstrass,2034,private housing,11.921
Oberstrass,2035,cooperative housing,5.1668
Oberstrass,2035,private housing,11.4536
Oberstrass,2036,cooperative housing,4.9643
Oberstrass,2036,private housing,11.0045
Oberstrass,2037,cooperative housing,4.7696
Oberstrass,2037,private housing,10.573
Oberstrass,2038,cooperative housing,4.5826
Oberstrass,2038,private housing,10.1584
Oberstrass,2039,cooperative housing,4.4029
Oberstrass,2039,private housing,9.7601
Oberstrass,2040,cooperative housing,4.2303
Oberstrass,2040,private housing,9.3774
Oberstrass,2041,cooperative housing,4.0644
Oberstrass,2041,private housing,9.0097
Oberstrass,2042,cooperative housing,3.905
Oberstrass,2042,private housing,8.6564
Oberstrass,2043,cooperative housing,3.7519
Oberstrass,2043,private housing,8.317
Oberstrass,2044,cooperative housing,3.6048
Oberstrass,2044,private housing,7.9909
Oberstrass,2045,cooperative housing,3.4634
Oberstrass,2045,private housing,7.6776
Oberstrass,2046,cooperative housing,3.3276
Oberstrass,2046,private housing,7.3765
Oberstrass,2047,cooperative housing,3.1972
Oberstrass,2047,private housing,7.0873
Oberstrass,2048,cooperative housing,3.0718
Oberstrass,2048,private housing,6.8094
Oberstrass,2049,cooperative housing,2.9513
Oberstrass,2049,private housing,6.5424
Oberstrass,2050,cooperative housing,2.8356
Oberstrass,2050,private housing,6.2859
Fluntern,2021,cooperative housing,2.7213
Fluntern,2021,private housing,49.0808
Fluntern,2022,cooperative housing,2.6146
Fluntern,2022,private housing,47.1563
Fluntern,2023,cooperative housing,2.512
Fluntern,2023,private housing,45.3073
Fluntern,2024,cooperative housing,2.4135
Fluntern,2024,private housing,43.5308
Fluntern,2025,cooperative housing,2.3189
Fluntern,2025,private housing,41.8239
Fluntern,2026,cooperative housing,2.228
Fluntern,2026,private housing,40.184
Fluntern,2027,cooperative housing,2.1406
Fluntern,2027,private housing,38.6083
Fluntern,2028,cooperative housing,2.0567
Fluntern,2028,private housing,37.0945
Fluntern,2029,cooperative housing,1.976
Fluntern,2029,private housing,35.64
Fluntern,2030,cooperative housing,1.8986
Fluntern,2030,private housing,34.2425
Fluntern,2031,cooperative housing,1.8241
Fluntern,2031,private housing,32.8999
Fluntern,2032,cooperative housing,1.7526
Fluntern,2032,private housing,31.6098
Fluntern,2033,cooperative housing,1.6839
Fluntern,2033,private housing,30.3704
Fluntern,2034,cooperative housing,1.6178
Fluntern,2034,private housing,29.1796
Fluntern,2035,cooperative housing,1.5544
Fluntern,2035,private housing,28.0354
Fluntern,2036,cooperative housing,1.4935
Fluntern,2036,private housing,26.9361
Fluntern,2037,cooperative housing,1.4349
Fluntern,2037,private housing,25.8799
Fluntern,2038,cooperative housing,1.3786
Fluntern,2038,private housing,24.8652
Fluntern,2039,cooperative housing,1.3246
Fluntern,2039,private housing,23.8902
Fluntern,2040,cooperative housing,1.2726
Fluntern,2040,private housing,22.9534
Fluntern,2041,cooperative housing,1.2227
Fluntern,2041,private housing,22.0534
Fluntern,2042,cooperative housing,1.1748
Fluntern,2042,private housing,21.1887
Fluntern,2043,cooperative housing,1.1287
Fluntern,2043,private housing,20.3579
Fluntern,2044,cooperative housing,1.0845
Fluntern,2044,private housing,19.5596
Fluntern,2045,cooperative housing,1.042
Fluntern,2045,private housing,18.7927
Fluntern,2046,cooperative housing,1.0011
Fluntern,2046,private housing,18.0558
Fluntern,2047,cooperative housing,0.9618
Fluntern,2047,private housing,17.3478
Fluntern,2048,cooperative housing,0.9241
Fluntern,2048,private housing,16.6676
Fluntern,2049,cooperative housing,0.8879
Fluntern,2049,private housing,16.0141
Fluntern,2050,cooperative housing,0.8531
Fluntern,2050,private housing,15.3862
Hottingen,2021,cooperative housing,3.548
Hottingen,2021,private housing,39.114
Hottingen,2022,cooperative housing,3.4089
Hottingen,2022,private housing,37.5804
Hottingen,2023,cooperative housing,3.2752
Hottingen,2023,private housing,36.1068
Hottingen,2024,cooperative housing,3.1468
Hottingen,2024,private housing,34.691
Hottingen,2025,cooperative housing,3.0234
Hottingen,2025,private housing,33.3308
Hottingen,2026,cooperative housing,2.9049
Hottingen,2026,private housing,32.0239
Hottingen,2027,cooperative housing,2.791
Hottingen,2027,private housing,30.7682
Hottingen,2028,cooperative housing,2.6815
Hottingen,2028,private housing,29.5618
Hottingen,2029,cooperative housing,2.5764
Hottingen,2029,private housing,28.4026
Hottingen,2030,cooperative housing,2.4754
Hottingen,2030,private housing,27.2889
Hottingen,2031,cooperative housing,2.3783
Hottingen,2031,private housing,26.2189
Hottingen,2032,cooperative housing,2.2851
Hottingen,2032,private housing,25.1909
Hottingen,2033,cooperative housing,2.1955
Hottingen,2033,private housing,24.2031
Hottingen,2034,cooperative housing,2.1094
Hottingen,2034,private housing,23.2541
Hottingen,2035,cooperative housing,2.0267
Hottingen,2035,private housing,22.3423
Hottingen,2036,cooperative housing,1.9472
Hottingen,2036,private housing,21.4662
Hottingen,2037,cooperative housing,1.8709
Hottingen,2037,private housing,20.6245
Hottingen,2038,cooperative housing,1.7975
Hottingen,2038,private housing,19.8158
Hottingen,2039,cooperative housing,1.727
Hottingen,2039,private housing,19.0388
Hottingen,2040,cooperative housing,1.6593
Hottingen,2040,private housing,18.2923
Hottingen,2041,cooperative housing,1.5942
Hottingen,2041,private housing,17.5751
Hottingen,2042,cooperative housing,1.5317
Hottingen,2042,private housing,16.8859
Hottingen,2043,cooperative housing,1.4717
Hottingen,2043,private housing,16.2238
Hottingen,2044,cooperative housing,1.414
Hottingen,2044,private housing,15.5877
Hottingen,2045,cooperative housing,1.3585
Hottingen,2045,private housing,14.9765
Hottingen,2046,cooperative housing,1.3052
Hottingen,2046,private housing,14.3893
Hottingen,2047,cooperative housing,1.2541
Hottingen,2047,private housing,13.825
Hottingen,2048,cooperative housing,1.2049
Hottingen,2048,private housing,13.283
Hottingen,2049,cooperative housing,1.1577
Hottingen,2049,private housing,12.7621
Hottingen,2050,cooperative housing,1.1123
Hottingen,2050,private housing,12.2617
Hirslanden,2021,cooperative housing,4.1763
Hirslanden,2021,private housing,26.034300000000002
Hirslanden,2022,cooperative housing,4.0126
Hirslanden,2022,private housing,25.0135
Hirslanden,2023,cooperative housing,3.8552
Hirslanden,2023,private housing,24.0327
Hirslanden,2024,cooperative housing,3.7041
Hirslanden,2024,private housing,23.0904
Hirslanden,2025,cooperative housing,3.5588
Hirslanden,2025,private housing,22.185
Hirslanden,2026,cooperative housing,3.4193
Hirslanden,2026,private housing,21.3151
Hirslanden,2027,cooperative housing,3.2852
Hirslanden,2027,private housing,20.4793
Hirslanden,2028,cooperative housing,3.1564
Hirslanden,2028,private housing,19.6763
Hirslanden,2029,cooperative housing,3.0326
Hirslanden,2029,private housing,18.9048
Hirslanden,2030,cooperative housing,2.9137
Hirslanden,2030,private housing,18.1635
Hirslanden,2031,cooperative housing,2.7995
Hirslanden,2031,private housing,17.4513
Hirslanden,2032,cooperative housing,2.6897
Hirslanden,2032,private housing,16.7671
Hirslanden,2033,cooperative housing,2.5842
Hirslanden,2033,private housing,16.1096
Hirslanden,2034,cooperative housing,2.4829
Hirslanden,2034,private housing,15.478
Hirslanden,2035,cooperative housing,2.3855
Hirslanden,2035,private housing,14.8711
Hirslanden,2036,cooperative housing,2.292
Hirslanden,2036,private housing,14.288
Hirslanden,2037,cooperative housing,2.2021
Hirslanden,2037,private housing,13.7277
Hirslanden,2038,cooperative housing,2.1158
Hirslanden,2038,private housing,13.1894
Hirslanden,2039,cooperative housing,2.0328
Hirslanden,2039,private housing,12.6723
Hirslanden,2040,cooperative housing,1.9531
Hirslanden,2040,private housing,12.1754
Hirslanden,2041,cooperative housing,1.8765
Hirslanden,2041,private housing,11.698
Hirslanden,2042,cooperative housing,1.803
Hirslanden,2042,private housing,11.2393
Hirslanden,2043,cooperative housing,1.7323
Hirslanden,2043,private housing,10.7986
Hirslanden,2044,cooperative housing,1.6643
Hirslanden,2044,private housing,10.3752
Hirslanden,2045,cooperative housing,1.5991
Hirslanden,2045,private housing,9.9684
Hirslanden,2046,cooperative housing,1.5364
Hirslanden,2046,private housing,9.5775
Hirslanden,2047,cooperative housing,1.4761
Hirslanden,2047,private housing,9.202
Hirslanden,2048,cooperative housing,1.4183
Hirslanden,2048,private housing,8.8411
Hirslanden,2049,cooperative housing,1.3626
Hirslanden,2049,private housing,8.4945
Hirslanden,2050,cooperative housing,1.3092
Hirslanden,2050,private housing,8.1614
Witikon,2021,cooperative housing,3.3193
Witikon,2021,private housing,68.4013
Witikon,2022,cooperative housing,3.1891
Witikon,2022,private housing,65.7193
Witikon,2023,cooperative housing,3.0641
Witikon,2023,private housing,63.1424
Witikon,2024,cooperative housing,2.9439
Witikon,2024,private housing,60.6665
Witikon,2025,cooperative housing,2.8285
Witikon,2025,private housing,58.2878
Witikon,2026,cooperative housing,2.7176
Witikon,2026,private housing,56.0023
Witikon,2027,cooperative housing,2.611
Witikon,2027,private housing,53.8064
Witikon,2028,cooperative housing,2.5087
Witikon,2028,private housing,51.6966
Witikon,2029,cooperative housing,2.4103
Witikon,2029,private housing,49.6696
Witikon,2030,cooperative housing,2.3158
Witikon,2030,private housing,47.722
Witikon,2031,cooperative housing,2.225
Witikon,2031,private housing,45.8508
Witikon,2032,cooperative housing,2.1377
Witikon,2032,private housing,44.053
Witikon,2033,cooperative housing,2.0539
Witikon,2033,private housing,42.3256
Witikon,2034,cooperative housing,1.9734
Witikon,2034,private housing,40.666
Witikon,2035,cooperative housing,1.896
Witikon,2035,private housing,39.0715
Witikon,2036,cooperative housing,1.8217
Witikon,2036,private housing,37.5395
Witikon,2037,cooperative housing,1.7502
Witikon,2037,private housing,36.0675
Witikon,2038,cooperative housing,1.6816
Witikon,2038,private housing,34.6533
Witikon,2039,cooperative housing,1.6157
Witikon,2039,private housing,33.2945
Witikon,2040,cooperative housing,1.5523
Witikon,2040,private housing,31.989
Witikon,2041,cooperative housing,1.4915
Witikon,2041,private housing,30.7347
Witikon,2042,cooperative housing,1.433
Witikon,2042,private housing,29.5296
Witikon,2043,cooperative housing,1.3768
Witikon,2043,private housing,28.3717
Witikon,2044,cooperative housing,1.3228
Witikon,2044,private housing,27.2592
Witikon,2045,cooperative housing,1.2709
Witikon,2045,private housing,26.1904
Witikon,2046,cooperative housing,1.2211
Witikon,2046,private housing,25.1634
Witikon,2047,cooperative housing,1.1732
Witikon,2047,private housing,24.1768
Witikon,2048,cooperative housing,1.1272
Witikon,2048,private housing,23.2288
Witikon,2049,cooperative housing,1.083
Witikon,2049,private housing,22.318
Witikon,2050,cooperative housing,1.0406
Witikon,2050,private housing,21.4429
Seefeld,2021,cooperative housing,13.2599
Seefeld,2021,private housing,6.6302
Seefeld,2022,cooperative housing,12.74
Seefeld,2022,private housing,6.3702
Seefeld,2023,cooperative housing,12.2404
Seefeld,2023,private housing,6.1204
Seefeld,2024,cooperative housing,11.7605
Seefeld,2024,private housing,5.8805
Seefeld,2025,cooperative housing,11.2993
Seefeld,2025,private housing,5.6499
Seefeld,2026,cooperative housing,10.8563
Seefeld,2026,private housing,5.4283
Seefeld,2027,cooperative housing,10.4306
Seefeld,2027,private housing,5.2155
Seefeld,2028,cooperative housing,10.0216
Seefeld,2028,private housing,5.011
Seefeld,2029,cooperative housing,9.6287
Seefeld,2029,private housing,4.8145
Seefeld,2030,cooperative housing,9.2511
Seefeld,2030,private housing,4.6257
Seefeld,2031,cooperative housing,8.8884
Seefeld,2031,private housing,4.4444
Seefeld,2032,cooperative housing,8.5399
Seefeld,2032,private housing,4.2701
Seefeld,2033,cooperative housing,8.205
Seefeld,2033,private housing,4.1027
Seefeld,2034,cooperative housing,7.8833
Seefeld,2034,private housing,3.9418
Seefeld,2035,cooperative housing,7.5742
Seefeld,2035,private housing,3.7872
Seefeld,2036,cooperative housing,7.2772
Seefeld,2036,private housing,3.6387
Seefeld,2037,cooperative housing,6.9918
Seefeld,2037,private housing,3.4961
Seefeld,2038,cooperative housing,6.7177
Seefeld,2038,private housing,3.359
Seefeld,2039,cooperative housing,6.4543
Seefeld,2039,private housing,3.2273
Seefeld,2040,cooperative housing,6.2012
Seefeld,2040,private housing,3.1007
Seefeld,2041,cooperative housing,5.9581
Seefeld,2041,private housing,2.9791
Seefeld,2042,cooperative housing,5.7244
Seefeld,2042,private housing,2.8623
Seefeld,2043,cooperative housing,5.5
Seefeld,2043,private housing,2.7501
Seefeld,2044,cooperative housing,5.2843
Seefeld,2044,private housing,2.6423
Seefeld,2045,cooperative housing,5.0771
Seefeld,2045,private housing,2.5387
Seefeld,2046,cooperative housing,4.878
Seefeld,2046,private housing,2.4391
Seefeld,2047,cooperative housing,4.6868
Seefeld,2047,private housing,2.3435
Seefeld,2048,cooperative housing,4.503
Seefeld,2048,private housing,2.2516
Seefeld,2049,cooperative housing,4.3264
Seefeld,2049,private housing,2.1633
Seefeld,2050,cooperative housing,4.1568
Seefeld,2050,private housing,2.0785
Muehlebach,2021,cooperative housing,1.9135
Muehlebach,2021,private housing,17.484
Muehlebach,2022,cooperative housing,1.8385
Muehlebach,2022,private housing,16.7984
Muehlebach,2023,cooperative housing,1.7664
Muehlebach,2023,private housing,16.1398
Muehlebach,2024,cooperative housing,1.6972
Muehlebach,2024,private housing,15.5069
Muehlebach,2025,cooperative housing,1.6306
Muehlebach,2025,private housing,14.8989
Muehlebach,2026,cooperative housing,1.5667
Muehlebach,2026,private housing,14.3147
Muehlebach,2027,cooperative housing,1.5053
Muehlebach,2027,private housing,13.7534
Muehlebach,2028,cooperative housing,1.4462
Muehlebach,2028,private housing,13.2141
Muehlebach,2029,cooperative housing,1.3895
Muehlebach,2029,private housing,12.696
Muehlebach,2030,cooperative housing,1.335
Muehlebach,2030,private housing,12.1982
Muehlebach,2031,cooperative housing,1.2827
Muehlebach,2031,private housing,11.7199
Muehlebach,2032,cooperative housing,1.2324
Muehlebach,2032,private housing,11.2603
Muehlebach,2033,cooperative housing,1.1841
Muehlebach,2033,private housing,10.8188
Muehlebach,2034,cooperative housing,1.1376
Muehlebach,2034,private housing,10.3946
Muehlebach,2035,cooperative housing,1.093
Muehlebach,2035,private housing,9.987
Muehlebach,2036,cooperative housing,1.0502
Muehlebach,2036,private housing,9.5954
Muehlebach,2037,cooperative housing,1.009
Muehlebach,2037,private housing,9.2192
Muehlebach,2038,cooperative housing,0.9694
Muehlebach,2038,private housing,8.8577
Muehlebach,2039,cooperative housing,0.9314
Muehlebach,2039,private housing,8.5104
Muehlebach,2040,cooperative housing,0.8949
Muehlebach,2040,private housing,8.1767
Muehlebach,2041,cooperative housing,0.8598
Muehlebach,2041,private housing,7.8561
Muehlebach,2042,cooperative housing,0.8261
Muehlebach,2042,private housing,7.548
Muehlebach,2043,cooperative housing,0.7937
Muehlebach,2043,private housing,7.2521
Muehlebach,2044,cooperative housing,0.7626
Muehlebach,2044,private housing,6.9677
Muehlebach,2045,cooperative housing,0.7327
Muehlebach,2045,private housing,6.6945
Muehlebach,2046,cooperative housing,0.704
Muehlebach,2046,private housing,6.432
Muehlebach,2047,cooperative housing,0.6764
Muehlebach,2047,private housing,6.1798
Muehlebach,2048,cooperative housing,0.6498
Muehlebach,2048,private housing,5.9375
Muehlebach,2049,cooperative housing,0.6244
Muehlebach,2049,private housing,5.7047
Muehlebach,2050,cooperative housing,0.5999
Muehlebach,2050,private housing,5.481
Weinegg,2021,cooperative housing,3.5783
Weinegg,2021,private housing,28.7744
Weinegg,2022,cooperative housing,3.438
Weinegg,2022,private housing,27.6462
Weinegg,2023,cooperative housing,3.3032
Weinegg,2023,private housing,26.5621
Weinegg,2024,cooperative housing,3.1736
Weinegg,2024,private housing,25.5206
Weinegg,2025,cooperative housing,3.0492
Weinegg,2025,private housing,24.5199
Weinegg,2026,cooperative housing,2.9296
Weinegg,2026,private housing,23.5585
Weinegg,2027,cooperative housing,2.8148
Weinegg,2027,private housing,22.6348
Weinegg,2028,cooperative housing,2.7044
Weinegg,2028,private housing,21.7472
Weinegg,2029,cooperative housing,2.5984
Weinegg,2029,private housing,20.8945
Weinegg,2030,cooperative housing,2.4965
Weinegg,2030,private housing,20.0752
Weinegg,2031,cooperative housing,2.3986
Weinegg,2031,private housing,19.2881
Weinegg,2032,cooperative housing,2.3045
Weinegg,2032,private housing,18.5318
Weinegg,2033,cooperative housing,2.2142
Weinegg,2033,private housing,17.8051
Weinegg,2034,cooperative housing,2.1274
Weinegg,2034,private housing,17.107
Weinegg,2035,cooperative housing,2.0439
Weinegg,2035,private housing,16.4362
Weinegg,2036,cooperative housing,1.9638
Weinegg,2036,private housing,15.7917
Weinegg,2037,cooperative housing,1.8868
Weinegg,2037,private housing,15.1725
Weinegg,2038,cooperative housing,1.8128
Weinegg,2038,private housing,14.5776
Weinegg,2039,cooperative housing,1.7417
Weinegg,2039,private housing,14.006
Weinegg,2040,cooperative housing,1.6734
Weinegg,2040,private housing,13.4568
Weinegg,2041,cooperative housing,1.6078
Weinegg,2041,private housing,12.9292
Weinegg,2042,cooperative housing,1.5448
Weinegg,2042,private housing,12.4222
Weinegg,2043,cooperative housing,1.4842
Weinegg,2043,private housing,11.9351
Weinegg,2044,cooperative housing,1.426
Weinegg,2044,private housing,11.4672
Weinegg,2045,cooperative housing,1.3701
Weinegg,2045,private housing,11.0175
Weinegg,2046,cooperative housing,1.3164
Weinegg,2046,private housing,10.5855
Weinegg,2047,cooperative housing,1.2648
Weinegg,2047,private housing,10.1705
Weinegg,2048,cooperative housing,1.2152
Weinegg,2048,private housing,9.7717
Weinegg,2049,cooperative housing,1.1675
Weinegg,2049,private housing,9.3885
Weinegg,2050,cooperative housing,1.1217
Weinegg,2050,private housing,9.0204
Albisrieden,2021,cooperative housing,52.1452
Albisrieden,2021,private housing,40.2527
Albisrieden,2022,cooperative housing,50.1005
Albisrieden,2022,private housing,38.6743
Albisrieden,2023,cooperative housing,48.1361
Albisrieden,2023,private housing,37.1579
Albisrieden,2024,cooperative housing,46.2486
Albisrieden,2024,private housing,35.7009
Albisrieden,2025,cooperative housing,44.4352
Albisrieden,2025,private housing,34.3011
Albisrieden,2026,cooperative housing,42.6929
Albisrieden,2026,private housing,32.9561
Albisrieden,2027,cooperative housing,41.0189
Albisrieden,2027,private housing,31.6639
Albisrieden,2028,cooperative housing,39.4105
Albisrieden,2028,private housing,30.4223
Albisrieden,2029,cooperative housing,37.8652
Albisrieden,2029,private housing,29.2294
Albisrieden,2030,cooperative housing,36.3805
Albisrieden,2030,private housing,28.0833
Albisrieden,2031,cooperative housing,34.954
Albisrieden,2031,private housing,26.9822
Albisrieden,2032,cooperative housing,33.5834
Albisrieden,2032,private housing,25.9242
Albisrieden,2033,cooperative housing,32.2666
Albisrieden,2033,private housing,24.9077
Albisrieden,2034,cooperative housing,31.0014
Albisrieden,2034,private housing,23.931
Albisrieden,2035,cooperative housing,29.7858
Albisrieden,2035,private housing,22.9927
Albisrieden,2036,cooperative housing,28.6179
Albisrieden,2036,private housing,22.0911
Albisrieden,2037,cooperative housing,27.4958
Albisrieden,2037,private housing,21.2249
Albisrieden,2038,cooperative housing,26.4176
Albisrieden,2038,private housing,20.3927
Albisrieden,2039,cooperative housing,25.3818
Albisrieden,2039,private housing,19.5931
Albisrieden,2040,cooperative housing,24.3866
Albisrieden,2040,private housing,18.8248
Albisrieden,2041,cooperative housing,23.4303
Albisrieden,2041,private housing,18.0867
Albisrieden,2042,cooperative housing,22.5116
Albisrieden,2042,private housing,17.3775
Albisrieden,2043,cooperative housing,21.6289
Albisrieden,2043,private housing,16.6961
Albisrieden,2044,cooperative housing,20.7809
Albisrieden,2044,private housing,16.0415
Albisrieden,2045,cooperative housing,19.966
Albisrieden,2045,private housing,15.4125
Albisrieden,2046,cooperative housing,19.1831
Albisrieden,2046,private housing,14.8081
Albisrieden,2047,cooperative housing,18.431
Albisrieden,2047,private housing,14.2275
Albisrieden,2048,cooperative housing,17.7083
Albisrieden,2048,private housing,13.6696
Albisrieden,2049,cooperative housing,17.0139
Albisrieden,2049,private housing,13.1336
Albisrieden,2050,cooperative housing,16.346800000000002
Albisrieden,2050,private housing,12.6187
Altstetten,2021,cooperative housing,66.6784
Altstetten,2021,private housing,92.45
Altstetten,2022,cooperative housing,64.0639
Altstetten,2022,private housing,88.8249
Altstetten,2023,cooperative housing,61.5519
Altstetten,2023,private housing,85.3421
Altstetten,2024,cooperative housing,59.1384
Altstetten,2024,private housing,81.9958
Altstetten,2025,cooperative housing,56.8196
Altstetten,2025,private housing,78.7807
Altstetten,2026,cooperative housing,54.5917
Altstetten,2026,private housing,75.6916
Altstetten,2027,cooperative housing,52.4511
Altstetten,2027,private housing,72.7237
Altstetten,2028,cooperative housing,50.3945
Altstetten,2028,private housing,69.8722
Altstetten,2029,cooperative housing,48.4185
Altstetten,2029,private housing,67.1324
Altstetten,2030,cooperative housing,46.5199
Altstetten,2030,private housing,64.5001
Altstetten,2031,cooperative housing,44.6959
Altstetten,2031,private housing,61.9711
Altstetten,2032,cooperative housing,42.9433
Altstetten,2032,private housing,59.5411
Altstetten,2033,cooperative housing,41.2595
Altstetten,2033,private housing,57.2065
Altstetten,2034,cooperative housing,39.6417
Altstetten,2034,private housing,54.9634
Altstetten,2035,cooperative housing,38.0873
Altstetten,2035,private housing,52.8083
Altstetten,2036,cooperative housing,36.5939
Altstetten,2036,private housing,50.7376
Altstetten,2037,cooperative housing,35.159
Altstetten,2037,private housing,48.7482
Altstetten,2038,cooperative housing,33.7804
Altstetten,2038,private housing,46.8367
Altstetten,2039,cooperative housing,32.4559
Altstetten,2039,private housing,45.0002
Altstetten,2040,cooperative housing,31.1833
Altstetten,2040,private housing,43.2357
Altstetten,2041,cooperative housing,29.9605
Altstetten,2041,private housing,41.5404
Altstetten,2042,cooperative housing,28.7858
Altstetten,2042,private housing,39.9116
Altstetten,2043,cooperative housing,27.6571
Altstetten,2043,private housing,38.3467
Altstetten,2044,cooperative housing,26.5726
Altstetten,2044,private housing,36.8431
Altstetten,2045,cooperative housing,25.5307
Altstetten,2045,private housing,35.3984
Altstetten,2046,cooperative housing,24.5296
Altstetten,2046,private housing,34.0104
Altstetten,2047,cooperative housing,23.5678
Altstetten,2047,private housing,32.6769
Altstetten,2048,cooperative housing,22.6437
Altstetten,2048,private housing,31.3956
Altstetten,2049,cooperative housing,21.7558
Altstetten,2049,private housing,30.1646
Altstetten,2050,cooperative housing,20.9028
Altstetten,2050,private housing,28.9818
Hoengg,2021,cooperative housing,33.4003
Hoengg,2021,private housing,54.4069
Hoengg,2022,cooperative housing,32.0907
Hoengg,2022,private housing,52.2736
Hoengg,2023,cooperative housing,30.8324
Hoengg,2023,private housing,50.2239
Hoengg,2024,cooperative housing,29.6234
Hoengg,2024,private housing,48.2546
Hoengg,2025,cooperative housing,28.4619
Hoengg,2025,private housing,46.3625
Hoengg,2026,cooperative housing,27.3459
Hoengg,2026,private housing,44.5446
Hoengg,2027,cooperative housing,26.2736
Hoengg,2027,private housing,42.798
Hoengg,2028,cooperative housing,25.2434
Hoengg,2028,private housing,41.1199
Hoengg,2029,cooperative housing,24.2536
Hoengg,2029,private housing,39.5075
Hoengg,2030,cooperative housing,23.3026
Hoengg,2030,private housing,37.9584
Hoengg,2031,cooperative housing,22.3889
Hoengg,2031,private housing,36.4701
Hoengg,2032,cooperative housing,21.511
Hoengg,2032,private housing,35.04
Hoengg,2033,cooperative housing,20.6676
Hoengg,2033,private housing,33.6661
Hoengg,2034,cooperative housing,19.8572
Hoengg,2034,private housing,32.346
Hoengg,2035,cooperative housing,19.0786
Hoengg,2035,private housing,31.0777
Hoengg,2036,cooperative housing,18.3305
Hoengg,2036,private housing,29.8592
Hoengg,2037,cooperative housing,17.6117
Hoengg,2037,private housing,28.6884
Hoengg,2038,cooperative housing,16.9212
Hoengg,2038,private housing,27.5635
Hoengg,2039,cooperative housing,16.2577
Hoengg,2039,private housing,26.4827
Hoengg,2040,cooperative housing,15.6202
Hoengg,2040,private housing,25.4443
Hoengg,2041,cooperative housing,15.0077
Hoengg,2041,private housing,24.4466
Hoengg,2042,cooperative housing,14.4193
Hoengg,2042,private housing,23.488
Hoengg,2043,cooperative housing,13.8539
Hoengg,2043,private housing,22.5671
Hoengg,2044,cooperative housing,13.3107
Hoengg,2044,private housing,21.6822
Hoengg,2045,cooperative housing,12.7887
Hoengg,2045,private housing,20.832
Hoengg,2046,cooperative housing,12.2873
Hoengg,2046,private housing,20.0152
Hoengg,2047,cooperative housing,11.8055
Hoengg,2047,private housing,19.2304
Hoengg,2048,cooperative housing,11.3426
Hoengg,2048,private housing,18.4764
Hoengg,2049,cooperative housing,10.8979
Hoengg,2049,private housing,17.7519
Hoengg,2050,cooperative housing,10.4705
Hoengg,2050,private housing,17.0558
Wipkingen,2021,cooperative housing,19.1406
Wipkingen,2021,private housing,27.0467
Wipkingen,2022,cooperative housing,18.3901
Wipkingen,2022,private housing,25.9861
Wipkingen,2023,cooperative housing,17.669
Wipkingen,2023,private housing,24.9672
Wipkingen,2024,cooperative housing,16.9762
Wipkingen,2024,private housing,23.9882
Wipkingen,2025,cooperative housing,16.3105
Wipkingen,2025,private housing,23.0476
Wipkingen,2026,cooperative housing,15.671
Wipkingen,2026,private housing,22.1439
Wipkingen,2027,cooperative housing,15.0565
Wipkingen,2027,private housing,21.2756
Wipkingen,2028,cooperative housing,14.4661
Wipkingen,2028,private housing,20.4414
Wipkingen,2029,cooperative housing,13.8989
Wipkingen,2029,private housing,19.6399
Wipkingen,2030,cooperative housing,13.3539
Wipkingen,2030,private housing,18.8698
Wipkingen,2031,cooperative housing,12.8303
Wipkingen,2031,private housing,18.1299
Wipkingen,2032,cooperative housing,12.3272
Wipkingen,2032,private housing,17.419
Wipkingen,2033,cooperative housing,11.8439
Wipkingen,2033,private housing,16.736
Wipkingen,2034,cooperative housing,11.3795
Wipkingen,2034,private housing,16.0798
Wipkingen,2035,cooperative housing,10.9333
Wipkingen,2035,private housing,15.4493
Wipkingen,2036,cooperative housing,10.5046
Wipkingen,2036,private housing,14.8435
Wipkingen,2037,cooperative housing,10.0927
Wipkingen,2037,private housing,14.2615
Wipkingen,2038,cooperative housing,9.6969
Wipkingen,2038,private housing,13.7023
Wipkingen,2039,cooperative housing,9.3167
Wipkingen,2039,private housing,13.165
Wipkingen,2040,cooperative housing,8.9514
Wipkingen,2040,private housing,12.6488
Wipkingen,2041,cooperative housing,8.6004
Wipkingen,2041,private housing,12.1528
Wipkingen,2042,cooperative housing,8.2632
Wipkingen,2042,private housing,11.6763
Wipkingen,2043,cooperative housing,7.9392
Wipkingen,2043,private housing,11.2185
Wipkingen,2044,cooperative housing,7.6279
Wipkingen,2044,private housing,10.7786
Wipkingen,2045,cooperative housing,7.3288
Wipkingen,2045,private housing,10.356
Wipkingen,2046,cooperative housing,7.0414
Wipkingen,2046,private housing,9.9499
Wipkingen,2047,cooperative housing,6.7653
Wipkingen,2047,private housing,9.5598
Wipkingen,2048,cooperative housing,6.5001
Wipkingen,2048,private housing,9.1849
Wipkingen,2049,cooperative housing,6.2452
Wipkingen,2049,private housing,8.8248
Wipkingen,2050,cooperative housing,6.0003
Wipkingen,2050,private housing,8.4788
Affoltern,2021,cooperative housing,54.38
Affoltern,2021,private housing,66.7605
Affoltern,2022,cooperative housing,52.2477
Affoltern,2022,private housing,64.1428
Affoltern,2023,cooperative housing,50.1991
Affoltern,2023,private housing,61.6277
Affoltern,2024,cooperative housing,48.2307
Affoltern,2024,private housing,59.2113
Affoltern,2025,cooperative housing,46.3396
Affoltern,2025,private housing,56.8895
Affoltern,2026,cooperative housing,44.5226
Affoltern,2026,private housing,54.6589
Affoltern,2027,cooperative housing,42.7768
Affoltern,2027,private housing,52.5157
Affoltern,2028,cooperative housing,41.0995
Affoltern,2028,private housing,50.4565
Affoltern,2029,cooperative housing,39.488
Affoltern,2029,private housing,48.4781
Affoltern,2030,cooperative housing,37.9396
Affoltern,2030,private housing,46.5772
Affoltern,2031,cooperative housing,36.452
Affoltern,2031,private housing,44.7509
Affoltern,2032,cooperative housing,35.0227
Affoltern,2032,private housing,42.9962
Affoltern,2033,cooperative housing,33.6494
Affoltern,2033,private housing,41.3103
Affoltern,2034,cooperative housing,32.33
Affoltern,2034,private housing,39.6905
Affoltern,2035,cooperative housing,31.0623
Affoltern,2035,private housing,38.1342
Affoltern,2036,cooperative housing,29.8444
Affoltern,2036,private housing,36.6389
Affoltern,2037,cooperative housing,28.6742
Affoltern,2037,private housing,35.2023
Affoltern,2038,cooperative housing,27.5498
Affoltern,2038,private housing,33.822
Affoltern,2039,cooperative housing,26.4696
Affoltern,2039,private housing,32.4958
Affoltern,2040,cooperative housing,25.4317
Affoltern,2040,private housing,31.2216
Affoltern,2041,cooperative housing,24.4345
Affoltern,2041,private housing,29.9974
Affoltern,2042,cooperative housing,23.4764
Affoltern,2042,private housing,28.8212
Affoltern,2043,cooperative housing,22.5559
Affoltern,2043,private housing,27.6911
Affoltern,2044,cooperative housing,21.6715
Affoltern,2044,private housing,26.6053
Affoltern,2045,cooperative housing,20.8217
Affoltern,2045,private housing,25.5621
Affoltern,2046,cooperative housing,20.0053
Affoltern,2046,private housing,24.5598
Affoltern,2047,cooperative housing,19.2209
Affoltern,2047,private housing,23.596800000000002
Affoltern,2048,cooperative housing,18.4672
Affoltern,2048,private housing,22.6716
Affoltern,2049,cooperative housing,17.7431
Affoltern,2049,private housing,21.7826
Affoltern,2050,cooperative housing,17.0474
Affoltern,2050,private housing,20.9285
Oerlikon,2021,cooperative housing,22.7006
Oerlikon,2021,private housing,90.4129
Oerlikon,2022,cooperative housing,21.8105
Oerlikon,2022,private housing,86.8677
Oerlikon,2023,cooperative housing,20.9553
Oerlikon,2023,private housing,83.4616
Oerlikon,2024,cooperative housing,20.1336
Oerlikon,2024,private housing,80.189
Oerlikon,2025,cooperative housing,19.3441
Oerlikon,2025,private housing,77.0448
Oerlikon,2026,cooperative housing,18.5856
Oerlikon,2026,private housing,74.0238
Oerlikon,2027,cooperative housing,17.8569
Oerlikon,2027,private housing,71.1213
Oerlikon,2028,cooperative housing,17.1567
Oerlikon,2028,private housing,68.3326
Oerlikon,2029,cooperative housing,16.484
Oerlikon,2029,private housing,65.6532
Oerlikon,2030,cooperative housing,15.8376
Oerlikon,2030,private housing,63.0789
Oerlikon,2031,cooperative housing,15.2166
Oerlikon,2031,private housing,60.6056
Oerlikon,2032,cooperative housing,14.62
Oerlikon,2032,private housing,58.2292
Oerlikon,2033,cooperative housing,14.0467
Oerlikon,2033,private housing,55.946
Oerlikon,2034,cooperative housing,13.496
Oerlikon,2034,private housing,53.7523
Oerlikon,2035,cooperative housing,12.9668
Oerlikon,2035,private housing,51.6447
Oerlikon,2036,cooperative housing,12.4583
Oerlikon,2036,private housing,49.6196
Oerlikon,2037,cooperative housing,11.9698
Oerlikon,2037,private housing,47.674
Oerlikon,2038,cooperative housing,11.5005
Oerlikon,2038,private housing,45.8047
Oerlikon,2039,cooperative housing,11.0496
Oerlikon,2039,private housing,44.0087
Oerlikon,2040,cooperative housing,10.6163
Oerlikon,2040,private housing,42.2831
Oerlikon,2041,cooperative housing,10.2
Oerlikon,2041,private housing,40.6251
Oerlikon,2042,cooperative housing,9.8001
Oerlikon,2042,private housing,39.0322
Oerlikon,2043,cooperative housing,9.4158
Oerlikon,2043,private housing,37.5017
Oerlikon,2044,cooperative housing,9.0466
Oerlikon,2044,private housing,36.0313
Oerlikon,2045,cooperative housing,8.6919
Oerlikon,2045,private housing,34.6184
Oerlikon,2046,cooperative housing,8.3511
Oerlikon,2046,private housing,33.261
Oerlikon,2047,cooperative housing,8.0236
Oerlikon,2047,private housing,31.9569
Oerlikon,2048,cooperative housing,7.709
Oerlikon,2048,private housing,30.7038
Oerlikon,2049,cooperative housing,7.4067
Oerlikon,2049,private housing,29.4999
Oerlikon,2050,cooperative housing,7.1163
Oerlikon,2050,private housing,28.3432
Seebach,2021,cooperative housing,107.3072
Seebach,2021,private housing,105.5243
Seebach,2022,cooperative housing,103.0996
Seebach,2022,private housing,101.3866
Seebach,2023,cooperative housing,99.0571
Seebach,2023,private housing,97.4112
Seebach,2024,cooperative housing,95.173
Seebach,2024,private housing,93.5917
Seebach,2025,cooperative housing,91.4412
Seebach,2025,private housing,89.9219
Seebach,2026,cooperative housing,87.8557
Seebach,2026,private housing,86.396
Seebach,2027,cooperative housing,84.4109
Seebach,2027,private housing,83.0084
Seebach,2028,cooperative housing,81.1011
Seebach,2028,private housing,79.7536
Seebach,2029,cooperative housing,77.921
Seebach,2029,private housing,76.6264
Seebach,2030,cooperative housing,74.8657
Seebach,2030,private housing,73.6218
Seebach,2031,cooperative housing,71.9302
Seebach,2031,private housing,70.7351
Seebach,2032,cooperative housing,69.1098
Seebach,2032,private housing,67.9615
Seebach,2033,cooperative housing,66.3999
Seebach,2033,private housing,65.2967
Seebach,2034,cooperative housing,63.7963
Seebach,2034,private housing,62.7364
Seebach,2035,cooperative housing,61.2949
Seebach,2035,private housing,60.2764
Seebach,2036,cooperative housing,58.8915
Seebach,2036,private housing,57.913
Seebach,2037,cooperative housing,56.5823
Seebach,2037,private housing,55.6422
Seebach,2038,cooperative housing,54.3637
Seebach,2038,private housing,53.4604
Seebach,2039,cooperative housing,52.232
Seebach,2039,private housing,51.3642
Seebach,2040,cooperative housing,50.184
Seebach,2040,private housing,49.3502
Seebach,2041,cooperative housing,48.2162
Seebach,2041,private housing,47.4151
Seebach,2042,cooperative housing,46.3257
Seebach,2042,private housing,45.556
Seebach,2043,cooperative housing,44.5092
Seebach,2043,private housing,43.7697
Seebach,2044,cooperative housing,42.764
Seebach,2044,private housing,42.0534
Seebach,2045,cooperative housing,41.0872
Seebach,2045,private housing,40.4045
Seebach,2046,cooperative housing,39.4761
Seebach,2046,private housing,38.8202
Seebach,2047,cooperative housing,37.9282
Seebach,2047,private housing,37.2981
Seebach,2048,cooperative housing,36.4411
Seebach,2048,private housing,35.8356
Seebach,2049,cooperative housing,35.0122
Seebach,2049,private housing,34.4304
Seebach,2050,cooperative housing,33.6393
Seebach,2050,private housing,33.0804
Saatlen,2021,cooperative housing,59.7976
Saatlen,2021,private housing,17.6657
Saatlen,2022,cooperative housing,57.4529
Saatlen,2022,private housing,16.973
Saatlen,2023,cooperative housing,55.2001
Saatlen,2023,private housing,16.3075
Saatlen,2024,cooperative housing,53.0357
Saatlen,2024,private housing,15.6681
Saatlen,2025,cooperative housing,50.9562
Saatlen,2025,private housing,15.0537
Saatlen,2026,cooperative housing,48.9581
Saatlen,2026,private housing,14.4635
Saatlen,2027,cooperative housing,47.0385
Saatlen,2027,private housing,13.8963
Saatlen,2028,cooperative housing,45.1941
Saatlen,2028,private housing,13.3515
Saatlen,2029,cooperative housing,43.422
Saatlen,2029,private housing,12.8279
Saatlen,2030,cooperative housing,41.7194
Saatlen,2030,private housing,12.3249
Saatlen,2031,cooperative housing,40.0835
Saatlen,2031,private housing,11.8417
Saatlen,2032,cooperative housing,38.5118
Saatlen,2032,private housing,11.3774
Saatlen,2033,cooperative housing,37.0018
Saatlen,2033,private housing,10.9312
Saatlen,2034,cooperative housing,35.5509
Saatlen,2034,private housing,10.5026
Saatlen,2035,cooperative housing,34.1569
Saatlen,2035,private housing,10.0908
Saatlen,2036,cooperative housing,32.8176
Saatlen,2036,private housing,9.6951
Saatlen,2037,cooperative housing,31.5308
Saatlen,2037,private housing,9.315
Saatlen,2038,cooperative housing,30.2945
Saatlen,2038,private housing,8.9497
Saatlen,2039,cooperative housing,29.1066
Saatlen,2039,private housing,8.5988
Saatlen,2040,cooperative housing,27.9653
Saatlen,2040,private housing,8.2617
Saatlen,2041,cooperative housing,26.8688
Saatlen,2041,private housing,7.9377
Saatlen,2042,cooperative housing,25.8153
Saatlen,2042,private housing,7.6265
Saatlen,2043,cooperative housing,24.803
Saatlen,2043,private housing,7.3274
Saatlen,2044,cooperative housing,23.8305
Saatlen,2044,private housing,7.0401
Saatlen,2045,cooperative housing,22.8961
Saatlen,2045,private housing,6.7641
Saatlen,2046,cooperative housing,21.9983
Saatlen,2046,private housing,6.4989
Saatlen,2047,cooperative housing,21.1357
Saatlen,2047,private housing,6.244
Saatlen,2048,cooperative housing,20.307
Saatlen,2048,private housing,5.9992
Saatlen,2049,cooperative housing,19.5108
Saatlen,2049,private housing,5.764
Saatlen,2050,cooperative housing,18.7457
Saatlen,2050,private housing,5.538
Schwamendingen-Mitte,2021,cooperative housing,36.0517
Schwamendingen-Mitte,2021,private housing,35.8486
Schwamendingen-Mitte,2022,cooperative housing,34.6381
Schwamendingen-Mitte,2022,private housing,34.443
Schwamendingen-Mitte,2023,cooperative housing,33.2799
Schwamendingen-Mitte,2023,private housing,33.0925
Schwamendingen-Mitte,2024,cooperative housing,31.975
Schwamendingen-Mitte,2024,private housing,31.7949
Schwamendingen-Mitte,2025,cooperative housing,30.7212
Schwamendingen-Mitte,2025,private housing,30.5482
Schwamendingen-Mitte,2026,cooperative housing,29.5166
Schwamendingen-Mitte,2026,private housing,29.3504
Schwamendingen-Mitte,2027,cooperative housing,28.3593
Schwamendingen-Mitte,2027,private housing,28.1995
Schwamendingen-Mitte,2028,cooperative housing,27.2473
Schwamendingen-Mitte,2028,private housing,27.0938
Schwamendingen-Mitte,2029,cooperative housing,26.1789
Schwamendingen-Mitte,2029,private housing,26.0314
Schwamendingen-Mitte,2030,cooperative housing,25.1524
Schwamendingen-Mitte,2030,private housing,25.0107
Schwamendingen-Mitte,2031,cooperative housing,24.1662
Schwamendingen-Mitte,2031,private housing,24.0301
Schwamendingen-Mitte,2032,cooperative housing,23.2186
Schwamendingen-Mitte,2032,private housing,23.0878
Schwamendingen-Mitte,2033,cooperative housing,22.3082
Schwamendingen-Mitte,2033,private housing,22.1825
Schwamendingen-Mitte,2034,cooperative housing,21.4335
Schwamendingen-Mitte,2034,private housing,21.3127
Schwamendingen-Mitte,2035,cooperative housing,20.5931
Schwamendingen-Mitte,2035,private housing,20.4771
Schwamendingen-Mitte,2036,cooperative housing,19.7856
Schwamendingen-Mitte,2036,private housing,19.6741
Schwamendingen-Mitte,2037,cooperative housing,19.0098
Schwamendingen-Mitte,2037,private housing,18.9027
Schwamendingen-Mitte,2038,cooperative housing,18.2644
Schwamendingen-Mitte,2038,private housing,18.1615
Schwamendingen-Mitte,2039,cooperative housing,17.5482
Schwamendingen-Mitte,2039,private housing,17.4494
Schwamendingen-Mitte,2040,cooperative housing,16.8602
Schwamendingen-Mitte,2040,private housing,16.7652
Schwamendingen-Mitte,2041,cooperative housing,16.1991
Schwamendingen-Mitte,2041,private housing,16.1078
Schwamendingen-Mitte,2042,cooperative housing,15.5639
Schwamendingen-Mitte,2042,private housing,15.4762
Schwamendingen-Mitte,2043,cooperative housing,14.9536
Schwamendingen-Mitte,2043,private housing,14.8694
Schwamendingen-Mitte,2044,cooperative housing,14.3673
Schwamendingen-Mitte,2044,private housing,14.2864
Schwamendingen-Mitte,2045,cooperative housing,13.8039
Schwamendingen-Mitte,2045,private housing,13.7262
Schwamendingen-Mitte,2046,cooperative housing,13.2627
Schwamendingen-Mitte,2046,private housing,13.188
Schwamendingen-Mitte,2047,cooperative housing,12.7426
Schwamendingen-Mitte,2047,private housing,12.6709
Schwamendingen-Mitte,2048,cooperative housing,12.243
Schwamendingen-Mitte,2048,private housing,12.174
Schwamendingen-Mitte,2049,cooperative housing,11.7629
Schwamendingen-Mitte,2049,private housing,11.6967
Schwamendingen-Mitte,2050,cooperative housing,11.3017
Schwamendingen-Mitte,2050,private housing,11.238
Hirzenbach,2021,cooperative housing,77.732
Hirzenbach,2021,private housing,39.7451
Hirzenbach,2022,cooperative housing,74.684
Hirzenbach,2022,private housing,38.1867
Hirzenbach,2023,cooperative housing,71.7556
Hirzenbach,2023,private housing,36.6894
Hirzenbach,2024,cooperative housing,68.9421
Hirzenbach,2024,private housing,35.2508
Hirzenbach,2025,cooperative housing,66.2388
Hirzenbach,2025,private housing,33.8685
Hirzenbach,2026,cooperative housing,63.6415
Hirzenbach,2026,private housing,32.5405
Hirzenbach,2027,cooperative housing,61.1461
Hirzenbach,2027,private housing,31.2646
Hirzenbach,2028,cooperative housing,58.7486
Hirzenbach,2028,private housing,30.0387
Hirzenbach,2029,cooperative housing,56.445
Hirzenbach,2029,private housing,28.8609
Hirzenbach,2030,cooperative housing,54.2317
Hirzenbach,2030,private housing,27.7292
Hirzenbach,2031,cooperative housing,52.1053
Hirzenbach,2031,private housing,26.6419
Hirzenbach,2032,cooperative housing,50.0622
Hirzenbach,2032,private housing,25.5973
Hirzenbach,2033,cooperative housing,48.0992
Hirzenbach,2033,private housing,24.5936
Hirzenbach,2034,cooperative housing,46.2132
Hirzenbach,2034,private housing,23.6293
Hirzenbach,2035,cooperative housing,44.4012
Hirzenbach,2035,private housing,22.7028
Hirzenbach,2036,cooperative housing,42.6602
Hirzenbach,2036,private housing,21.8126
Hirzenbach,2037,cooperative housing,40.9875
Hirzenbach,2037,private housing,20.9573
Hirzenbach,2038,cooperative housing,39.3803
Hirzenbach,2038,private housing,20.1355
Hirzenbach,2039,cooperative housing,37.8362
Hirzenbach,2039,private housing,19.346
Hirzenbach,2040,cooperative housing,36.3526
Hirzenbach,2040,private housing,18.5875
Hirzenbach,2041,cooperative housing,34.9272
Hirzenbach,2041,private housing,17.8586
Hirzenbach,2042,cooperative housing,33.5577
Hirzenbach,2042,private housing,17.1584
Hirzenbach,2043,cooperative housing,32.2419
Hirzenbach,2043,private housing,16.4856
Hirzenbach,2044,cooperative housing,30.9777
Hirzenbach,2044,private housing,15.8392
Hirzenbach,2045,cooperative housing,29.763
Hirzenbach,2045,private housing,15.2181
Hirzenbach,2046,cooperative housing,28.596
Hirzenbach,2046,private housing,14.6214
Hirzenbach,2047,cooperative housing,27.4747
Hirzenbach,2047,private housing,14.0481
Hirzenbach,2048,cooperative housing,26.3974
Hirzenbach,2048,private housing,13.4973
Hirzenbach,2049,cooperative housing,25.3624
Hirzenbach,2049,private housing,12.968
Hirzenbach,2050,cooperative housing,24.3679
Hirzenbach,2050,private housing,12.4595
